UserName;Embedded_text;Likes;ID
@laurenboebert;"The only solution I’ve ever heard the Left propose for climate change is more taxes  more control and less freedom.

They have one playbook and it fails every single time.
1 683
2 259
11.7K";2259;post_1
@catherine___c;"Climate change doesn’t cause volcanic eruptions.
158
64
762";64;post_2
@KaConfessor;"Vaccinated tennis ball boy collapses in the tennis court due to climate change.
24
118
159";118;post_3
@climate_parent;"North America has experienced an average winter  with temperatures and snowfall totals in line with historical trends.

Do not be fooled.

This phenomenon is known as ""Asymptomatic Climate Change"".
15
50
158";50;post_4
@Thomas_Sp8;"They're gonna do the same with Climate Change when it starts to get really bad.
Quote Tweet
🅹🅴🆈աrecκ ☭
@joeywreck
 · Jan 17
They really want you to fucking live with covid.
4
24
127";24;post_5
@ruggiere_l;"HELLO AMERICA 

Who would have ever thought the World could be taken; by fearing Climate Change  the Common Cold  and the FLU?
1
12
22";12;post_6
@judeswings;"fucking hell this weather makes me really fucking anxious bc climate change is only getting worse and worse and my god we’ll all be dead within a couple of years
2
2
40";2;post_7
@michele_burford;"Great to finally have this important UNESCO/SCOR publication finished outlining techniques and approaches to tackling harmful algal bloom research in the context of climate change. Thanks to all the authors for excellent chapters. https://oceanexpert.org/document/29762
3
22
49";22;post_8
@consigningwoman;"Climate change is one of the world's most pressing problems. #RedCodeForHumanity 

So  it makes no sense when mainstream media publishes an article about #ClimateChange with a paywall. This is profit over people and planet. #MSMFail

Should be FREE front-page news everyday.
4
27
44";27;post_9
@GMcK2012;"Can people start questioning the ""Johnson got the big calls right"" crap? Worst Covid cases in Western Europe  Afghanistan  climate change  corrupt contracts to cronies  Brexit  backhanders. 

#Newsnight
2
6
28";6;post_10
@EZClimateGuy;"I’m raising two kids and  ya know  I guess I just can’t be polite  courteous  and respectful to people like Joe Manchin who are threatening their near-and-long-term futures with his failures to protect U.S. democracy and address climate change.
3
10
47";10;post_11
@GeraldKutney;"Ronald Reagan (1989): ""Because changes in the earth's natural systems can have tremendous economic and social effects  global climate change is becoming a critical concern.""

#ClimateEmergency #ClimateCrisis
GIF
ALT
8
15
58";15;post_12
@true_insights_;"#Geopolitics could have a material impact on #markets this year. 
- #China - #UnitedStates 
- #Russia - #Ukraine 
- #Food prices
- #Climate change and #energy security
7
17";7;post_13
@ActOnClimateVic;"The climate crisis is front page news in South Gippsland. The community is connecting the dots between climate change and coastal erosion. It's time for govts to act! #ClimateImpactsVic #Auspol #SpringSt
23
17";23;post_14
@GrahamY;"There is a systemic problem with academic modellers in most fields  certainly pandemics and climate change. They cannot be trusted  but there is no penalty for the modellers in being so incompetent. In fact they are often rewarded. :/
Quote Tweet
Parnell Palme McGuinness
@parnellpalme
 · Jan 17
Interesting read. https://spectator.co.uk/article/how-did-sage-scenarios-compare-to-reality-an-update?fbclid=IwAR1aS7Bc3yYBfSHSQOOQkQujG8kS7FNLOlAJOAhhSzoIxzmbgeq4geNWr14…
3
4
13";4;post_15
@AmanzWillieONE;"Every day  I wake up to the news of environmental injury with impunity.
With the huge Global Crisis on Climate Change Mitigation options & strategies  one wonders why the gov't of Uganda is adamant in stopping this plight but instead aids it more.
@GretaThunberg
 @Fridays4FutureU
4
19
49";19;post_16
@EricLars7;"I saw my Amish friend Elton today. ""Nice day."" I said. He replied ""Yea too nice for the middle of January."" He explained that he was worried it would warm up too fast and the sap would run early  then freeze and stop. AGAIN. He gets that climate change is a threat. And he's Amish
1
1
13";1;post_17
@ashbetteridge;"... don't be the person that only thinks about the dramatic volcano this week. Just a few months ago islands across the Pacific were facing sea surges due to climate change/coastal erosion. Every year  the region's cyclone season becomes more intense due to climate change.
1
4
18";4;post_18
@neiljmcevoy;"Is this guy real? BBC News - Climate change: Wales has 'duty' due to coal mining history
bbc.co.uk
Climate change: Wales has 'duty' due to coal mining history
A charity director says the country's coal mining history means it has released a lot of carbon.
6
18
39";18;post_19
@Prof_FSultana;"Another thank you! For those teaching courses on climate justice or climate change  here’s my latest piece on Critical Climate Justice that’s again written (hopefully) in accessible ways by bringing theory & praxis together. PDF for anyone interested https://farhanasultana.com/wp-content/uploads/Sultana-Critical-Climate-Justice.pdf…
Quote Tweet
Dr Lisa Schipper
@schipper_lisa
 · Jan 17
Replying to @Prof_FSultana
This one is already on the syllabus Farhana! 
3
15
67";15;post_20
@MAVERIC22440705;"HA HA HA ! - Yes this shows the STUPIDITY of the evil UN's  CLIMATE CHANGE - WACKO'S 
1
6
11";6;post_21
@BigJDubz;"The climate has to want to change
13
65";13;post_22
@dubsndoo;"Toronto Ontario; the city that thought snow ploughs were for Siberia. Welcome to the real world  you climate change snowflakes.
Quote Tweet
CBC Toronto
@CBCToronto
 · Jan 17
BREAKING: Toronto police are temporarily closing the Don Valley Parkway and Gardiner Expressway  two of the city's major arteries  due to the ""extreme weather."" https://cbc.ca/news/canada/toronto/dvp-gardiner-closure-blizzard-1.6317614…
Show this thread
2
5
30";5;post_23
@GerryCallahan;"And there it is. This asshole thinks climate change is a more pressing issue than genocide. Can't wait for social justice frauds Steve Kerr and LeBron James to come to his defense. Any comment  Adam Silver?
Quote Tweet
Rebel News UK
@RebelNews_UK
 · Jan 17
Chamath Palihapitiya argued that there are more pressing issues at hand such as climate change and America’s failing health-care system than the oppression of millions of Muslims in China.

https://rebelne.ws/3IeN6aO
13
12
125";12;post_24
@autisticgardner;"They now say we have to invest in our infrastructure to protect us from climate change.  What happened in investment to reduce climate change. 
3
2
18";2;post_25
@ECOWARRIORSS;"Unless fossil fuels are ended and deforestation and over consumption stopped - the ultimate adaption to climate change is extinction
There Is No Adapting to This
gizmodo.com
There Is No Adapting to Extreme Weather
The U.S. is hemorrhaging money and lives in the face of the climate crisis. No level of adaptation can keep up without cutting emissions.
5
35
73";35;post_26
@propublica;"The truth about the devastating future climate change will bring is that there will be too much grief and suffering to bear. 
(Audio version now available)
propublica.org
The Climate Crisis Is Worse Than You Can Imagine. Here’s What Happens If You Try.
A climate scientist spent years trying to get people to pay attention to the disaster ahead. His wife is exhausted. His older son thinks there’s no future. And nobody but him will use the outdoor...
9
40
65";40;post_27
@hort4cy;"It's great to have 
@ChuckGrassley
 in Oelwein today. A wide range of topics were covered: prescription drugs  packer concentration  ethanol  health care  vaccine mandates  social media  fertilizer imports  BBB  open southern border  climate change  student loans & inflation.
3
1
9";1;post_28
@thecableng;"Ikeazor: NLNG's decision to suspend gas export will address climate change challenges | TheCable https://thecable.ng/ikeazor-nlngs-decision-to-suspend-gas-export-will-address-climate-change-challenges/amp…
1
7
26";7;post_29
@BurggrabenH;"Jeff explaining the #commodity super cycle in most metals & oil/gas - we are at best in first inning. Why? Solving income equality & climate change (green revolution) both take decades.

⁦
@ttmygh
⁩ is the best possible interviewer.
podcasts.apple.com
Smarter Markets: What are SmarterMarkets? Episode 1 | Jeff Currie  Goldman Sachs Global Head of...
Sendung Smarter Markets  Folge What are SmarterMarkets? Episode 1 | Jeff Currie  Goldman Sachs Global Head of Commodities Research – 14. Jan. 2022
4
22
94";22;post_30
@eroston;"Took weeks after seeing #DontLookUp but just remembered reading a metaphor comparing climate change to a meteor in a little-known 2008 jaunt called The Carbon Age.
5
1
26";1;post_31
@palinode;"Now more than ever  I need a time machine to jump back 20 years and tell myself that everyone hates Joss Whedon now. Also climate change  global disease and the corrosion of democracy by racist authoritarians  but mostly the Whedon thing.
1
14";1;post_32
@curiouswavefn;"Wonderfully clear-eyed  balanced and non-alarmist testimony on climate change from Carl Sagan given to Congress in 1985
youtube.com
Carl Sagan testifying before Congress in 1985 on climate change
Original source: https://www.c-span.org/video/?125856-1/greenhouse-effectDECEMBER 10  1985“Witnesses testified on how the greenhouse effect will change the g...
1
4
21";4;post_33
@Entrepreneur;"It's Time for Businesses to Adapt to Climate Change. How Should They Do It?
entrepreneur.com
It's Time for Businesses to Adapt to Climate Change. How Should They Do It?
Business leaders need to understand the entire range of opportunities in climate mitigation and climate adaptation.
4
7
34";7;post_34
@ashbetteridge;"If you are interested in these issues rather than just pot shots at a govt you don't like in Australia  then this is a great opportunity to engage a little more deeply on the Pacific  humanitarian issues  climate change issues  and our broader aid policy...
1
4
18";4;post_35
@AllanMargolin;"The most important thing any of us can do about climate change is use our voices to advocate for change at every level  from our homes and our neighborhoods to our cities and our countries.' 
@KHayhoe
 

https://insideclimatenews.org/news/17012022/martin-luther-king-jr-climate-justice/…
@morganarae
 @ClementsIra
 @Only_Sn0wman
 @Vmbritsch
insideclimatenews.org
Inspired by King’s Words  Experts Say the Fight for Climate Justice Anywhere is a Fight for Climate...
Terms like “environmental racism” or “environmental justice” were not yet part of the national lexicon when the Rev. Martin Luther King Jr. was assassinated at the Lorraine Hotel in Memphis on April...
1
22
55";22;post_36
@UnionizeTesla;"Replying to 
@laurenboebert
I’m not gonna take climate change advice from someone literally owned by Big Oil. No thanks.

Peddle your propaganda elsewhere.
2
1
26";1;post_37
@SarahVogelsong;"Youngkin says ""coastal resiliency is critical"" b/c of Port of Va and military assets in Hampton Roads  pledges to create Coastal Virginia Resiliency Authority ""to battle rising seas."" 

No mention of climate change.
3
3
10";3;post_38
@Rob_roborob;"Replying to 
@laurenboebert
BREAKING: Colorado woman who believes Meteorologists study comets weighs in on climate change";397;post_39
@CLIMATEMAMA;"#Romania pushes to add climate change education in schools: “Our generation has failed to save the climate but at least we can give the next one a chance to fight with the best available tool — which is #education” #climateaction
apnews.com
Romania pushes to add climate change education in schools
BUCHAREST  Romania (AP) — Romania’s president wants to add sections on climate change and environmental issues to the national school curriculum to enable students to learn more about the challenges...
1
5
13";5;post_40
@DroneSeed;"As we honor the legacy of Dr. Martin Luther King Jr.  let's remember his influence on environmental justice  which recognizes the adverse effects of climate change are disproportionately felt by historically underserved communities:
inverse.com
7 overlooked ways Martin Luther King Jr. influenced environmental justice
Dr. King's legacy made the environment a social justice issue. Here are seven ways his influence continues to guide the environmental movement today.
2
14";2;post_41
@planttreaty;"""Why protecting the planet is essential to preventing future #pandemics"" - as featured in 
@CNN
 

https://cnn.it/3qDScY8

#Health #ClimateCrisis #Biodiversity #LifeOnEarth #Environment 
@UNEP
 @UNBiodiversity
 @mremae
 @planttreaty
 @FAO
 @UNFCCC
 @WWF
 @wef
 @WorldBioForum
 @UN
edition.cnn.com
Opinion: Why protecting the planet is essential to preventing future pandemics
Both habitat loss and the wildlife trade increase the likelihood that diseases will make the jump from animals to humans.
1
8
11";8;post_42
@standearth;"3 Lessons From Dr. King’s Letter From A Birmingham Jail For The Climate Crisis: Written from jail  a stirring letter from Dr. Martin Luther King has lessons for the climate change crisis
forbes.com
3 Lessons From Dr. King’s Letter From A Birmingham Jail For The Climate Crisis
Written from jail  a stirring letter in 1963 from Dr. Martin Luther King has lessons for the climate change crisis
6
12";6;post_43
@WilksJeremy;"Via 
@euronews
: What's the real role of volcanoes in climate change?
euronews.com
What's the real role of volcanoes in climate change?
What's the role of volcanoes in climate change? We report from the Spanish island of La Palma and reveal the true influence of the emissions from the Cumbre Vieja volcano on our atmosphere.
4
13";4;post_44
@MrMatthewTodd;"This is peak 
@bbc
 as much as I value the organisation. Don’t Look Up is entirely and unequivocally an allegory about climate change and how the media doesn’t get it. The writer/director have said nothing else for weeks. Here’s the 
@BBCNews
 not getting it
bbc.co.uk
Don't Look Up: What's the plan to deal with asteroids and comets?
Hollywood loves movies about space rocks hitting earth  but how would we deal with the real thing?
13
15
80";15;post_45
@sjoshimd;"This is such a great talk on healthcare and climate change by Dr. Jodi Sherman 

Mandatory watching for everyone  but esp anyone in healthcare and/or concerned about climate change from healthcare!
@GreeningDoc
 

https://youtu.be/Soht4djUyWU via 
@YouTube
youtube.com
Research Day 2020 keynote lecture by Dr. Jodi Sherman
Research Day 2020 keynote lecture by Dr. Jodi Sherman
4
7";4;post_46
@EggersMatt;"Great guest post by 
@Nowooski
 on 
@Noahpinion
's substack on how 
@SierraClub
 @NRDC
 and others have become counter productive on climate change b/c of capture by NIMBYs (and sometimes utilities). I stopped supporting these orgs years ago b/c of this.
noahpinion.substack.com
America’s Top Environmental Groups Have Lost the Plot on Climate Change
A guest post by Wally Nowinski
6
4
31";4;post_47
@RogerPielkeJr;"Here is an old paper of mine critiquing climate geoengineering:

Pielke  Jr.  R. 2010. A Perspective Paper on Climate
Engineering: Including an Analysis of Carbon Capture as
a Response to Climate Change  Copenhagen Consensus Center. https://copenhagenconsensus.com/sites/default/files/pp_climate_engineering_pielke_v.3.0.pdf…
1
4
8";4;post_48
@TerryAudla;"Replying to 
@canyonforest
Climate change is real but that is not what caused this bear to become sickly. It is dying a natural death unrelated to climate change. Careful not to use images for the deniers to use against you.
1
10";554;post_49
@AlexandriaV2005;"I remember learning about the earth's cycles  and how they were being affected by climate change. I remember helping my mom and 
@WeatherProf
 with their presentation on the jet stream  and I got to attend the presentations of everyone in Lisa's class: https://climatesociety.ei.columbia.edu/news/cs-breaks-columbias-new-manhattanville-building-public-climate-presentations… /2
1
4
37";4;post_50
@leongalindo;"""In the end  climate change is not a scientific or technical problem. The scientific community understands how fossil fuels cause climate change  and technology to solve the problem exists. Rather  climate change is a political problem."" - 
@AndrewDressler
Quote Tweet
Andrew Dessler
@AndrewDessler
 · Jan 17
I have something out in the @BulletinAtomic about fossil fuels.  

tl;dr: fossil fuels are terrible  we don't need them  but we're not switching b/c 20th century economists convinced us to let corporations run our economy.

https://thebulletin.org/2022/01/how-greed-and-politics-are-slowing-the-switch-to-renewable-energy/…
Show this thread
1
6
9";6;post_51
@ScottDuncanWX;"142 years of climate change in 15 seconds
GIF
67
2 825
4 353";2825;post_52
@SDonziger;"BREAKING: Exxon and other oil giants are now claiming that suing them over lies about climate change violates their Free Speech rights.

A planet-destroying industry turns the Constitution on its head to protect its profits. https://theguardian.com/environment/2022/jan/18/exxon-texas-courts-critics-climate-crimes…
42
564
1 237";564;post_53
@Climate24877412;"Our voice on climate change will be louder when we act together.
4
28
78";28;post_54
@fabbgrat;"that climate change girl is a movie director?
GIF
ALT
Quote Tweet
Film Updates
@FilmUpdates
 · Jan 18
Greta Gerwig’s ‘BARBIE’ starring Margot Robbie and Ryan Gosling will begin filming next month in London.
7
20
313";20;post_55
@JoernHaese;"The ignorance towards climate change has its roots in a deep conviction that mankind will be able to avoid it somehow! From the moment we learned how to calculate the move of our planets we became arrogant  thinking ALL can be controlled! This arrogance takes us down Doomslane.
Quote Tweet
Matthew Todd
@MrMatthewTodd
 · Jan 18
Why won’t the media tell the public that scientists such as our former Chief Scientist  Sir David King  acknowledges billions may die because of climate change within our kids lifetimes. Here at 3.10 http://youtu.be/-bDZEvSPvxA NASAs James Hansen warns ‘equivalent to an asteroid hit’
1
10
24";10;post_56
@colorado_reed;"Next AI + Climate Change reading group will be Tues Jan 25th at 5pm PST. We'll hear from Salva Rühling Cachay on ""ClimART: A Benchmark Dataset for Emulating Atmospheric Radiative Transfer in Weather and Climate Models"" 
1
9
39";9;post_57
@ScottwbMcAulay;"Sometimes  I wonder if more people would rush to get behind the National Retrofit Strategies we need to tackle climate change+fuel poverty  if they knew how energy inefficient their home (likely designed to last 60 years tops) is+just how rare routine maintenance of buildings is?
1
6
31";6;post_58
@mjonesssssss;"I hate how big corporations have brainwashed society that it's the individual's job to fix climate change. We should be policing the big guys fucking up the planet with all their polution #ClimateCrisis
1
6
16";6;post_59
@michaelqtodd;"Novak Djokovic is not being ""singled out"".
Beating Covid is a team thing.
If you do not want to be on the jab team you will not be forced to. Just heavily restricted when you do not.
Is how we beat Polio and now Climate Change.
Polluting businesses are being taxed and shunned.
2
7
45";7;post_60
@WelfareStateFan;"Guy who wants government services but also tax cuts  and wants to fight climate change but also to drive everywhere and have ample parking when he gets there  and wants politicians to cater to his issues but doesn't want to vote
2
4
43";4;post_61
@alexiscxcilia;"also for a party that is so concerned about the environment and climate change  it doesn’t make sense that y’all want us to wear disposable masks. y’all want those to fill up our landfills????
1
3
11";3;post_62
@The_One_Lopez;"Why give people money and healthcare and social services and address climate change and housing when you can just fleece some dopey VCs on “synthetic wombs  etc” lmao
Quote Tweet
Sahil
@shl
 · Jan 18
Replying to @elonmusk
We should be investing in technology that makes having kids much faster/easier/cheaper/more accessible

Synthetic wombs  etc
1
9
37";9;post_63
@NERPS_hiroshima;"NERPS Hiroshima University invites you for the 14th NERPS Webinar (27 January 2022 at 10.00-11.00 AM JST) featuring Dr. Yvette Baninla. She'll discuss the current situation of African climate change research. It will be a hybrid event. Register here https://buff.ly/3qxYPeF
2
11";2;post_64
@SenatorBennet;"In the months and years ahead  climate change is only going to keep fueling natural disasters in Colorado like the #MarshallFire.

For the sake of our health  economy  and communities in the West  Congress must act. It has never been more urgent.
thehill.com
The most destructive fire in Colorado history: What I’ve been working my whole career to prevent
We cannot tackle this alone. Federal leadership on climate change is required to help accelerate climate solutions.  
19
42
136";42;post_65
@LEANAustralia;"UK Climate Change Risk Assessment (by Conservative government) required under Climate Change Act highlights massive economic costs of climate inaction  massive economic benefits of climate action
Meanwhile Scott Morrison won't even let a Climate Change Act here be debated ...
Quote Tweet
Conservative Environment Network
@CEN_HQ
 · Jan 18
The government has found that stalling on climate could cost the taxpayer £20 billion every year by 2050  whereas investment in adaptation reaps £10 for every £1 spent 
https://thetimes.co.uk/article/climate-change-to-cost-uk-economy-up-to-20bn-a-year-by-2050-mhjcnw7pv…
2
8
6";8;post_66
@waltermasterson;"Please sign and share this to help fight Climate Change.
https://bit.ly/3GxoJol
1
23
117";23;post_67
@artnet;"Art institutions aren't doing enough to lead on climate change. Here's how the industry should rethink its responsibility: https://bit.ly/3qDoti7
5
6
13";6;post_68
@erumors;"Before energy companies got into the business of spreading weaponized disinformation denying and obscuring climate change and its causes  they recognized it as an existential threat:
truthorfiction.com
Did Shell Release a Short Film About the Dangers of Global Warming?
The video
1
8
10";8;post_69
@HannahAskew;"Indigenous communities at higher risk of climate change-induced flooding  study shows https://ctvnews.ca/climate-and-environment/indigenous-communities-at-higher-risk-of-climate-change-induced-flooding-study-shows-1.5730269… via 
@CTVNews
ctvnews.ca
Indigenous communities at higher risk of climate change-induced flooding  study shows
A recent study has found that Indigenous communities are at a higher risk of climate change-induced flooding because of the pre-existing socioeconomic hardships they face  such as the legacy of...
1
18
16";18;post_70
@GreekCurrent;" Is the US decision to shift its focus from the #EastMed gas pipeline to regional electricity interconnectors an opportunity for #Greece to reframe the dialogue around energy and climate change in the region? 
@ntsafos
 makes the case on our podcast: https://thegreekcurrent.simplecast.com/episodes/beyond-the-eastmed-pipeline-an-opportunity-for-greece…
2
12
18";12;post_71
@GAGeogger;"This is excellent. It’s also worth a listen to Professor Jamie Woodward talking about both micro plastics and climate change on GeogPod https://geogpod.podbean.com/e/episode-38-jamie-woodward/…
Quote Tweet
Environmental Audit Committee
@CommonsEAC
 · Jan 18
What causes the high concentrations of microplastics found in riverbeds? Professor Jamie Woodward explains below 

 Our Water Quality in Rivers report is out now  read it at https://bit.ly/3fkCOJQ 

#EACRivers #SaveOurRivers #CleanItUp #RiverPollution
5
11";5;post_72
@bmcushing;"""policy will come along"" to address climate change  the CEO of Exxon says  as if his company and peers haven't spent decades fighting at every turn to make sure that type of policy is as weak and delayed as possible
Quote Tweet
Squawk Box
@SquawkCNBC
 · Jan 18
""As you go through 2050  if society is going to achieve this ambition of net zero  policy will come along  market incentive will come along  advances in technology will come along  and that will help drive the cost of those outer-years down "" says @exxonmobil CEO Darren Woods.
1
11";1;post_73
@ianjmclachlan;"Brilliant talk this evening by Professor Myles Allen for 
@OxClimateSoc
's School of Climate Change about the science behind climate change. His conclusion: We must make the extractors and vendors of fossil fuels responsible for disposing of the waste their products generate.
1
3";1;post_74
@DaveyDogs;"Replying to 
@btckr
Climate change  integrity (fed gov't & int'l)  housing affordability & equity  and a vision for the future wouldn't go astray.
1
4
21";4;post_75
@axios;"81% of U.S. Latinos consider addressing global climate change a priority vs. 67% of non-Hispanics  a Pew poll finds. Now  a virtual summit is highlighting environmental activism among Latinos.
axios.com
Climate change hits home for Latinos
Climate change and pollution have outsized impacts on communities of color in the U.S.
2
9
25";9;post_76
@COOPartnerships;"King County is looking for members of frontline communities most affected by climate change to join the Re+ Community Panel  a program that’s dedicated to addressing climate change through preventing and reducing waste. Applications due on Friday  Jan 21.
https://kingcounty.gov/re-plus
4
5";4;post_77
@cdnbiz;"Canadian companies know that to talk about periods is to talk about climate change and income inequality and trans rights—and it seems that everyone else is meeting them in their moment.
canadianbusiness.com
How Canada Became a Period Product Hotspot
The country has become a hub for sustainable menstrual products including period underwear  cups and reusable tampon applicators.
1
6
9";6;post_78
@cvjonardi;"Replying to 
@NMBewitched
 @DeborahFerrari
 and 13 others
It isn't green.  This administration is a terrible disappointment to me .  Yes stop talking about climate change and basically stand by while wildlife are eradicated.
1
9
12";9;post_79
@dalebeugin;"Honoured to speak with New Brunswick Committee on Climate Change and Environmental Stewardship today on building resilience  reducing GHG emissions  and driving long-term competitiveness https://cbc.ca/news/canada/new-brunswick/nb-climate-change-policies-not-tough-enough-1.6319251…
Quote Tweet
Louise Comeau
@louise27comeau
 · Jan 18
Some @poitrasCBC coverage of today's legislative hearings including from @cc_nb and @ClimateChoices  @dalebeugin
1
12";1;post_80
@WorldResources;"Climate change is water change. Find out how data centers like 
@Cyrusone
 are using 
@WRIAqueduct
's Water Risk Atlas to adjust how their facilities use water in areas facing high #WaterStress like Carrollton  Texas: http://ow.ly/Kfb750HxhFf
4
19";4;post_81
@ChristineArena;"“Any suggestion that we engaged in disinformation to mislead the public on climate change is simply wrong.” (10/2021)

“But if we did lie  then it’s free speech.” 
(1/2022)
theguardian.com
How Exxon is using an unusual law to intimidate critics over its climate denial
America’s largest oil firm claims its history of publicly denying the climate crisis is protected by the first amendment
1
1
14";1;post_82
@USDA_NIFA;"In 2021  
@USDA_NIFA
 worked to address climate change via climate-smart agriculture and forestry. 

USDA-NIFA and other agencies and organizations have partnered with 
@NSF
 to pursue transformational advances in a range of economic sectors and science and engineering fields.
ALT
1
6
9";6;post_83
@amazonwatch;"""Larry Fink apparently wants to be above the political fray  but by playing nice with those profiting off of the causes of climate change  he’s making the political choice to reject climate science"" - 
@moira_kb
Quote Tweet
CNBC
@CNBC
 · Jan 18
Climate activists criticize BlackRock CEO's support for slow transition off oil and natural gas https://cnb.cx/33oUa6f
4
14";4;post_84
@ClintOfChicago;"Replying to 
@mariavhawkins
 and 
@jkfecke
Because half the country would just throw them in the trash  filling the landfills with plastic bits. People scream about climate change but want to waste a million tons of plastic made out of fossil fuels by tossing a billion unused covid tests in the trash.
8
2
30";2;post_85
@greenfaithworld;"As the climate crisis accelerates  the CEO of 
@BlackRock
 — the world's largest asset manager and one of the word's biggest investors in fossil fuels — is taking a morally vapid position on climate change.
Quote Tweet
Asset Manager Wake Up Call
@AM_WakeUpCall
 · Jan 18
Larry Fink's 2022 letter to CEOs is out now. Unfortunately  he's not acting as a bold climate leader in this letter; he's playing all sides. And rapid climate breakdown doesn't leave a grace period for the Finks of the world to appease climate laggards. https://blackrocksbigproblem.com/blackrocks-2022-letter-to-ceos-trying-to-please-all-sides-fink-stalls-on-climate/…
Show this thread
1
5
8";5;post_86
@ForeignPolicy;"Unlike other environmental problems  the effects of climate change are not immediate  which makes it even harder to form a democratic consensus.
foreignpolicy.com
What if Democracy and Climate Mitigation Are Incompatible?
Elected officials work through compromise  but a warming planet waits for no one.
1
2
12";2;post_87
@biblioracle;"The concept of living through a ""discontinuity"" which is applied to actions surrounding climate change  is applicable to schooling as well. In many cases  schools were not well-serving students prior to the pandemic. The pandemic has exacerbated existing problems.
1
1
13";1;post_88
@GrumpySteen;"Replying to 
@EvilSteveUrkel
If you watched something other than Fox news  you'd know she was still trying to get people to take climate change seriously.
But  of course  you don't.  You're in your little bubble where the only time she's mentioned is to make fun of her.
washingtonpost.com
Greta Thunberg on the state of the climate movement and the roots of her power as an activist
The Swedish activist discusses being catapulted to the world stage  and how Asperger’s has helped her stay so focused.
2
1
47";1;post_89
@MarioDB;"Border security is national security  and it has worsened each month of Biden’s presidency. Instead of addressing his self-inflicted border crisis  the Biden Administration and 
@DHSgov
 have now launched the “Climate Change Professionals Program.”
foxnews.com
Homeland Security launches 'climate change professionals program' amid historic illegal border...
Rep. Ashley Hinson accused the Biden administration of ""living in an alternate reality.""
10
6
7";6;post_90
@TexasTribune;"3/3 Persistently higher temperatures tend to enhance drought conditions.

Climate change has led to an increase in the daily minimum and maximum temperatures in Texas  according to a 2021 report by the state climatologist.
texastribune.org
Climate change is making Texas hotter  threatening public health  wat…
A report from the state climatologist finds that the state is experiencing hotter days with less relief from high temperatures at night.
5
4
11";4;post_91
@MindShiftKQED;"""When hope falters  the only options left are courage or collapse.""

A teenager writes how to maintain hope and courage in the fight against climate change. 
@GreaterGoodSC
greatergood.berkeley.edu
Can We Be Hopeful and Courageous in the Face of Climate Change?
A teenager draws on the work of Martin Luther King Jr. for inspiration in the fight against climate change.
5
9";5;post_92
@UlsterExec;".
@GovKathyHochul
 Executive Budget will make historic investments in critical areas that will be highly impactful for Ulster County — bolstering our infrastructure  confronting climate change  and providing record support for our children’s education; 1/2
governor.ny.gov
FY 2023 New York State Budget
1
3
7";3;post_93
@badler;"""We see these bigger swings in the jet stream linked to climate change  and when they happen we always get unusual weather conditions "" 
@JFrancisClimate
yahoo.com
Southern snowstorm likely worsened by climate change  scientists say
The snowstorm that battered the South this weekend  leaving thousands without power  was likely exacerbated by climate change  according to leading climate scientists.
4
2";4;post_94
@PeterDClack;"The Intergovernmental Panel on Climate Change is not a science body. It is political  set up to force the west to accept that its toxic emissions of carbon dioxide will destroy world climate. All this will take place decades in the future  the biggest propaganda scam in history.
37
263
658";263;post_95
@OhNoSheTwitnt;"If Jews actually controlled the world then climate change wouldn’t be an issue because we would always keep the planet at about 72 degrees but bring a sweater in case it gets chilly later.
44
228
4 166";228;post_96
@MyFirstCousin;"I can see it now  Morrison blurting  "" If only we'd known about climate change"".
22
75";22;post_97
@annekempel;"You study biology  and are looking for a cool master project in the Alps this summer? You like hiking and are interested in climate change effects on biotic interactions? I offer 2 projects to resurvey historical data on ant hills and marmot burrows. DM me! 
@SLF_MountEcosys
5
144
248";144;post_98
@AnthonyAdragna;".
@jontester
 to the Hill pool: ""I just came off the worst year ever on my farm. We need to do something on climate change. I think we spent $144 billion this year on disasters and I don't think that included crop insurance. So we need to do something on climate too.""
15
257
1 093";257;post_99
@TeoDiezYsiete;"From Covid --> Climate Change
GIF
ALT
1
4
15";4;post_100
@JamesClimateGuy;"Roaches are designed for survival; compared to them we are barely hanging on. So  unless climate change is reversed  we may be heading toward a planet where cockroaches are the dominant species 
 Who are the roaches?

#wtpBLUE #wtpEARTH
popsci.com
If People Were Cockroaches  Adapting to Climate Change Would Be Easy
The cockroach is among the most adaptable animals on the planet. Will it weather climate change unfazed?
5
46
52";46;post_101
@GuerrerosMexica;"Several countries are removing health restrictions  but DON ' T RELAX and believe that everything is over.  It is not like that  that scum will continue with their DICTATORSHIP plans  they will tell us about the supposed Climate Change or the arrival of aliens that will be just
1
4
21";4;post_102
@DutchPirateGirl;"So narrative is crumbling 
Restrictions are getting lifted 
I’m glad but I don’t think this is over by a long shot 
The rest of world still full on in many places 
I do believe Lockstep is a thing 
So what’s next 
New variant? 
Climate change? 
Or are we winning ? 
Whatcha think?
5
4
8";4;post_103
@woodhouseb;"I'll tell you what Republicans aren't for:
Lowering Rx Drug Prices
Lowering Health Care Premiums
Loweing Child Care Costs
Curbing Climate Change
Voting Rights
Admitting Biden won the election
Winning a fair fight
Science
Lowering energy prices
Democracy
Moving on from Trump
3
24
40";24;post_104
@AnimalsAus;"Here's how to help combat climate change for animals. 
animalsaustralia.org
5 reasons to combat climate change — for the animals | Animals Australia
We know the causes of global warming  and we must act to stop animals suffering from climate change.
1
22
29";22;post_105
@dooleymdseattle;"Choosing to call recurrent serious floods and mudslides  ""drama"" instead of a predictable outcome of climate change puts 
@seattletimes
 solidly in the ""Don't Look Up"" category of reporting.
7
16";7;post_106
@energyisle;"It is really worth reading Bill Gates book on tackling #climate change. It’s pragmatic and sums up the challenges ahead of us. He says it like it is and that it’s a challenge but with businesses and Govts aligned plus technology innovation he believes we can turn it around. 
Quote Tweet
Special Presidential Envoy John Kerry
@ClimateEnvoy
 · Jan 19
I couldn’t agree more  @BillGates. Great discussion today on how business and governments must work together to tackle the climate crisis. twitter.com/wef/status/148…
2
7";2;post_107
@media_climate;"*update* our 2021 review of media coverage of climate change or global warming is still coming soon!

events here (#MarshallFire & #COVID19) have impacted our team but it remains in production

meanwhile  stay tuned & utilize open source datasets & figures https://sciencepolicy.colorado.edu/icecaps/research/media_coverage/index.html…
1
13
18";13;post_108
@ARspycatcher;"Mark Kennedy and other #spycops aren't solely to blame for decline in the radical anti-climate change movement. Overt repression such as the 2009 Climate Camp in City of London was crucial too  as was the move to anti-austerity politics following the Tory/LibDem victory in 2010.
Quote Tweet
Tom Fowler
@tombfowler
 · Jan 19
""How a Married Undercover Cop Having Sex With Activists Killed a Climate Movement"" #spycops covered by @VICENews  
https://vice.com/en/article/epxbpj/kate-wilson-mark-kennedy-undercover-cop-sex-with-activists…
2
6
14";6;post_109
@DonaldJFunk;"We should never have left the Paris Climate Change Agreement! That decision by the previous president was ludicrous!
Quote Tweet
President Biden
@POTUS
United States government official
 · Jan 19
Climate change is a code red for our nation. That’s why over my first year we rejoined the Paris Agreement  rallied the world to tackle climate change  doubled electric vehicle sales  deployed more wind and solar than ever before  advanced environmental justice  and more.
5
19";5;post_110
@Richzeoli;"Biden is blaming possible Russian incursion into Ukraine on a tundra that won't freeze again. Blame Climate Change!
7
7
61";7;post_111
@AaronHM;"I feel like ""government inaction"" when it comes to climate change is inaccurate. It's not like they're innocent bystanders watching a murder  they're supplying the murderer with weapons and targets.
1
2
12";2;post_112
@Stephen14748328;"Replying to 
@MikeCarlton01
Let's lower the voting age to 16! We might finally get some action on Climate change.
1
6
77";6;post_113
@evilvillain1231;"Thank you for choosing Jimmy John's  my name is Cheyenne  unfortunately due to the recent ban on all meat production and sale by the JDPON Climate Change Council (North Amerikan Division)  the only sandwich item available is our #6  The Veggie. We apologize for the inconvenience.
3
2
38";2;post_114
@SomEnviroForum;"Tonight's debate on titled "" Nexus between deforestation  drought and Climate Change has been ended.

@SomaliEnvironm5 would like to thank 
@abdirizakatosh
   
@gabowduale
   
@KhalifDalmar
   
@JawaahirDaahir
 & 
@Awaliabukar
 who were part of tonight's debate also we thank 
@hodansomali
1
9
23";9;post_115
@whatsamata8;"Replying to 
@wessyMK
The rest of plan hasn’t gone anywhere. There will still be a financial crash  CBDc launch and a massive climate change rip off exercise. The missing part for now is the digital ID. It’ll be back in a different guise so they can roll out the social contract. Trust nothing
6
9
73";9;post_116
@redhotembers;"They say the youth of today aren’t having kids because they are worried about climate change  thank God for that I say  we don’t need another generation of brainwashed halfwits
3
1
15";1;post_117
@TransForm_Alert;"Transportation = 40% of GHG emissions. Public transit is central to fighting climate change  and building equitable communities. 

#CAblueprint #CABudget #CALeg 
@GavinNewsom
Quote Tweet
ClimatePlan
@climateplan
 · Jan 19
How can this #CAbudget do more to advance climate  health and equity goals for our state? @CarterRubin @ActiveSGV @TransForm_Alert @nailahph @NextGen_Policy @NPHANC @Western_Center @Greenlining @GavinNewsom #CAleg
3
7";3;post_118
@NRDC;"We cannot confront the greatest challenges facing our planet and our communities — chief among them  climate change — without a functioning democracy. 

Congress must pass the Freedom To Vote: John R Lewis Act.
Quote Tweet
NRDC Action Fund
@NRDC_Action
 · Jan 19
To make progress on the issues that impact communities the most  from climate change to environmental injustices  we must protect the right to vote.

It's up to Congress to get it done. https://on.nrdc.org/3Iiqczj
7
21";7;post_119
@kbeninato;"""What are they doing to ameliorate the climate change we're facing  other than to deny that it exists? What do you think the Republican platform would be right now?""

Biden on the party that's focused on fund-raising trolling  and that's about it.
#BidenPressConference
2
1
4";1;post_120
@MyRadarWX;"Meteorologist 
@MatthewCappucci
 visited Boulder County  Colorado to explore how human-induced climate change helped foster a devastating disaster. He spoke with residents who lost everything  and learned what firefighters did to save thousands of lives.

https://youtu.be/QoZ2_UG_Zd0
GIF
3
5
24";5;post_121
@RedState;"Watch: CBS Host Blames Weekend Undersea Volcanic Eruption on 'Climate Change'
redstate.com
Watch: CBS Host Blames Weekend Undersea Volcanic Eruption on 'Climate Change'
Should we tell him?
4
5
16";5;post_122
@Sha_niitaaa;"Reason 735920 why I'm very concerned about climate change and the rise of new deadly viruses
Quote Tweet
Archaeo - Histories
@archeohistories
 · Jan 17
Researchers in Siberia found a perfectly-preserved 42 000-year-old baby horse buried under the permafrost. It was in such good condition that its blood was still in a liquid state  allowing scientists to extract it.

#archaeohistories
2
9";2;post_123
@machenprimary;"Our 
@ADogsTrail
 Snoopy sculpture is finally complete! The children have worked incredibly hard decorating  designing and learning all about the world we live in  including the impacts of climate change.   
@DogsTrust
 #COP26Glasgow 
@EAS_ExpressArts
 @EAS_STEM
7
39";7;post_124
@BuildingBack_US;"Climate change is costly.

Last year in the U.S.  climate disasters resulted in $145 billion worth of damage and took 688 lives.

With the #BuildBackBetter Act we can cut dangerous greenhouse gases in half by 2030. The Senate must act.
thehill.com
Rising costs of climate crisis must compel Congress to act
We’re burying our children alive beneath a mountain of environmental debt from which they may never recover.
1
4
6";4;post_125
@joshuahersh;"Tonight’s episode is a special hour-long look at how extreme weather and climate change are forcing just about everyone to think differently about how we live. Tune in!
Quote Tweet
VICE News
@VICENews
 · Jan 19
One recent wildfire destroyed more than 1 000 homes in suburban Boulder County  Colorado. We talk with people rethinking how we should live as wildfire season expands.

#VICENewsTonight  11pm ET on @VICETV.
1
10";1;post_126
@HarmSaeijs;"Replying to 
@UNFCCC
 @SaleemulHuq
 and 
@topnigel
""Holding the increase in the global average temperature to well below 2°C and pursuing efforts to limit the temperature increase to 1.5°C above pre-industrial levels  recognizing that this would significantly reduce the risks and impacts of climate change""
https://unfccc.int/process-and-meetings/the-paris-agreement/the-paris-agreement…
4
6";4;post_127
@jswatz;"Slippery slope  from prohibiting mandates to a ban on urging. What’s next? Sanctions for saying that vaccines won’t kill you? Will it be like the old Florida restriction on even mentioning climate change? This is actual cancel culture.
Quote Tweet
The New York Times
@nytimes
 · Jan 19
Florida’s top public health official in Orlando  Dr. Raul Pino  was placed on administrative leave after sending an email to his employees urging vaccination against the coronavirus. State law bans Covid vaccine mandates  including for government workers. https://nyti.ms/33vRpzX
1
4
8";4;post_128
@BW;"The next big risk to supply chains recovering from the pandemic: climate change
bloomberg.com
Covid-19 Hit Supply Chains Hard. Climate Shocks May Hurt More
Companies aren’t doing enough to map out risks from freak weather  say experts.
4
9
16";9;post_129
@insideclimate;"A task force appointed by by Florida Gov. Ron DeSantis to address the state’s algal bloom crisis has put out its latest report. It’s conclusion: Florida’s red tides are set to get worse because of climate change and population growth.
insideclimatenews.org
Florida’s Red Tides Are Getting Worse and May Be Hard to Control Because of Climate Change - Inside...
A task force appointed by Florida Gov. Ron DeSantis to address the state’s algal bloom crisis concluded in a recent report that “without hard work and careful planning” adverse human health impacts...
6
8";6;post_130
@SecRaimondo;"Fighting climate change isn’t just good for the environment; it’s good for the economy.  

Under 
@POTUS
's leadership  we continue to coordinate with our federal & business partners in supporting clean energy and creating good-paying jobs along the way.
commerce.gov
New Commerce Initiatives for a Climate Ready Nation
Here at the Department of Commerce  we know that fighting climate change isn’t just good for the environment; it’s good for the economy. Under the Biden-Harris Administration  the Commerce Department...
3
9
33";9;post_131
@MrMatthewTodd;"Much of the right really is a mentally deranged anti science death cult. From covid to climate change  they dismiss facts that don't suit their ideology and plough through without care of consequences   enabled by their brainwashing press
youtube.com
DOUBT
Join us and stand up for reality. http://climaterealityproject.org - This film exposes the parallels between Big Tobacco's denial of smoking's cancer-causing...
1
9";;post_132
@ciesin;"3-part 
@NASA_ARSET
 Webinar series 1-27  2-3+2-10: Use the Earth Observations Toolkit to monitor/address hazards from climate change impacts. #2:
@tuholske
 +JRC's Thomas Kemper on gridded data for 
@SDGoals
 11.1.1+11.5.1 https://go.nasa.gov/3DvM2g3 Spanish: 
https://go.nasa.gov/3pDqtVV
4
12";4;post_133
@Think100Climate;".
@RevYearwood
's op-ed with 
@byshondaland
 also takes a deeper dive into the disproportionate effects of climate change on the Black community:
shondaland.com
Climate Justice is Racial Justice  Racial Justice is Climate Justice
In this op-ed  Rev. Lennox Yearwood Jr. of Hip Hop Caucus explores and explains why the destruction of our planet means greater harm to Black and marginalized communities.
1
3
7";3;post_134
@SenatorCarper;"These investments are critical to building a stronger economy in the First State that is more resilient to threats like climate change. That’s why 
@ChrisCoons
  
@RepLBR
  and I fought for historic 
@USACE
 funding in the Bipartisan Infrastructure Law.
carper.senate.gov
Carper  Coons  Blunt Rochester Announce Historic Investment in Delaware’s Water Infrastructure
U.S. Army Corps of Engineers to Invest Over $51 Million in Strengthening the First State’s Ports and Waterways with Funds from the Bipartisan Infrastructure Law
1
3
18";3;post_135
@PeterDClack;"Earth is a carbon-based & green-blue water world. The air & all life is through the miracle of photosynthesis. Carbon dioxide turns light energy into glucose & oxygen. It is one molecule in 2 500 yet all life ends without it. CO2 cannot change the earth's climate. That is a hoax.
49
494
1 256";494;post_136
@RepKatiePorter;"Taxpayers subsidize oil and gas drilling to the tune of $660 billion per year. Meanwhile  weather-related disasters intensified by climate change cost us billions each year to clean up.

It doesn't seem like propping up polluters is the wisest use of taxpayer dollars to me 
489
5 833
17.9K";5833;post_137
@doctora_nature;"Wow  I can’t believe that #FreshBananaLeaves is #1 in climatology/climate science. Indigenous peoples continue to face climate impacts  yet our voices  knowledges  or lived experiences aren’t included in the climate change discourse. Thank you all for the support 
30
310
1 761";310;post_138
@marietcasey;"We still need to vaccinate the world.

Still.

#TRIPSwaiver 

Having the political leadership to do this would reassure me greatly about our ability to tackle climate change.
11
71
387";71;post_139
@KeillerDon;"Australian high temperature records.
Spot the obvious influence of climate change.
6
15
40";15;post_140
@fortworthchris;"Larry Finks 180 on oil and gas tells the true story of “ESG” and “climate change”.

Like magic  it’s ok again!
5
4
122";4;post_141
@jasonbaum;"Historically  the GOP never does the right thing. 

Our worst scandals  McCarthy  Nixon  & Trump define the Right. They ignore health threats like Climate Change  Gun Rights & COVID. They fight against voting  civil & reproductive rights. The GOP is anti-American. #GOPDeathCult
7
30
93";30;post_142
@tomtom4891;"Replying to 
@WonderKing82
If you want to stick it to both of them  elect 3 or more Senators in 2022…then pass a filibuster cut  then voting rights  robust climate change policies  middle class favoring tax cut policies  drug prescription  healthcare & debt relief policies without them.
GIF
4
20
59";20;post_143
@IanMarshall_;"Good constructive discussion ⁦
@UFUHQ
⁩ on future Agricultural Policy in Omagh. Focusing on resilience  sustainability  environment  profitability  climate change  investment  knowledge transfer  and the next generation.⁦
@uuponline
⁩ ⁦
@ChairFODC
⁩
2
7
24";7;post_144
@RoadknightThe;"""The reef is thought to be one of the largest found at such depths and seems untouched by climate change or human activities.""

The ABC employee who wrote this has been sacked.
abc.net.au
Rare  pristine coral reef found at unusual depth off Tahiti coast
Scientists discover a coral reef at a greater depth than most and seemingly untouched by climate change or human activities.
10
28
74";28;post_145
@DeborahMeaden;"Thank you… It always catches me out when people tell me they are fed up with Climate change… we don’t have a choice.. we HAVE to consider it throughout all our decisions.
Quote Tweet
John Spiers
@squeezyjohn
 · Jan 20
Replying to @Paulgriff41 and @DeborahMeaden
Yeah man ... let's all make money in a way that will ultimately render our planet and its resources useless ... that's what sustainable means right?  Deborah is the best kind of businessperson ... one that thinks long term ... properly long term.
10
30
321";30;post_146
@IUCNPenguin;"The global population of African penguins is ~25 000 pairs - a decrease from >1.5 million pairs 100 years ago. This fast decline is primarily caused by less prey availability due to climate change & fisheries competition.

#PenguinAwarenessDay
Pic IUCN PSG
6
14";6;post_147
@PeteMilne4;"Great to know Perth has a Lord Mayor that cheers on climate change that will be a disaster for this hot dry city.
3
5
15";5;post_148
@jcu;"A new study suggests sharks will need to adapt  move or die as climate change could soon render their nurseries uninhabitable.
https://bit.ly/33GM2Oi
1
37
74";37;post_149
@drvolts;"Doomsday clock at 100 seconds to midnight  thanks to ""negative trends in nuclear & biological weapons  climate change  & a variety of disruptive technologies—all exacerbated by a corrupted information ecosphere that undermines rational decision making.""
thebulletin.org
Current Time - 2022 - Bulletin of the Atomic Scientists
It is 100 seconds to midnight.
4
17
41";17;post_150
@TheAstroNick;"Have we let climate change go too far??

(We have)
8
72";;post_151
@drvolts;"Exxon knowingly lied to & misled the public about climate change for decades. It's being sued for it. Now it says those lawsuits violate the company's 1st amendment free speech rights. (The term ""cancel culture mob"" is not used in the filing  buuut...)
theguardian.com
How Exxon is using an unusual law to intimidate critics over its climate denial
America’s largest oil firm claims its history of publicly denying the climate crisis is protected by the first amendment
4
23
79";23;post_152
@DenisDison;"Joe Biden has made real progress on climate change  starting with reversing the idiotic policies of his climate-denying predecessor. That much more remains to be done does not change the fact that his has been a hugely consequential presidency so far.
2
6";2;post_153
@ZwartblesIE;"So climate change is still all farmers fault……
Fossil fuel carbon released at high altitude versus cows that naturally belch into a grassy bank.
In fairness if people didn’t travel they wouldn’t have flight capacity to fill.
A complex issue which capitalises on diverted blame
Quote Tweet
RTÉ News
@rtenews
 · Jan 20
Ryanair has announced its biggest ever flight schedule out of Dublin Airport for this Summer which will see the number of routes it operates grow by 22 compared to pre-pandemic levels | https://bit.ly/3rzbvRO
3
6
52";6;post_154
@tarasnoname;"“can we have a edit button” 

“no but here are some NFTs for ur twitter profile pic that are bad for the environment and contribute to climate change”
Quote Tweet
Tom Warren
@tomwarren
 · Jan 20
Twitter has just launched NFT profile photos. They’re hexagon-shaped https://theverge.com/e/22657543
Show this thread
17";;post_155
@alexsalvinews;"World elites take part in the 2022 World Economic Forum where they lay out their vision for countries across the globe.

Topics of conversation revolve around wealth redistribution  combatting climate change and overcoming the COVID pandemic. 

My report for 
@Newsmax
:
12
11";12;post_156
@joshuadavdking;"‘Don’t look Up’ was whatever  but having a 75-million dollar budget movie with a star-studded cast performing what is essentially an analogy for climate change isn’t ironic for any of y’all?
1
54";1;post_157
@ProfSecchi;"I have said it again and again  the political economy of ag is such that these technological fixes come w/ more holes than Swiss cheese. That's because their real goal is not climate change mitigation  it is to provide more hidden subsidies to powerful polluters.
1
4
9";4;post_158
@coreypein;"It's still China's fault the U.S. can't do anything about climate change though  just because.
Quote Tweet
David Wallace-Wells
@dwallacewells
 · Jan 20
China added 51 gigawatts of new solar power last year. In 2019  51 gigawatts of solar *total* would’ve ranked fourth among all nations.  https://bloomberg.com/news/articles/2022-01-20/china-put-a-record-number-of-solar-panels-on-rooftops-last-year…
1
12";1;post_159
@McKinsey;"How can the cement and construction industry achieve net zero by 2050? Here are the key takeaways from a roundtable discussion we hosted at the COP26 Climate Change Conference.  https://mck.co/3GRSZKU
5
28";5;post_160
@steve_hanke;"Climate change & social justice are the responsibilities of other arms of govt  not the central bank. With inflation at a 40 yr. high of 7%/yr. the incompetent Fed should focus on bringing down the growth rate in the money supply and the US inflation tax.
wsj.com
Opinion | A Politicized Fed Endangers the Economy
The central bank can’t deliver price stability if it’s distracted by climate change and social justice.
9
39";9;post_161
@AriaaJaeger;"Replying to 
@TitusNation
Or 
Wildlife
The environment Climate change
Clean water
LGBTQ community
Women's rights
Healthcare
Equal pay
7
23";7;post_162
@JPAHjournal;"""Individual active transportation efforts [are] a good example to help pave the way for world leaders to be held accountable for their climate change  & public health  commitments"" 

Check out the commentary by #JPAH editorial board member  Tom Kane 

https://doi.org/10.1123/jpah.2021-0634…
5
12";5;post_163
@spacecrone;"It’s me! A burgeoning social factors of climate change researcher! Because at some point I realized that all the scientific facts in the world won’t help when social relationships are impacted by individualism
Quote Tweet
Amy Westervelt
@amywestervelt
 · Jan 20
It's really weird that whenever we hear about ""scientists"" wrt climate change  social scientists are never included. Even though for the past decade people have been acknowledging that the information deficit addressed by physical science is not the problem.
Show this thread
16";;post_164
@RhodeIslandDEM;"In many respects  RI is a leader in climate change action through our work to increase clean energy  increase the # of electric vehicles  protect land  + support climate change resiliency projects in local communities. #ClimateAction
Quote Tweet
Governor Dan McKee
@GovDanMcKee
 · Jan 19
My proposed budget will include millions in funding for climate change-related investments  without impacting state general revenues. And I’ll be rolling out several of these initiatives tomorrow.
Show this thread
1
5";1;post_165
@FP_Champagne;"Our new strategy for Satellite Earth Observation will help innovative use of earth observation data.

That will help tackle big challenges like climate change  forest fires and floods.

 Canada announces $8 million to help companies use satellite data
globalnews.ca
Canada announces $8 million to help companies use satellite data - National | Globalnews.ca
Minister of Innovation  Science and Industry Francois-Philippe Champagne says the move will help Canadian businesses compete in a rapidly growing industry.
1
9
22";9;post_166
@DavidShoebridge;"Australians want real action on climate change. They want politicians to look up and see the problem. This means really strong national support for the ⁦⁦
@Greens
⁩ climate policies. This is 100% what we are campaigning for in this election.
smh.com.au
Labor has climate policy edge over Coalition  solid support for Greens
Asked to choose between a series of climate policies  a quarter chose the Greens’ plan. When narrowed to just the major parties  Labor had the edge in the survey.
1
11
26";11;post_167
@GovSisolak;"In late 2019  I issued an Exec. Order on climate change  setting the stage for the state’s first comprehensive Climate Strategy—which was delivered in 2020. 

And most recently  I appointed our first Senior Climate Advisor in my office  
@KristenAveryt
.
10
6
14";6;post_168
@smh;"Labor leader Anthony Albanese has gained an edge over Prime Minister Scott Morrison on climate change policy ahead of the next election  with 37 per cent of voters backing Labor's target to cut carbon emissions | 
@CroweDM
smh.com.au
Labor has climate policy edge over Coalition  solid support for Greens
Asked to choose between a series of climate policies  a quarter chose the Greens’ plan. When narrowed to just the major parties  Labor had the edge in the survey.
11
17
59";17;post_169
@SenBillNelson;".
@POTUS
 leads with honesty and integrity  and when he sets out to accomplish something  he gives it his all.

I'm proud of the work 
@NASA
 has done to support the Biden administration's priorities on climate change  global leadership  diversity  and more.
nasa.gov
One Year into the Biden Administration  NASA Looks to Future
Over the past year  NASA has made valuable contributions to Biden-Harris Administration’s goals – leading on the global stage  addressing the urgent issue of climate change  creating high paying...
6
16
62";16;post_170
@EnvAm;"This majority vote means Costco should set science-based goals to reduce its carbon emissions. These goals must align with scientist recommendation to prevent our planet from warming more than 1.5°C  which is the only way to avoid the worst consequences of climate change.
1
2
13";2;post_171
@USUN;"From combating COVID-19 and climate change  to advancing human rights and racial justice  to pushing back on authoritarian regimes  USUN has helped to implement 
@POTUS
' foreign policy agenda and make Americans more safe  prosperous  and secure.  https://usun.usmission.gov/fact-sheet-restoring-americas-leadership-at-the-united-nations-in-president-bidens-first-year/…
2
8
11";8;post_172
@usceduau;"""The combined impacts of climate change will increase the frequency and magnitude of coastal hazards such as erosion and flooding."" 
@JXavierLeon
 discusses climate change and severe weather events with 
@AusSMC
scimex.org
EXPERT REACTION: 2021 was one of the 7 warmest years on record  says W
EXPERT REACTION: 2021 was one of the 7 warmest years on record  says WMO Despite the temporary cooling effects of the 2020-2022 La Niña events  2021 was still one of the seven w
2
5";2;post_173
@Politics_SMHAGE;"Anthony Albanese has gained an edge over Scott Morrison on climate change policy  with 37% of voters backing the Labor target to cut carbon emissions while 22% prefer the government goal | ⁦
@CroweDM
⁩ #auspol
smh.com.au
Labor has climate policy edge over Coalition  solid support for Greens
Asked to choose between a series of climate policies  a quarter chose the Greens’ plan. When narrowed to just the major parties  Labor had the edge in the survey.
2
12
25";12;post_174
@riggedgov;"PEOPLE NEED TO SHUT THE F*** UP ABOUT COVID  MASKS  VOTER BULLSHIT  CLIMATE CHANGE & COLLECTIVELY FOCUS ON THE LARGEST COMMON ENEMY ANY OF US HAVE. THE US GOVERNMENT CORRUPTION & THE RIGGED US STOCK MAKET. $AMC $GME
14
31
217";31;post_175
@MerissaHansen17;"Weird that all the people which scream about climate change tend to own yachts  private jets  and beachfront properties.
28
111
631";111;post_176
@TheGuySwann;"According to the WEF: 

#Bitcoin is a threat to the environment  but jpeg URLs will help fix climate change and gender issues.
GIF
ALT
Quote Tweet
World Economic Forum
@wef
 · Jan 21
2:27
How NFTs are helping solve climate and gender issues.. 

Discover more innovations helping restore gender equality and the Great Green Wall: https://bit.ly/3Ik3ln8 
39
115
767";115;post_177
@SenSchumer;"I've long pushed for expanded US investment in electric vehicle manufacturing

Today GM is making it happen in Lockport  NY with our world-class UAW workers

They're investing $154M & creating 200+ jobs while fighting climate change—accelerating our transition to cleaner vehicles
ALT
ALT
ALT
ALT
196
155
611";155;post_178
@mroguecitizen;"“Chicken Little” and “The Little Boy Who Cried Wolf” used to be children’s books that taught a lesson. Now they are the Democrats playbook.

Covid is not killing off everyone.

Climate change is not destroying the earth.

Voters are not being suppressed by the big bad wolf.
2
5
17";5;post_179
@e_kindling;"Nestled amongst the stars  hidden deep  lies a planet full of #liars. They lie to each other  and themselves.
I'll quit drinking tomorrow. I'll go for a run next week. We'll end climate change in a year  war in rwo.
This orb has many names  but one we know well.
#vss365 #SciFiFri
1
3
20";3;post_180
@Tana_TropicsGal;"Interested in tropical forest responses to climate change!? We are hiring!! #TRACE #postdoc #climatechange #tropicalforest
Quote Tweet
TRACE
@ForestWarming
 · Jan 21
Job opening: Postdoctoral Scholar in Ecosystem Ecology Modeling 

Michigan Technological University & TRACE  is seeking a full-time modeling ecosystem ecologist post-doctoral researcher.  

For the full announcement please visit the following link: 
https://employment.mtu.edu/cw/en-us/job/492793…
2
38
45";38;post_181
@MPelletierCIO;"Aggressively raise rates and boost the CAD to reduce food import costs while reducing housing speculation  open the border for truckers  reallocate massive spending away from Climate Change towards low income impacted by inflation. #cdnecon #cdnpoli
29
34
220";34;post_182
@TheRealKyleOrd;"Meatloaf was against climate change  COVID mandates  and vaccinations. Let’s not forget who people are just because they have passed away.
1
8
34";8;post_183
@SenTinaSmith;"Where are we with climate change legislation? There is a path forward and I talked with NBC about how we got here and what are our next steps.
26
23
96";23;post_184
@NetNegative1;"Im not seeing any evidence that mankind is making any tangible effort to save itself from climate change induced societal collapse. So I guess its every man for themselves. Its gonna be chaos.
3
5
23";5;post_185
@annielord;"A conjuror of images and fuel for the fire  'Charcoal' turns an artist's eye on the transformation from living plant material to carbon. From a bison drawn on a cave wall  to the charcoal burner coppicing their trees  to its potential in mitigating climate change #XpoNorth #CNF
1
2
12";2;post_186
@Kaarina_Kreus;"Replying to 
@denise_dewald
And just think about the climate crisis. Covid was easy: just lock down  implement good quality masking  ventilation  HEPA filters  vaccines.
With the climate crisis we have to change our lifestyle  disrupt powerful businesses like oil/gas  plastic  industrial agriculture 
15
33
200";33;post_187
@danceswithfat;"Watching  people uncritically fawn over a singer who denied climate change and virulently opposed measures that protect people - esp high risk people - from dying of COVID is disappointing and angering. You can like the music but at least speak out against that way harm.
2
4
31";4;post_188
@FuturewiseWA;"ATTENTION EVERYONE!
HB1099 IS ABOUT TO BE VOTED ON ON THE #WALEG HOUSE FLOOR. 
LET'S ADD CLIMATE CHANGE TO THE GMA!
#YESONHB1099 #WACANTWAIT #HECKYEAH
https://tvw.org/tvchannels/house/…
GIF
ALT
1
6
21";6;post_189
@nuricoban_nft;"Replying to 
@joynxyz
 and 
@ChestrNFT
""Entreaty""

Negative environmental pressures from human actions affect climate change. The increase in the rate of greenhouse gases in the atmosphere causes global warming and climate change. With this work  I painted the revolt of the land and nature. 
6814*4370 pixel  300 dpi
16
4
27";4;post_190
@JulianBurnside;"Both major parties are still hopeless on Climate Change
Quote Tweet
simon holmes à court
@simonahac
 · Jan 21
hey @TimWilsonMP it’s a japanese project that turnbull and andrews govts put $50m into each 4 years ago… nothing to do with your gov’t.

…and it’ll ship ~3 tonnes of H₂ total. that’s it.

…pretty underwhelming  like all of your carbon policies. twitter.com/TimWilsonMP/st…
5
4
42";4;post_191
@Swatipedia;"Feeling  thinking about all of the investors  entrepreneurs  employees of these booming new #climatetech companies who now have a very motivating interest in electing officials who BELIEVE CLIMATE CHANGE IS REAL.

#tgif
2
5
24";5;post_192
@YukonStrong;"The exact same carbon footprint they've left delivering your amazon crap & groceries every damn day  month and year of your life.

Wake up 
@William54725370
  The ability for you to live carbon free already exists. No one's stopping you.

Climate change is YOUR choice  not theirs
Quote Tweet
From chaos comes calm.
@William54725370
 · Jan 21
Replying to @YukonStrong
What's the carbon footprint of this protest?
You can protest against climate change too while your at it.
I'll bet all the trucks will have "" I Love Oil & Gas"" stickers pasted all over them.
3
1
28";1;post_193
@SeanEloRiveraD9;" D9 residents who took our Budget Survey overwhelmingly voted “Clean and Healthy Neighborhoods” as their top priority. Part of achieving clean/healthy neighborhoods is by taking action to address climate change. Here are our priorities specifically related to Climate Action:
1
1
14";1;post_194
@ESAFrontiers;"As climate change alters species' ranges  informed range shift management will be critical. In a new paper  Henry & Sorte share an invasive species impact assessment method to support coastal marine range shift management.

http://doi.org/10.1002/fee.2447…
ALT
10
15";10;post_195
@althecat;"False banana: Is Ethiopia's enset 'wondercrop' for climate change? - BBC News
bbc.com
False banana: Is Ethiopia's enset 'wondercrop' for climate change?
The banana-like crop has the potential to feed more than 100 million people  according to research.
2
16
34";16;post_196
@LeysEcoSchools;"Pupils from 
@LeysCambridge
 delighted to learn about Food & Climate Change from prof 
@sarahbridle
 at the 
@DarwinLectures
 this evening. Great effort  as it's Leave Weekend!
1
2
7";2;post_197
@wattsupwiththat;"AFR: Climate Change is Making Kuwait Unliveable https://wattsupwiththat.com/2022/01/21/afr-climate-change-is-making-kuwait-unliveable/…
2
3
11";3;post_198
@radioaustralia;"Deep in the South Pacific  scientists have explored a rare stretch of pristine corals shaped like roses off the coast of Tahiti.

The reef is thought to be one of the largest found at such depths and seems untouched by climate change or human activities.

https://ab.co/3nJw8K8
5
14";5;post_199
@drvolts;"Here  
@CFigueres
 cuts right to the core: to adequately tackle climate change  or pandemics  or any of the problems facing humanity in the 21stC  we will need more social trust -- more solidarity. (Unfortunately  that's not the way things are trending.)
time.com
Solving Climate Change Requires A New Social Contract
The most important resource to fighting climate change is trust and that's what we need to focus on rebuilding this year
4
19
55";19;post_200
@unteins;"Replying to 
@BoldRudy
 and 
@USPS
Hey 
@USPS
 please explain how wasting fossil fuels to perpetuate scams is helping fight climate change…
2
7
279";7;post_201
@YouAreLobbyLud;"3/ The Aboriginals didn't get here  then survive and thrive through drastic climate change in all the varied ecosystems of one of the most difficult environments on Earth  by going ""No  that's too hard"".

What has happened to us humans? Really  what has happened?
6
5
40";5;post_202
@greenCB;"The Bank of Japan has made the first auction in a new green loans scheme for financial institutions supporting action to address climate change.
greencentralbanking.com
BoJ green loans scheme gets underway - Green Central Banking
The Bank of Japan has made the first auction in a new green loans scheme for financial institutions supporting action to address climate change.
1
9
10";9;post_203
@USDA_NRCS;".
@usda
 is investing $48 million through Joint Chiefs’ Landscape Restoration Partnership to help mitigate wildfire risk  protect water quality  improve wildlife habitat  restore forest ecosystems and help combat climate change: https://bit.ly/342x0m8
17
26";17;post_204
@FireDrillFriday;"""Climate change is not an individual responsibility  it is a collective responsibility."" - 
@Catabreu_
 joins 
@JaneFonda
 and 
@GreenpeaceUSA
 to discuss the importance of the 
@beyondoilgas
 alliance at #COP26.

Watch the full livestream: https://twitter.com/i/broadcasts/1YqJDqVmljNxV…
2
14
31";14;post_205
@McKinsey;"How can the cement and construction industry achieve net zero by 2050? Here are the key takeaways from a roundtable discussion we hosted at the COP26 Climate Change Conference.  https://mck.co/3qQyadn
3
9";3;post_206
@NRDC_Action;"Climate-related disasters caused $145 billion in economic damage last year  and that's not even counting the costs to human health. As climate change worsens  the costs will only rise—which is why we must take action.
nrdc.org
Climate Disasters in 2021: An Unrelenting & Expensive Toll
Climate hazards are intensifying  triggering profound suffering and loss of life. Action to deal with this public health crisis is long overdue.
2
4";2;post_207
@AgBioWorld;"Can enset  an Ethiopian staple  the superfood and a lifesaver in the face of climate change?  The banana-like crop has the potential to feed more than 100 million people in a warming world. The plant is almost unknown outside of Ethiopia
bbc.com
False banana: Is Ethiopia's enset 'wondercrop' for climate change?
The banana-like crop has the potential to feed more than 100 million people  according to research.
5
21";5;post_208
@GwenythReitz;"Replying to 
@sim_kern
This ""rule"" (for Covid not Climate Change) sort of made sense in 2020. But now  at this point  as it drags into a third year  why pretend? Especially writing for YA as the pandemic marks a huge portion of young people's lives now.
1
1
30";1;post_209
@UBCoceans;"Climate change could spark international fish fights https://nationalobserver.com/2022/01/21/news/climate-change-could-spark-international-fish-fights… via 
@NatObserver
 @coru_ubc
 @Nuestracr
2
5";2;post_210
@SenBillCassidy;"We can responsibly address climate change. We just have to think first.
foxnews.com
Biden's energy policies need a reset for year two
The Biden administration does not have its priorities straight. The longer simplistic thinking dominates American energy policy  the more our energy security will diminish. 
30
10
17";10;post_211
@sword_liker;"Replying to 
@sword_liker
 @b1tch_twt
 and 3 others
This is especially bad considering we are currently diving head first into the point of no return on climate change and need to be reducing emissions rather than creating an entirely new  unnecessary industry that is going to increase emissions.
4
14";4;post_212
@JimGoughTrans;"Replying to 
@journalist_guy
 and 
@el_cormier
But people like Murphy completely ignore the facts  whether it's federal politics or climate change. That's not interpretation  that's propaganda.
2
2
17";2;post_213
@FrankPallone;"The Bipartisan Infrastructure Law provides resources to improve waterways in Middlesex County & on the Jersey Shore. This historic investment will help protect communities from the effects of climate change  mitigate flooding in the region & strengthen our water infrastructure.
Quote Tweet
MyCentralJersey
@MyCentralJersey
 · Jan 21
The funding includes $30M for the Cheesequake Creek Jetty rehabilitation project and $5.5M for the dredging and survey of the Raritan River. https://mycentraljersey.com/story/news/local/middlesex-county/2022/01/21/infrastructure-funding-fix-waterways-middlesex-county-nj/6593013001/…
1
3
11";3;post_214
@wretchardthecat;"Among other things  Berlin needs Russian gas after wind power fell short due to Climate Change
wsj.com
Germany Blocks NATO Ally From Transferring Weapons to Ukraine
The refusal to permit Estonia to transfer artillery that originated in Germany points to strains in the Western alliance over Ukraine.
2
8
10";8;post_215
@nashtysmans;".
@benokri
 on the connection between climate change and oppression  the need for myths and stories to reanimate us—and the searing reality that we have nowhere to go so we may as well tell the stories of our times.
newstatesman.com
Ben Okri: climate change and oppression are born of the same “devouring instincts”
The award-winning writer on philosophy  mythology and the connections between racial injustice and ecological crisis.
1
3
6";3;post_216
@insideclimate;"A task force appointed by Florida Gov. Ron DeSantis to address the state’s algal bloom crisis has put out its latest report. It’s conclusion: Florida’s red tides are set to get worse because of climate change and population growth.
insideclimatenews.org
Florida’s Red Tides Are Getting Worse and May Be Hard to Control Because of Climate Change - Inside...
A task force appointed by Florida Gov. Ron DeSantis to address the state’s algal bloom crisis concluded in a recent report that “without hard work and careful planning” adverse human health impacts...
2
8";2;post_217
@mongabay;"Researchers have discovered a new colony of gentoo penguins in Antarctica previously unknown to science. Scientists say climate change played a key role in the penguins’ presence on the island.
news.mongabay.com
As climate change melts Antarctic ice  gentoo penguins venture further south
The crew of the M/V Arctic Sunrise  an icebreaker vessel owned by Greenpeace  were sailing through Antarctica’s Weddell Sea this month when they saw something they didn’t expect. “One of the scient...
1
4
9";4;post_218
@WRIClimate;"The devastating threat of climate change is on our doorstep.
@CFigueres
 explains why solving #ClimateChange requires a new social contract in 
@TIME
:
time.com
Solving Climate Change Requires A New Social Contract
The most important resource to fighting climate change is trust and that's what we need to focus on rebuilding this year
3
5";3;post_219
@CIFOR;"CIFOR-
@ICRAF
 is providing evidence and analysis of how nature-based solutions can help mitigate climate change and help local people adapt to its effects  while working to help countries meet their commitments under the #ParisAgreement

Learn more 
cifor-icraf.org
A climate in crisis | CIFOR-ICRAF
Despite clear scientific consensus and a growing youth-led movement  the effects of global heating on ecosystems and human health continue to rise. Since land is both a source and a sink of greenho...
3
11";3;post_220
@LangmanVince;"So Global Warming Queen Arnold Schwarzenegger drives a V8 powered  8 mile a gallon  giant SUV
Of course he does because he knows climate change is the hoax of the millennium
16
110
290";110;post_221
@daleethompson;"Things #TruckersForFreedom could be driving for & rallying to help instead of not getting vaccinated:

- Children with cancer
- Indigenous rights
- Poverty
- Violence against women
- Climate change (yeah  it's a contradiction)
- Animal cruelty
- Pay equality
- Boys & Girls Clubs
24
76
298";76;post_222
@ConceptualJames;"Whatever the Regime says  do the opposite. I actually believed climate change might be a serious issue until they showed how willing they are to lie and manipulate us to gain control over us. Now  not at all.
Quote Tweet
CTV News
@CTVNews
 · Jan 17
More Canadians should limit car usage  red meat consumption to fight climate change: expert https://ctvnews.ca/climate-and-environment/more-canadians-should-limit-car-usage-red-meat-consumption-to-fight-climate-change-expert-1.5742750?cid=sm%3Atrueanthem%3A%7B%7Bcampaignname%7D%7D%3Atwitterpost%E2%80%8B&taid=61e59d0ff1d6a5000191b7d5&utm_campaign=trueAnthem%3A+Trending+Content&utm_medium=trueAnthem&utm_source=twitter…
152
685
3 016";685;post_223
@kmeeo;"Just a reminder what Repubs voted against:

Covid relief checks
Lowering drug prices
Addressing climate change
Funding for Covid Testing 
Paid family leave
Cutting child poverty in half
National standards for elections

#FreshResists
#wtpBLUE
2
122
142";122;post_224
@heaberald;"I don't know if I want to have kids because of climate change ... it seriously makes my stomach turn to imagine my child living in a world where they don't have access to gold  the finest silks  fresh oysters daily
3
23
372";23;post_225
@LopesInsights;"While admiring today's spectacular sunset in Cape Town  the day it was considered one of the hottest spots in the world  I couldn't help but think Climate Change is not a  future concern but a real and present one  now!
10
55";10;post_226
Reecie @BlackWomenViews;"I'm happy to see VP #KamalaHarris leading on the issue of climate change/wildfire mitigation. It was an issue she focused on as US Senator as well. This is a welcome change from Trump who thought raking leaves & the blame game was an adequate strategy.
Quote Tweet
Herbie Ziskend
@HerbieZiskend46
 · Jan 22
RECAP THREAD: the @VP visited San Bernardino and Highlighted the Bipartisan Infrastructure Law’s Investments in Wildfire Mitigation.
Show this thread
1
23
137";23;post_227
@Oilfield_Rando;"It would be the pinnacle of insanity for us to go into a major war without first de-Wokifying our military to bring its focus back to killing people and breaking things  rather than diversity and climate change. 

It’s national suicide.
Quote Tweet
Cernovich
@Cernovich
 · Jan 22
No. https://defenseone.com/ideas/2022/01/us-must-prepare-war-against-russia-over-ukraine/360639/…
16
35
250";35;post_228
@onjolo_kenya;"The term climate change should have same meaning to all of us.
10
26";10;post_229
@MyArrse;"Royals spent more than £13million of public money on private flights and helicopter journeys before leading calls at Cop26 to combat climate change.
independent.co.uk
Royals spent more than £13m of public money on private flight and helicopter journeys
Exclusive: The Independent’s investigation follows Royals leading calls at Cop26 to combat climate change
22
152
194";152;post_230
@marneechua;"“Imagine if every day for the last 25 years every newspaper and tv station had urgent “breaking news” stories and graphics about the *thousands of deaths the night before* from air/water pollution  climate change  or poverty?” This thread is a must read.
Quote Tweet
Alec Karakatsanis
@equalityAlec
 · Nov 26  2021
It’s hard to think of something more important than understanding the information-spreading apparatus that creates this gap between perception and reality.
Show this thread
11
27";11;post_231
@tan123;"The idea that anyone is experiencing climate change ""shock"" is total BS.
Quote Tweet
Bloomberg Green
@climate
 · Jan 22
The triple shock of the pandemic  disruptive tech and climate change is pushing Singapore to rewrite one of the world's most successful economic models https://trib.al/QOB3eRT
2
14
61";14;post_232
@mxgpies;"do Humans hating on Climate Change realise that the number one Company causing Climate Change right now is made by Humans? i am very smart
Quote Tweet
FRAN
@FRANA_OW
 · Jan 22
do Overwatch fans hating on NFTs know that the number 1 NFT in trade volume rn is made by ppl from the Overwatch team?
2
18";2;post_233
@cooperhefner;"Denying the science leads to inaction. Inaction leads to larger global security challenges. Climate Change must be addressed by the United States and international organizations  as well as private citizens to ensure mutual survival and safety. This fight is for us all.
Quote Tweet
UN Climate Change
@UNFCCC
 · Jan 22
#COP26 kept the 1.5°C goal alive. 

Now we must move faster than ever. 

#ItsPossible | #ClimateCrisis | #ParisAgreement
15
74
249";74;post_234
@mdawese11;"@emergencyreact
 Campaigning for nuclear energy outside the GLA London. Nuclear is clean  safe  zero carbon and necessary to tackle climate change.

#nuclear 
#nuclearenergy 
#climatechange 
#nuclearfornetzero
6
45";6;post_235
@phila_lex;"January brusher in Big Sur? Experts say it’s possible the long-term  climate change-supercharged drought that continues to plague the region means that relatively recent rains and cooler winter weather are no longer sufficient to keep fires from growing.
latimes.com
High winds topple trees and power lines  stoking fires in California
Gusty offshore winds took down trees and power lines and whipped up brush fires in Big Sur and Sonoma County overnight into Saturday.
8
38
66";38;post_236
@GreenEdToday;"Climate change is affecting agrarian migrant livelihoods in #Ghana. This is how https://buff.ly/3eE3NB7 Policies that address the effects of #climatechange in rural communities in migration origins across the world will help to ensure that these groups don’t continue to suffer.
theconversation.com
Climate change is affecting agrarian migrant livelihoods in Ghana. This is how
Rural migrant farmers are bearing the brunt of climate change in Ghana
6
9";6;post_237
@willyblackmore;"Gonna be grim in 5  10 years when politicians and pundits declare climate change “over!” because they simply want it to be
10
20";10;post_238
@CarlHigbie;"Sooo if climate change “revealed” it  what caused it to be warm before it was frozen? Asking for ⁦
@GretaThunberg
⁩
3
7
32";7;post_239
@TheDannyRamadan;"In the past weeks  America lost its grandmother  its father  and that weird uncle you thought was a rock star when you were 14 then grew up to see him deny climate change and spread anti-vaccine misinformation during holiday dinners.
1
2
31";2;post_240
@2015Shaggy;"""he praised Donald Trump(“our greatest ally after Brexit”) questioned the effects of climate change  suggested that his party should collaborate with Ukip  praised Nigel Farage  fought for the hardest of Brexits  and doubted the “common sense” of the victims of the Grenfell fire""
Quote Tweet
Brexit Buster
@BrexitBuster
 · Jan 22
A masterful exposure of a fake aristocrat  poseur and greedy  shameless liar who lords it over ‘lesser mortals’ - ie the rest of us. The Right Horrible Jacob ‘Crackers’ Sleaze-Morgue MP. Another sinister Tory panto clown.  https://theguardian.com/commentisfree/2022/jan/22/jacob-rees-mogg-roots-conservative-mp?CMP=Share_iOSApp_Other…
Show this thread
1
5
10";5;post_241
@impishchimp;"If this ""self-management"" scheme works it's just a matter of time before governments implement self-management for road repair  crime  climate change... Who needs government when we have ""self-management""! #bcpoli
Quote Tweet
VaughnPalmer
@VaughnPalmer
 · Jan 22
As Dr. Bonnie Henry announces a shift to self-management on the pandemic  BC government fumbles  confuses communications. https://tinyurl.com/y5yrz9st
2
6
13";6;post_242
@terri_ainley;"That's not going to happen for about 5 billion years
Meanwhile  species populations are rapidly declining and are going extinct right now  because humans refuse to focus their time  money & effort on urgently dealing with climate change & ecosystem loss.
Quote Tweet
Elon Musk
@elonmusk
 · Jan 16
Replying to @Rainmaker1973
There is a  chance of *all* species extinction due to expansion of the sun  unless humanity makes life multiplanetary
1
2
18";2;post_243
@reospositivepov;"Just clocked on that Don’t Look Up is actually about climate change and now it’s the greatest movie ever made!
4
32";;post_244
@ProfSecchi;"If you have questions about the rationale behind the proposed CO2 pipelines across Iowa to SD  which would make ethanol a less carbon intensive fuel on the public dime (or be used for Enhanced Oil Recovery - not exactly climate change mitigation lol)  give the episode a listen.
Quote Tweet
We All Want Clean Water
@WeAllWantClnH2O
 · Jan 23
Our latest episode  Dave Swenson's master class on ethanol  has just reached 200 downloads and is on track to be the most downloaded @WeAllWantClnH2O podcast so far! Thanks again @daswenson!

CC: @RiverRaccoon @dcwiertny @ProfSecchi
3
12";3;post_245
@balsher_sidhu;"I respect the sentiment  but please don't conflate climate change and human mismanagement of resources. Both are critical issues  but Jakarta is sinking because of land subsidence from over-pumping of groundwater. Climate change  however  makes it worse.
Quote Tweet
Parveen Kaswan  IFS
@ParveenKaswan
 · Jan 22
If you think #ClimateChange is not real.

Indonesia has decided to change its capital city since Jakarta is sinking !! The megacity is overpopulated & flood prone.

Lesson for all cities !!
Show this thread
3
12";3;post_246
@LeeGrimesEvans;"Yes  ideally!  But if inclusion of hearing  dental and vision care means Build Back Better will go down to defeat again  these should be postponed.  What we can't put off are crucial climate change measures in Build Back Better!!! cc: 
@POTUS
  
@SenSchumer
  
@SpeakerPelosi
Quote Tweet
Jon Cooper
@joncoopertweets
 · Jan 22
Should Medicare include hearing  dental  and vision care?
2
3
5";3;post_247
@Devonian1342;"Replying to 
@DawnTJ90
All of these idiotic articles are written based on climate change that IS NOT happening.
1
4
12";4;post_248
@DeidreDeJear;"We have a common goal in addressing environmental justice in our state  whether I am talking to farmers or activists. It is time to make true structural change to address climate change – we just had another derecho. We cannot afford to wait. #UnityCoalition
5
18";5;post_249
@CanadaRobin;"Replying to 
@MetMikeWCVB
Thanks for your contribution to climate change! 
3
20";;post_250
@ABC7NY;"Turning the tide on climate change: Offshore wind farms coming to NY  NJ http://7ny.tv/3qQ6aGt
3
4
20";4;post_251
@GreatLakesPeck;"This is what human-caused climate change looks like. Elsewhere in Africa  droughts are being made hotter  more severe  and more deadly by climate change. And  it's our emissions of greenhouse gases  our burning of fossil fuels  that are propelling climate change forward.
Quote Tweet
Kees van der Leun
@Sustainable2050
 · Jan 22
45.2⁰C (113.4F) in Cape Town  South Africa  today. That's 3.1⁰C (5.6F) hotter than ever before. twitter.com/extremetemps/s…
Show this thread
8
7";8;post_252
@FreeBeacon;"DHS's decision to create a ""Climate Change Professionals Program"" is sparking accusations that the Biden admin is ""prioritizing the creation of woke partisan government programs"" amid a historic crisis at the Southern border.

Via 
@Kredo0
freebeacon.com
Sen. Hawley: DHS Prioritizing Woke Climate Change Program Over Border Crisis
The Department of Homeland Security’s recent decision to create a ""Climate Change Professionals Program"" is sparking accusations from a leading Republican senator that the Biden administration is...
1
18
24";18;post_253
@DefiLlama;"Now tracking @GaiaDAO_fi on 
@avalancheavax
 

Gaia DAO’s mission is to fight climate change by all means and save humanity.

https://defillama.com/protocol/gaia-dao…
1
4
25";4;post_254
@market_forces;"Some great performances at the #AO2022 so far  but none more so than 
@350Australia
 and all who helped get Santos  a company whose business strategy is aligned with runaway climate change  dumped as a sponsor!
theguardian.com
Tennis Australia ends partnership with Santos after one year
The multiyear deal with the fossil fuel company had been the target of a campaign against ‘sportswashing’
1
23
45";23;post_255
@enckj;"N.Y.C. Mayor Hopes to 'Excite the Imagination' by Receiving His Paychecks in Crypto — but Critics Worry https://people.com/politics/new-york-city-mayor-eric-adams-paycheck-cryptocurrency/?utm_source=twitter.com&utm_medium=social&utm_campaign=social-share-article…  I am the worrier quoted in this People Magazine article.  If you are not worried about crytpo mining and climate change  you are not paying attention
people.com
N.Y.C. Mayor Hopes to 'Excite the Imagination' by Receiving His Paychecks in Crypto — but Critics...
New York City's newly elected Mayor Eric Adams says he's embracing innovation but the politics are tricky due to growing concern over the environmental impact of the cryptocurrency industry
3
11";3;post_256
@creativecatjk;"Replying to 
@MarcTennant
 and 
@LSedger
Yes. We have to believe that we can do this better. We are likely to face more pandemics (climate change etc) and possibly germ warfare. We can use this as a learning moment  build quarantine facilities  improve hospitals and our health system  develop systems. Or repeat mistakes
6
23";6;post_257
@JohnDelaney;"This is the absolute right point re Germany's energy policy

More broadly  backing away from nuclear power is a disaster for dealing with climate change. IMO people who are anti-nuclear power are not serious about climate change. They're just not.
Quote Tweet
howardfineman
@howardfineman
 · Jan 22
The dumbest geopolitical move in Europe in the 21st century: #Germany ditching its nuclear power in favor of #Russian natural gas. Now  in winter  Germans will do nothing when #Putin pounces on #Ukraine. A savvy U.S. intel source told me many months ago: Putin invades in January.
2
1
31";1;post_258
@AlastairMcA30;"This reminds me of that politician who said climate change wasn’t a thing because there was unusual snow in winter.

They don’t understand that weirdly cold temperatures ARE ALSO a manifestation of climate change.
https://bbc.com/news/science-environment-58425526…
Quote Tweet
The world has gone mad
@OxfordSaffa
 · Jan 22
Replying to @AlastairMcA30 and @BoknRoll
Uhm try again 
5
2
19";2;post_259
@AkwyZ;"How “mechanical trees” could solve a huge climate change problem -   https://inkl.com/a/ZYwayMUJZwa #Sustainability #Decarbonization 
@BetaMoroney
 @IanLJones98
 @Shi4Tech
 @lyakovet
 @enilev
 @EvaSmartAI
 @avrohomg
 @baski_LA
 @IngridVasiliu
 @ravidugh
 @RagusoSergio
 @NevilleGaunt
inkl.com
How “mechanical trees” could solve a huge climate change problem
One ‘mechanical tree’ is about 1 000 times faster at removing carbon dioxide from air than a natural tree. The first…
5
11
11";11;post_260
@USAmbUN;"In 2021  we’ve worked tirelessly to rebuild global relationships  restore America’s leadership at the 
@UN
  and address the challenges of our time – COVID  climate change  human rights  racial justice  and more. https://usun.usmission.gov/fact-sheet-restoring-americas-leadership-at-the-united-nations-in-president-bidens-first-year/…
Quote Tweet
Jeffrey Prescott
@JeffPrescott46
 · Jan 21
Today marks the 1 year anniversary of Biden admin. leadership here at @USUN. From combatting COVID-19 and climate change  to advancing human rights  humanitarian access  and UN reform  @USAmbUN’s leadership has been critical. A on our accomplishments to date and work underway:
Show this thread
558
28
75";28;post_261
@issywithal;"Replying to 
@KendraWrites
 and 
@leahmcelrath
This is exasperating because a trip to a red  AG state could maybe change that perspective. 

Kansas knows climate change is real. Yes we are run by a super R majority but many rep farming communities. The majority causes harm but on this  there’s no doubt. It’s why we wind farm.
3
19";3;post_262
@thegreatglatsky;"Coming back from vacation and wanted to highlight my first piece for 
@FortuneMagazine
 last month about blue carbon offsets  seen as a crucial tool in the fight against climate change  and one major project in a tiny town on Colombia's Caribbean coast.
fortune.com
More lawmakers and investors tap blue carbon offsets to mitigate climate change
After years of studies and pilot projects around the world  blue carbon technology is luring more investors and lawmakers to help address climate change.
2
5
13";5;post_263
@BulletinAtomic;"If the world's militaries diverted just 2% of their spending budget  we could have $1 000 000 000 000 to address climate change  pandemics  and extreme poverty.

Sign the 
@GlobalPeaceDivd
 petition to help make this ""if"" a reality:
peace-dividend.org
The Global Peace Dividend Initiative
The Global Peace Dividend Initiative
1
23
63";23;post_264
@americanrivers;"Stormwater management is becoming increasingly more important and urgent in cities and urban areas that are trying to take precautions to safeguard communities against the impending effects of climate change.
americanrivers.org
Defending rivers means cleaning up stormwater - American Rivers
Cleaning up our country's rivers depends on how well we deal with increasing stormwater.
3
8";3;post_265
@JulieSLalonde;"Replying to 
@tagaq
He was also a climate change denier. Yikes Krispies all around.
1
48";;post_266
@SusanWojcicki;"This week at the #DavosAgenda  
@wef
 has brought together leaders from around the world to discuss the most critical problems we face  from climate change to the pandemic. Watch the conversations on 
@YouTube
 and learn what you can do to help:
youtube.com
Davos Agenda 2022 | World Economic Forum
Watch all the special addresses and sessions from the 2022 Davos Agenda.
41
10
28";10;post_267
@NPRMichel;"On 
@npratc
 tonight: Former WH NAT Sec Sec Adviser (retired Lt Gen) HR MacMaster says if you want to counter Russia focus on climate change and trade . if you want to know why THAT makes sense we have 
@NewYorker
 writer 
@yaffaesque
 to tell us about ..wait for it ..permafrost -mm
3
16";;post_268
@BulletinAtomic;"The 
@GlobalPeaceDivd
 petition calls on UN militaries to dedicate just 2% of their budgets (which is $1 000 000 000 000) to combat climate change  pandemics  and extreme poverty.

Add your signature to join over 49 000 people who have signed the petition: http://ow.ly/CP3N50HAFe1
1
10
19";10;post_269
@BirdgirlUK;"Replying to 
@rolmou
 @GretaThunberg
 and 6 others
I am honoured to have spoken with this fantastic panel. I’m 26 mins in  on the intersectionality between climate change & biodiversity loss. Obsessing about one does not save our planet & failing to prioritise the need for a #justtransition for the #globalsouth is plain racist
1
2
7";2;post_270
@nangorisilvio2;"The Bitter Fruit of Climate Change  The ongoing drought in the Northern parts of Kenya is Dire and Wanting.
Something needs to be done.
@caritasmarsabit
 
@NDMA_Kenya
@ActionAid_Kenya
@UNFCCC
@WBG_Climate
@Jangwani106
https://radiojangwani.com/country/2022/the-bitter-fruit-of-climate-change-in-north-horr-marsabit-county/…";;post_271
@MichaelM_ACT;"Dozens of Senate Estimates questions  taken on notice by department officials and ministers  relating to climate change and energy policy  have gone unanswered and are now massively overdue.

Answers to these questions were due to be provided on 10 December.
12
147
307";147;post_272
@JamesMelville;"There’s a few notable commentators who are U-turning and pivoting harder than a professional dancer over Covid and now spewing out new opinions to such an extent that their collective emissions of hot air are risking causing a potential climate change catastrophe.
101
264
2 403";264;post_273
@DavidBellamyUK;"Please stop calling climate change catastrophists ‘a cult’ 

Thank you

#MentalHealthAwareness
8
20
104";20;post_274
@ECOWARRIORSS;"Even as temps break all records from a sizzling 50.7 in Australia to incredible 45.2C  in Cape town S Africa 
After Covid world Govt are ignoring climate change and instead encouraging more air travel  airport expansions  road construction even in the heart of Alaska wilderness
12
104
254";104;post_275
@DragansLady2;"Marley :    Mom  you said we moved here to get away from the cold &  it has not snowed here in 7yrs. 

Me:      Don't worry Marley  it's 'climate change'.  
  Don't look up.  It has nothing to do with the shit [their] spraying in the skies.
9
24
85";24;post_276
@drvolts;"""Last year alone  1 110 manatees died — about 15% of the total [Florida] population ... Most perished from starvation because the sea grass beds on which they feed have been destroyed by pollutants & toxic algae blooms worsened by climate change."" 
washingtonpost.com
Saving the manatees — rescue by rescue  rehab by rehab
Florida is scrambling to prevent another horrific year of starvation deaths among the beloved mammals
5
58
127";58;post_277
@TonyHussein4;"Cape Town  South Africa destroyed it’s hottest temperature record on Saturday!

The temperature at Table Bay reached an incredible 45.2C/113F. Previous all time record 42.4C!

Act now  or climate change will make parts of the Earth inhabitable.

#DemVoice
thesouthafrican.com
Experts say Cape Town 'destroyed it's hottest temperature record' on Saturday
Cape Town residents may have just experienced the hottest temperature on record for the city yesterday  due to the hectic heatwave.
2
54
50";54;post_278
@mikedemarais;"still unclear to me what the best real estate will be after 25 years of more climate change / global warming — is north better or is central (away from coasts) better?
24
4
36";4;post_279
@TheELongWave;"Klaus Schwab+The Great Reset+Climate Change+Club Of Rome=A Malthusian belief system. 

They ""assume"" there are too many of you on the planet that will outstrip the planet's resources.

A small group of psychopaths agree and want to play ""god"" and reduce that number!
6
17";6;post_280
@BiodiversitySoS;"Sad point made in Attenborough's Green Planet that with climate change (caused by humanity) fires are burning hotter  more fiercely & for longer than for the past millennia.
That may be too hot for plants  seeds  bulbs etc to survive in the soil.
In which case  they will die out
2
8
14";8;post_281
@BiodiversitySoS;"Giant  ancient sequoias in California have survived for even several thousand years.
Attenborough points out that the seasons used to be fairly predictable.
Rains & snow melt arrived reliably.
Now with (man-made) climate change  the irregular seasons & rainfall are killing them
5
9";5;post_282
@LeeTyler;"Climate Change or Just Arizona Weather | Are You Ready for Spring? #ClimateChange #ClimateEmergency #GoGreen #ClimateAction [Video]: Here in Arizona things are.....well.....different! Today we found something on one of the trees that normally doesn't… http://dlvr.it/SHgPzp
1
4";1;post_283
@YssaTheCorn;"“Climate change got me twerking”
-Greta Thunberg
4
42";;post_284
@iii_chromatic;"The Hidden Truth about Global Warming and the Paris Climate Accord | The Climate Change Biz Boom
5
6";5;post_285
@jerr_rrej;"“LGBTQ Ally” “Black Lives Matter” “Mental health awareness” “Climate change” “Liberal” “Spiritual”
5
5
22";5;post_286
@PowerfulMach;"You can't convince the population that Climate Change is a real problem while simultaneously living in a mansion and flying private jets.

This makes sense to the Average Joe  yet the smart Billionaires do not understand it  because they live in their own bubbles.
4
16";4;post_287
@CrawfordFund;" Happy Int’l #EducationDay!

Our #foodsystems are both a driver and a victim of climate change. We must have discussions about food system transformation in NextGen classrooms!

Explore the future of food in our free teaching resources   https://bit.ly/3qx2M3T 

#NextGenAg4D
1
2
9";2;post_288
@alcgunn;"NSW students find tropical starfish 600km from home in climate change warning
theage.com.au
NSW students find tropical starfish 600km from home in climate change warning
Warming oceans are thought to be responsible for the starfish’s expansion to the small coastal town – and its presence is indicative of the impacts of climate change on marine ecosystems.
1
3
4";3;post_289
@ECOWARRIORSS;"Before European settlers arrived  US had about one billion acres of forests  which covered about half of the country  including Alaska.
Since 1600  it would be reduced by about 286 million acres to deliberately engineer #climate change by 
@StephMBuck
timeline.com
The first American settlers cut down millions of trees to deliberately engineer climate change
Long term  it worked  but not how they intended
2
28
38";28;post_290
@TMSVmusic;"As always  the plan is to have antivaxers spout talking points and lies for a few minutes  and then give an expert the same amount of time to thoroughly dismant- we're out of time folks  see you next week in our Climate Change episode!
Quote Tweet
BBC Question Time
@bbcquestiontime
 · Jan 22
Question Time will be in London on Feb 3rd and we're seeking those who have declined the Covid vaccine to share their views. 

You can apply to be in the audience here: https://bbc.co.uk/send/u39697902 #bbcqt
1
1
9";1;post_291
@KasayeRH;"Ethiopian food/agricultural scientists has been suggesting this for a very long time and almost nobody listened. Now  when *suddenly* ferenji scientists suggested how enset is a life saver food and climate change resistant  Boom! The internet goes wild. bite me!
Quote Tweet
Fitsum Arega
@fitsumaregaa
 · Jan 23
Scientists say the plant enset (ቆጮና ቡላ)  an #Ethiopia'n staple  could be a new superfood and a lifesaver in the face of climate change. 
It is true that as long as it is possible to prepare it in a simple way. https://bbc.com/news/science-environment-60074407…
3
5
49";5;post_292
@GrantGinder;"I am firmly in favor of doing everything we can to combat climate change  except when it comes to Florida  which—once all the gay kids have escaped—I hope meets its wet  pathetic end.
Quote Tweet
No Lie with Brian Tyler Cohen
@NoLieWithBTC
 · Jan 22
NEW: Florida Republicans have advanced a “don’t say gay” bill that would ban teachers from talking about LGBTQ+ topics in schools. It would allow parents to sue schools for infringing on their “control of their children.”
1
1
29";1;post_293
@THECITYNY;"Newly mandated improvements to building energy efficiency in New York aren’t just ways to mitigate climate change and get off of fossil fuels  but could lead to immediate quality of life benefits for people living in affordable housing.
thecity.nyc
Bronx Fire Highlights How Energy-Efficiency Push Could Save Lives Beyond Climate Change
Newly mandated improvements to building energy efficiency in New York aren’t just ways to mitigate climate change and get off of fossil fuels  but could lead to immediate quality of life benefits for...
2
6
9";6;post_294
@imfcapdev;"Massive infrastructure investment is needed globally to tackle climate change. Climate-responsive infrastructure will help to mitigate greenhouse gas emissions and make economies more resilient to climate-related risks https://blog-pfm.imf.org/pfmblog/2021/12/-strengthening-governance-for-climate-responsive-public-investment-.html… #IMFCapDev
1
7";1;post_295
@GernotWagner;"Three of Matt Wuerker's favorite 15 cartoons from the past 15 years of 
@politico
  all about climate change http://politi.co/3GUTWCh
8
37";8;post_296
@ProfPCDoherty;"With continued high emissions  add destabilizing effects on the earth's crust to possible mean global sea level rises of 0.6- 1.1m by end 2021. 5 ways climate change boosts tsunami threat  from collapsing ice shelves to sea level rise https://theconversation.com/5-ways-climate-change-boosts-tsunami-threat-from-collapsing-ice-shelves-to-sea-level-rise-175247?utm_source=twitter&utm_medium=bylinetwitterbutton… via 
@ConversationEDU
theconversation.com
5 ways climate change increases the threat of tsunamis  from collapsing ice shelves to sea level...
Climate change doesn’t just affect the atmosphere and the oceans  it affects the Earth’s crust as well.
3
16
60";16;post_297
@Variety;"‘To the End’ Review: A Documentary About Trying to Change the Systems Enabling Climate Change
variety.com
‘To the End’ Review: A Documentary About Trying to Change the Systems Enabling Climate Change
Rachel Lears’ follow-up to 'Knock Down the House' charts the efforts of prominent U.S. climate policy activists over the last three years.
1
7
23";7;post_298
@AdamSmart1977;"Replying to 
@ChrisGPackham
 @BASCnews
 and 
@GWCT
There's not even a conservation argument with Polar Bears... wtf are they thinking??

As if being a Polar Bear isn't increasingly hard enough thanks to climate change  without being randomly yeeted out of existence by some nonce with a rifle.
2
2
49";2;post_299
@SunriseMaryland;"Fossil fuels cause climate change. Adults. You know this.
@MarylandPSC
 approved transitioning coal plants to oil in Anne Arundel  ignoring their duty to consider climate.
@MDEnvironment
 must not force us to confront the consequences of this horror show.
baltimoresun.com
Two Anne Arundel power plants announce plans to transition from coal to oil  get green light from...
Environmental advocates say the plans to abandon coal-burning are commendable  but they’re concerned by the plants’ proposed switch to burning oil  also a highly polluting fossil fuel.
2
3
6";3;post_300
@BakaKarasu;"Replying to 
@BakaKarasu
 @Karmageddon67
 and 2 others
Accurately observing the causes of climate change & our ongoing ecosuicide often results in that label being applied to you. At this point ""ecofascist"" is what people who can't do math call people who can.
2
2
5";2;post_301
@perryworldhouse;"Could the 
@IMFNews
' SDR system be reimagined to provide global reparations for colonialism  slavery  and climate change? PWH's Michael Franczak and 
@OlufemiOTaiwo
 explore how to make this idea a reality in 
@guardian
:
theguardian.com
Here’s how to repay developing nations for colonialism – and fight the climate crisis | Michael...
The IMF allots voting rights and emergency funds according to an outdated and unfair quota system established in 1944  before most colonies were free. Let’s change it
1
4
9";4;post_302
@_nicolabarr;"13/19 
@GWSGIANTS
 @aflwomens
 home games have been impacted by extreme rains. Not only does climate change impact Australian sport at the top level  it impacts fans who come to support and sport at grassroots level. We can do more to tackle climate change 
@AFLP4CA
 @frontrunnersaus
Quote Tweet
Climate Council
@climatecouncil
 · Jan 23
Learn more about how climate change is impacting Australian sport. 

https://climatecouncil.org.au/resources/game-set-match-sports-climate-change/…
Show this thread
8";;post_303
@ConservationOrg;"Scientists say the plant enset  an Ethiopian staple  could be a new superfood and a lifesaver in the face of climate change.

Via 
@BBC
bbc.com
False banana: Is Ethiopia's enset 'wondercrop' for climate change?
The banana-like crop has the potential to feed more than 100 million people  according to research.
6
17";6;post_304
@ClimateBen;"Abrupt Climate Change:

The combination of rate & magnitude over the coming decades is unprecedented.

We must expect rates of warming  shifting rainfall and drought that will challenge the adaptive capacity of life on Earth including human beings.

Media won't make this clear.
7
219
599";219;post_305
@LopezResists;"Policies reflect Biden's administration that's in place to combat climate change. They can only do so much. It's up to us to make that change. #InspireBeforeWeExpire Climate will continually change and we must adapt! #FreshResists
5
93
131";93;post_306
@JustinTrudeau;"Our virtual Cabinet retreat kicked off today. The pandemic  our economic recovery  affordable housing  jobs for the middle class  climate change  and global issues – all that and more is on the agenda. And as always  we’re focused on delivering real results for you.
1 959
419
1 921";419;post_307
@hausfath;"Theres surprisingly small overlap between those who think runaway climate change/collapse is imminent and those who promote geoengineering through solar radiation management.

If I thought the world was about to end its hard to see how dimming the sun would be a less worse option
45
42
226";42;post_308
@BitchuationPod;"So 
@AntoniaJuhasz
 did the math on Joe Manchin on Big Oil and it's no wonder why he refuses to act on climate change! (not to mention the $5 million Manchin racked in dividends from his own coal company)

Stream the full here episode here to find out more: http://youtube.com/watch?v=cXQTvUTk7O8…
1
7
20";7;post_309
@SupFletcher;"We’re moving towards a greener future by working in collaboration with the city & federal governments to create a cleaner  greener economy that provides good-paying jobs for working families  while also tackling climate change & improving the air we breathe. (1/2)
15
5
37";5;post_310
@assliken;"BREAKING: CLIMATE CHANGE WILL KILL US ALL IN 2014... AGAIN WE ONLY HAVE UNTIL 2014 OR THE CLIMATE MURDERS US
Quote Tweet
Reuters
@Reuters
 · Jan 24
The world is ‘not on a good track’ to meet a global goal to avoid the worst impacts of climate change and must intensify efforts to move away from fossil fuels this decade  John Kerry  the U.S. special envoy on climate change  said https://reut.rs/3KE7pAu
2
9
46";9;post_311
@curaffairs;"we have to treat politicians unwilling to take action on climate change as what they are: enemies of humanity whose actions will destroy our future if they are not stopped
https://currentaffairs.org/2020/09/any-politician-unwilling-to-act-on-climate-is-an-enemy-of-humanity…
4
27
104";27;post_312
@Noahpinion;"Don't forget who the real bad guys are when it comes to stopping climate change.
Quote Tweet
Jennifer A. Dlouhy
@jendlouhyhc
 · Jan 24
Lawmakers who support petroleum and ethanol industries just joined forces to challenge Biden's electric vehicle push  marking a rare moment of unity between oft-warring interests. 

https://bloom.bg/3KHPVU7
Show this thread
11
14
179";14;post_313
@BoycottsBat;"If BBC presenters aren’t permitted to give credence to climate change deniers  then the same logic dictates they sure as hell shouldn’t be giving any to Scottish secessionists. The tide of evidence against them is  if anything  even stronger.
Quote Tweet
Pat Kane
@thoughtland
 · Jan 24
How does Kaye Adams get away with trailing her show on a second indyref in exclusively negative terms? “Critics have said it is a reckless move  it is out of touch  & the FM should be concentrating on other matters… what do you think?” I think 50% of your lines are missing…
4
6";4;post_314
@HullLecturer;"The only way humanity is going to get thru climate change without large numbers of deaths (way more than Covid) is with committed politicians. Neither party is up to the job.
Quote Tweet
Mary Higgins
@MaryHHiggins
 · Jan 23
We were really disappointed to hear this from @JessPhilips when we challenged her to back the #GreenNewDeal bill in Jan. Jess  we're building a political consensus around this bill  and you're either with us or against us - there's no time to play political games with our future.
Show this thread
2
13
22";13;post_315
@shimizu_photo;"Kiribati  situated just west of the international date line in the Pacific  is one of the first country in danger of becoming uninhabitable due to climate change. Yet it’s still a paradise for children of #Kiribati

#photography #ClimateCrisis #NFTCommunity #vss365 
@ThePhotoHour
3
22
54";22;post_316
@BenGurionCanada;"On #InternationalDayofEducation  we salute  Israel's 1st School of Sustainability and Climate Change  at 
@BengurionU
  of the #Negev  

#ClimateChange #Education #Research #bengurioncanada #israel
3
6";3;post_317
@energybants;"I've met people like this  and they ALSO say:

climate change is the worst thing ever (for themselves)

and we must shut off power plants (for others)

and nuclear energy's bad because where do you put a few tons of spent fuel to protect  uh  future people  uh  in 1 million years
Quote Tweet
David Ho
@_david_ho_
 · Jan 24
Today I learned that there are decision makers that see overpopulation as a problem and think that deaths from climate change is a solution and I haven’t been able to think about anything else.
Show this thread
1
4
28";4;post_318
@gmbutts;"I'm glad serious researchers are taking up this issue  but these conclusions are pretty shaky. The study finds views about climate change more likely to be determined by partisan affiliation than economic interest  but... 1/x
Quote Tweet
Matto Mildenberger
@mmildenberger
 · Jan 24
New research in @NatureClimate w/ @erickUdeM  @ProfKHarrison and I. Stadelmann-Steffen. Two countries have set up carbon tax + rebates: Canada + Switzerland. Have these rebates increased public carbon pricing support  as advocates hope? Not really. 1/  https://nature.com/articles/s41558-021-01268-3…
Show this thread
17
17
50";17;post_319
@RepRubenGallego;"Tongass Nat’l Forest is home to Alaska Native Tribes  it's an essential tool to fight climate change & it’s the lifeblood of the Southeast Alaskan economy. I'm proud to lead this letter asking USDA to reinstate Roadless Rule protections for the Tongass.
rubengallego.house.gov
LETTER: Gallego  Cantwell Lead Letter to Department of Agriculture Supporting Reinstatement of the...
Washington  D.C.— Rep. Ruben Gallego (AZ-07)  Sen. Maria Cantwell (D-WA)  and 70 Senators and Members of Congress today sent a letter to U.S. Department of Agriculture (USDA) Secretary Tom Vilsack...
6
47
148";47;post_320
@NewshaAjami;"Excited to announce that I’ve joined 
@eesalbnl
 @ENERGY
 as their new Chief Development Officer for Research! I’ll be focusing on developing #strategic initiatives & partnerships across #water & #energy sectors to address our pressing #environmental challenges under #climate-change
Quote Tweet
Earth and Environmental Sciences at Berkeley Lab
@eesalbnl
 · Jan 24
 Welcoming @NewshaAjami as EESA’s new Chief Development Officer for Research! Ajami is a leading expert in smart cities   resilient infrastructure    and sustainable water resource management - read more at https://eesa.lbl.gov/newsha-ajami-joins-eesa-as-chief-development-officer-for-research/…
41
15
216";15;post_321
@VelinLotta;"So excited to see #climate perspectives applied in global cardiac surgery. We can’t turn a blind eye to climate change - the way we practice healthcare is harming the patients we intend to serve. Sustainable solutions are needed to ensure patient and planetary health & safety. 
Quote Tweet
Dominique Vervoort
@DVervoort94
 · Jan 22
Scaling  surgery  is necessary to avert millions of deaths each year.

But  surgery =  environmental impact  which  in turn   cardiovascular diseases.

@veronica_f_chan & I highlight need for environmentally sustainable solutions @EACTS_Journals: https://academic.oup.com/ejcts/advance-article-abstract/doi/10.1093/ejcts/ezab531/6513930…
3
16";3;post_322
@GlblCtzn;"Yes  climate change is a public health threat.
globalcitizen.org
These Are the 13 Most Pressing Global Health Issues This Decade
The World Health Organization has released a list of pressing global health issues for the next 10 years  developed by public health and policy experts.
1
10
29";10;post_323
@Reuters;"An alliance of airlines and airports called for changes to the European Union's planned climate change legislation  arguing it will make them less competitive with non-European rivals https://reut.rs/3IAulia
3
12
40";12;post_324
@ClimateBen;"2. An ecological catastrophe.

Pollution  deforestation mostly due to animal agriculture  logging  mining  road-building  disease  industrial fishing  abrupt climate change  etc ..all causing rapid extinction. 

Economic system change now. 

Thread :
Quote Tweet
Ben See
@ClimateBen
 · Sep 13  2021
BREAKING: Earth's 8.7 million species call for immediate system change
Show this thread
3
26
77";26;post_325
@KemonomichiNL;"Replying to 
@Noahpinion
 produces more CO2 than all other OECD combined. They are also planning to build 43 new coal power plants. They are the true villains. Unless you are trying to crush   everything else you do re: climate change is just LARPing. 

https://time.com/6090732/china-coal-power-plants-emissions…
8
7
34";7;post_326
@TalkinBirdsShow;"After 90 years of Christmas Bird Counts  it's still difficult to figure out whether climate change or habitat loss is the greater threat to birds. But 90 years of data? Awesome! So let's keep counting. 
@NationalAudubon
 (Photo Melissa James)
https://bit.ly/3rJGDhK
3
13";3;post_327
@tribunemagazine;"The American poet and essayist Maggie Nelson explores climate change  art  sexuality  and liberty in her new book 'On Freedom.'
tribunemag.co.uk
What Freedom Means to Maggie Nelson
The American poet and essayist Maggie Nelson explores climate change  art  sexuality  and liberty in her new book 'On Freedom'.
4
19";4;post_328
@GreatLakesPeck;"A sobering piece on the depletion of groundwater on the High Plains of North America. A regional manifestation of a global problem  exacerbated by climate change. Is sustainable groundwater use possible where water doesn't recharge on human timescales?
theatlantic.com
The Next Disaster Coming to the Great Plains
Acute scarcity drives the search for water underground. But the West’s major aquifers are in trouble  too.
5
9";5;post_329
@climatecouncil;"No developed country has more to lose from climate change-fuelled extreme weather  or more to gain as the world transforms to a zero-carbon economy. 

Our future depends on urgent and decisive action to cut emissions this decade. #auspol
climatecouncil.org.au
Crunch Time: How Climate Action in the 2020s Will Define Australia | Report | Climate Council
Our future depends on urgent and decisive action to respond to the climate crisis in the 2020s  as scientific consensus makes clear our window to avoid catastrophe is closing. This briefing unpacks...
16
23";16;post_330
@KateAronoff;"""The Biden administration says it will immediately end federal funding for most international fossil fuel projects as it tries to exert global leadership on climate change."" https://eenews.net/articles/biden-to-end-fossil-fuel-financing-abroad/#:~:text=The%20Biden%20administration%20says%20it global%20leadership%20on%20climate%20change….
Quote Tweet
U.S. Embassy Baku
@USEmbassyBaku
 · Jan 8  2021
Congratulations to #Azerbaijan on the historic completion of the Southern Gas Corridor  which delivers Azerbaijani gas directly to Europe  while also boosting Azerbaijan’s economic growth! The US has consistently championed Azerbaijan's contributions to EUR energy security
1
5
27";5;post_331
@Jerusalem_Post;"Israel’s cabinet approved a plan to plant 450 000 trees to mitigate some effects of climate change by offering more shade and cooler temperatures.

#ClimateChange | #Environment
jpost.com
Israel to plant 450 000 trees in effort to counter climate change
The plan  which is predicted to cost about 2.25 billion shekels  or $716 million  will be carried out between now and 2040.
2
20
32";20;post_332
@MetcalfURI;"Are you a journalist interested in learning more about reporting on climate change?
Apply for the 2022 Metcalf Annual Science Immersion Workshop by March 1 to apply for the upcoming workshop and learn more about flooding and climate change!
https://metcalfinstitute.org/awj2022/
#MetcalfAWJ
1
15
14";15;post_333
@A_Hawktopus;"Replying to 
@RTHindle
 and 
@ragipsoylu
Please tell me you aren't still trying to understand what climate change means.
2
82";;post_334
@INDems;"Climate change is not a myth. But for the 
@indgop
  their partisanship on every issue of course means they do not want to take action to protect the communities we love to call home. 

This level of culture wars is destructive to the Hoosier State.
indystar.com
Indiana students demand action on climate change. Lawmakers respond with hard 'no.'
The Indiana legislature has refused to hear any bills about climate change this session  ignoring student demands to take action on the crisis.
4
9
22";9;post_335
@gmbutts;"1. Partisan adhesion in Canada is weak and partly determined by people's views on climate change.

2. There is no doubt that in the real world the rebate moved large numbers of Canadians off the fence and into the support category  when it was communicated consistently. 2/x
3
2
31";2;post_336
@GeraldKutney;"Replying to 
@dallas_777_
 @Jeffrey75327765
 and 
@anamari93362413
Sides? There are no different ""sides"" to the science of climate change... unless you consider climate denial a ""side.""
4
5
23";5;post_337
@cirquelar;"Replying to 
@_david_ho_
Besides that whole idea being sociopathic  if they put an ounce of thought into it they’d realize the people most likely to die from climate change are those with the smallest carbon footprints. Those with large carbon footprints will continue ‘dumping’ CO2 into the air unabated.
1
16";1;post_338
@aeyokay;"Replying to 
@Skrrt__Vonnegut
 @RageofBaltimore
 and 
@MrSwiss9
there's also the small matter of climate change induced crop failures
1
25";;post_339
@ilenviro;"States like Illinois are taking action to address climate change. But  “The United States can’t do its part to save the planet without strong federal laws. Congress must enact climate measures quickly. 

Read more from the 
@Suntimes
 on climate:
chicago.suntimes.com
Congress must enact strong climate legislation — now
The Earth is in what scientists say is the last decade in which there is an opportunity to ward off the worst effects of rising temperatures. Averting climate disaster should be a bipartisan issue.
2
5
9";5;post_340
@TheAtlantic;"“Instead of one long leftist allegory about climate change and elite failure  we got a hodgepodge of gags  narrative tangents  and contradictory claims ” 
@Yair_Rosenberg
 writes in his newsletter  Deep Shtetl  about “Don’t Look Up”:
newsletters.theatlantic.com
In Defense of Smug Cinema
The real problem with ""Don't Look Up"" isn't what you think
4
5
13";5;post_341
@physorg_com;"#Seedproduction and recruitment of juvenile #trees affect how trees are migrating due to climate change 
@wustl
 @PNASNews
phys.org
Seed production and recruitment of juvenile trees affect how trees are migrating due to climate...
A new study co-authored by Jonathan Myers  associate professor of biology in Arts & Sciences at Washington University in St. Louis  provides key insights into how and why tree populations migrate in...
6
13";6;post_342
@pewenvironment;"“By reinstating roadless protections to the Tongass National Forest  the U.S. can avert damage to the forest  honor Indigenous peoples  support local economies  and fight climate change ” says our 
@KenARait
 and 
@ZannLittleAK
.
pewtrusts.org
U.S. Moves to Restore Full Protections in Alaska's Tongass National Forest
In a move that will benefit a range of wildlife  including salmon and brown bears  along with commercial fishing fleets  Indigenous Alaskans  tourism operators  and others in the state  the U.S....
1
7
10";7;post_343
@ReutersScience;"The world is ""not on a good track"" to meet a global goal to avoid the worst impacts of climate change and mustintensify efforts to move away from fossil fuels this decade  John Kerry  the U.S. special envoy on climate change  said on Monday.
reuters.com
'We're in trouble:' U.S. envoy urges faster action on climate goals
The world is ""not on a good track"" to meet a global goal to avoid the worst impacts of climate change and mustintensify efforts to move away from fossil fuels this decade  John Kerry  the U.S....
2
12
18";12;post_344
@WCHumanright;"The world is not on a good track to meet a global goal to avoid the worst impacts of climate change and must intensify efforts to move away from fossil fuels this decade the U.S. special envoy on climate change said on Monday.
@ClimateEnvoy
@environmentca
 https://news.yahoo.com/were-trouble-kerry-warns-countries-145345144.html…
7
10";7;post_345
@thetopjob;"Gina recognised for her contribution to climate change
79
276
2 462";276;post_346
@mazemoore;"Climate change.
Systemic racism.
The vaccine.

The three biggest scams ever perpetrated by our government.
26
124
448";124;post_347
@rosecityoutrage;"If you think Climate Change is the number one problem in America  you haven’t driven through a Blue City.
17
62
354";62;post_348
@osmium1999;"Replying to 
@thebadstats
Broke: climate change isn't real
Woke: climate itself isn't real
7
57
4 014";57;post_349
@StuartBCapstick;"Finally got around to watching #DontLookUp 
Excellent film  don't know what sniffy critics are on about. Heavy-handed? Not in the least: a well-targeted darkly funny skewering of society's  response to the #climatecrisis
More climate change films asap please  many more 
17
57
331";57;post_350
@ajhtweeting;"It's like we are living through a climate change denying  white nationalist christian patriarchy supporting  anti-science groundhog day movie. #cdnpoli #flutruxclan #KarenConvoy
14
57
198";57;post_351
@RepJayapal;"My Climate Resilience Workforce Act wouldn't just create jobs and fight climate change — it also centers the very communities who are disproportionately impacted. 

Let's finally build back better  greener  and stronger!
45
28
101";28;post_352
@QuentinDempster;"It’s painfully apparent to many people now (with the exception of Murdoch Press and the federal parliamentary Liberal Party) that we have a spin doctor for a prime minister. This at a time when we need real leadership on climate change  pandemic  integrity  domestic violence …..
Quote Tweet
Katharine Murphy
@murpharoo
 · Jan 25
She doesn't have to smile to make other people feel better. Just catching up with our @AmyRemeikis twitter.com/theprojecttv/s…
8
98
384";98;post_353
@fp_coalition;"The Department of Energy wants to harness the energy of oceans to fight climate change. READ MORE: https://footprintcoalition.com/post/the-department-of-energy-wants-to-harness-the-energy-of-oceans-to-fight-climate-change…
5
11
74";11;post_354
@Ugaman01;"Climate Change is Real and it affects  everyone. The indicators are closer than we think! 

Governments can not merely continue promising but must take action to avert dangers. #ClimateActionNow
24
62";24;post_355
@ToulasTake;"Climate change in four images. Poor Greece…
Quote Tweet
Alexandros Kottis
@alexandros_kts
 · Jan 25
Six months in Greece 
4
10
66";10;post_356
@hugbug111;"Everybody should read this and note that the SNP are tunnel visioned in their approach to the economy and to climate change.  It’s their way or the highway.  No debate nothing.  No wonder investors walk away from Scotland.
Quote Tweet
Paul Sweeney
@PaulJSweeney
 · Jan 25
I met with Rolls-Royce last week to ask if there was any prospect of a Scottish bid for £200m investment in a new Heavy Pressure Vessel factory. They told me that they had ruled out Scotland due to Scottish Government opposition to civil nuclear energy. What a missed opportunity. twitter.com/Jefferson_MFG/…
10
26";10;post_357
@HuffPost;"The singer is backing her belief that climate change is a social-justice issue.
huffpost.com
Rihanna’s Foundation Donates $15 Million To Climate Justice
The singer is backing her belief that climate change is a social-justice issue.
12
60
365";60;post_358
@cameron_kasky;"This is extra funny when you watch the video of Jimmy seething with rage that Jonah Hill started talking about climate change
Quote Tweet
James Kelleher
@etienneshrdlu
 · Jan 25
Deeply strange
5
32
365";32;post_359
@thehill;"Lawmaker asks ex-EPA chief why he couldn't convince Trump climate change is real http://hill.cm/w0FTpwq
25
8
36";8;post_360
@louisvilledad14;"I can't believe that people can be as stupid as they are. They will die to prove a point. When scientists agree  with nearly 100% consensus  on anything it is not a game. Climate change  vaccines  JFK not coming back to life. These are scientifically proven FACTS.
2
9
53";9;post_361
@DucksWest;"Wetlands are essential to help combat climate change. 

In California  #DUWest has restored thousands of acres of tidal wetlands that help sequester carbon from the atmosphere. Learn how wetlands sequester carbon:

https://ducksunlimitedwest.org
3
21";3;post_362
@Power106LA;"Rihanna’s pledging $15M towards her belief that climate change is a social-justice issue through her Clara Lionel Foundation.  There’s 18 climate justice organizations receiving the donation in seven Caribbean nations and the US. 

: Getty Images
5
9
54";9;post_363
@ccc_jeffreys;"As a local elected official  I understand that to fight the climate crisis we need investment on the local  state  AND federal level. 

I’m calling on Congress to pass the #BuildBackBetter Act to take action on climate change! #OhioClimateRecovery   
@OECActionFund
 @LCVoters
2
4
13";4;post_364
@cshell_eh;"The World Economic Forum and those that are associated are the real threat  not climate change. I would rejoice at it's extinction. Instead of carbon tax perhaps a WEF tax should be implemented... I would happily contribute.
Ahem   Canadian politicians  we see you
Quote Tweet
Friends of Science
@FriendsOScience
 · Jan 25
Replying to @GibbonsBrent @liz_churchill_ and 7 others
Great find. Thank you. https://youtu.be/IV4Udro-tKI #GlobalPonziScheme
4
3
13";3;post_365
@caribbeannewsuk;"#CARIBBEAN: Rihanna is backing her belief that climate change is a social-justice issue by pledging $15 million to the movement through her Clara Lionel Foundation.
1
5
13";5;post_366
@DonJRobertson;"Since when did Jordan Peterson become an expert on climate change?  Wouldn't it be better to have a qualified scientist talking about this stuff instead?
15
1
69";1;post_367
@canncr;"""The panel does not conduct its own science. Instead  it reviews and synthesizes the latest climate change research (thousands of published  peer-reviewed studies) into its own predictions and digestible reports  which come out roughly every six years""
Quote Tweet
Gerald Kutney - a friend of #ClimateBrawl
@GeraldKutney
 · Jan 25
IPCC Climate Change Reports: Why They Matter to Everyone on the Planet https://on.nrdc.org/3FZ3WZN via @nrdc - #ClimateCrisis #ClimateEmergency
3
3
11";3;post_368
@swix;"This is really fantastic news. We need to celebrate architects working at the sharp end of climate change.
Quote Tweet
Building Design
@BDonline
 · Jan 26
BREAKING NEWS: Bangladeshi architect Kashef Chowdhury beats starry shortlist to win ‘world’s best building’ | RIBA International Prize announced https://bdonline.co.uk/news/bangladeshi-architect-beats-starry-shortlist-to-win-worlds-best-building/5115758.article…
3
12";3;post_369
@RichardHills_;"A privilege to attend the pōwhiri for Marama & Tiahomai & mihi to them as Chair of Environment & Climate Change.

They’ll lead our Rangatahi Climate Action Project  as part of Te Tāruke-ā-Tāwhiri: AKL’s Climate Plan. So many worked with us to get here so far  lots of work to do.
1
24";;post_370
@MrDenmore;"Replying to 
@AndrewPStreet
And don’t forget her services to climate change.
9
120";9;post_371
@nzcpe;"We do all need to change our ways of living': New interview with 
@dvdjhnhll
 on climate change and democracy 
@BMHayward
blog.planetaryecology.org
‘We do all need to change our ways of living’: Interview with David Hall on climate change and de...
Dr David Hall is a political theorist with a research focus on climate change  sustainable finance  and land use. He has a DPhil in Politics from the University of Oxford and currently is Senior Le…
12
22";12;post_372
@urbanenergyplan;"What keeps me up at night? COVID? Climate change? Political polarization? Nah. 

It's knowing  that lurking in a dark corner of the internet  is my locked Hotmail account BikerBoy69.
3
25";;post_373
@YahooFinance;"Deloitte Deputy CEO Alicia Rose on the economic impact of climate change: ""There are always going to be economic risks and pressures at any given time  and we're going to have to manage both.""
5:00
2 788 views
2
9
19";9;post_374
@PSPDirector;"The people  salmon  and orcas of Puget Sound are already experiencing the negative effects of climate change. We must do all we can to adapt to climate change while we work to mitigate it. This bill will jump-start work to respond to the needs of humans and our environment.
Quote Tweet
Rep. Pramila Jayapal
@RepJayapal
 · Jan 25
Today I'm proud to introduce my Climate Resilience Workforce Act! 

This innovative bill combats the worsening climate crisis by investing in a skilled workforce — that can not only respond to but prepare for the most destructive effects of climate change.
https://time.com/6141689/climate-resilence-jayapal/…
2
6";2;post_375
@emilyscarr;"So grateful for 
@PaulPinsky
- you are so right Chairman  to truly address climate change we need a paradigm shift and bold public policy- but we need the public support to make it happen! #MDEnviroSummit #ClimateSolutionsNow #MdPolitics
5
16";5;post_376
@DatHandsomeJerk;"Replying to 
@Kristennetten
Unions are not built to accelerate the transition to sustainable energy at the rate needed to reverse climate change.
3
27";3;post_377
@txchristabelle;"I am not an expert  simply trying to better educate myself on climate change  and found this interesting  so sharing.

Earth's Core Is Cooling Faster Than Scientists Expected
msn.com
Earth's Core Is Cooling Faster Than Scientists Expected
Our blue planet could become a lifeless wasteland sooner than we thought.
2
5
15";5;post_378
@climatecouncil;"Extreme events like heatwaves will only become more frequent with climate change  and we're already seeing its early impacts:
4
14";4;post_379
@rhyland1;"Replying to 
@cathmckenna
I guess when you blame Canadians for causing Climate Change and take money out to their pockets via Carbon Taxes that won’t do a thing to fix Climate Change  they get pissed at the person inflicting pain.
1
1
24";1;post_380
@rajivan26;"Replying to 
@Rod_in_South_AB
 and 
@TheRealKeean
You say that but when 100 people show up at a climate change protest we are supposed to accept they represent all Canadians? Please
2
2
74";2;post_381
@StarscapeBBS;"Replying to 
@HBabcock10
 and 
@glowingcanary
@TheLastUprisin1
 posted the link  and the basic explanation is that the US voted no because it put at risk agricultural intellectual property rights (think Monsanto)  and linked climate change to human food availability. 

We are the baddies.
1
7
67";7;post_382
@PaulEDawson;"If you found this thread valuable:

1. Toss me a follow for more threads on climate change.

2. And sign up for my monthly newsletter on climate solutions.
Climate Solutions
Newsletter
·
2 288 Subscribers
Climate change is a big problem  and there is no one single solution. However  the good news is that there are many solutions that  if combined  could solve climate change. Each edition of this...
2
9
53";9;post_383
@nbcwashington;"Rihanna is backing her belief that climate change is a social justice issue by pledging $15 million to the movement.
nbcwashington.com
Rihanna's Foundation Donates $15 Million to 18 Climate Justice Organizations
The grants are focused on groups with female  LGBT  and Black and Indigenous leaders
12
48";12;post_384
@danielrothberg;"I've said it before  and I'll say it again: This page created by 
@NevClimate
's science team is a valuable resource for anyone trying to research how climate change is affecting Nevada. Lots of good citations  charts and figures.
climateaction.nv.gov
Climate Nevada
CLimate Change in Nevada Nevada’s climate is changing. This is now being observed across the diversity of its climates  from the cool high mountains of the eastern Sierra Nevada and the Spring...
2
15
34";15;post_385
@SMpwrgr;"Replying to 
@AmyRemeikis
Respect for yr judicious use of platform - the last time I watched you similarly used ye searing eloquence to advocate for climate change. As an older woman taught to be polite at all costs who raised 3 daughters to be opinionated  complicated & authentic I value yr contribution
4
172";4;post_386
@business;"It's not just scientists  even the insurance industry is warning that climate change is going to reshape the world—whether we tackle it or not
bloomberg.com
Green Cold War or Climate Anarchy? Together We Can Decide
It's not just scientists  even the insurance industry is warning about the dystopian futures that climate change could create
5
18
29";18;post_387
@DirkSchwenk;"And of course there's climate change. 150 000 000 live at or below sea-level. If we have a sudden rise caused by the failure of the Antarctic ice sheet  the toll will be in the millions.
washingtonpost.com
Scientists triple their estimates of the number of people threatened by rising seas
150 million will live below the permanent high tide line by the year 2050  new research finds.
4
22
69";22;post_388
@NewBlackMan;"Paris Buried a River 100 Years Ago. Now The City Needs To Resurface It to Combat Climate Change
time.com
Paris Buried a River More than 100 years Ago. Now it Needs it to Combat Climate Change
""Cities are learning to live with nature”
2
11";2;post_389
@cawrecycles;"Check out this Blog shared by 
@usdagov
 on food waste and the links to greenhouse gases and climate change. It references a report published by @epagov on the environmental impacts of food waste!

https://usda.gov/media/blog/2022/01/24/food-waste-and-its-links-greenhouse-gases-and-climate-change…

#Pollution #Compost #Composting #foodWaste #Waste
usda.gov
Food Waste and its Links to Greenhouse Gases and Climate Change
Food loss and waste is estimated to be roughly one third of the food intended for human consumption in the United States. When food is discarded  all inputs used in producing  processing  transport...
1
14
16";14;post_390
@sippingmalorts;"Replying to 
@GarlicCorgi
It's a moment where they simultaneous do and don't understand the implications of climate change on lifestyle. They're more honest than your typical ""believes in science"" liberal about the degree of change necessary  but  as you put it  fail to understand the real alternatives
31";;post_391
@AlanMyron;"Replying to 
@jordanbpeterson
 and 
@joerogan
I tried to listen to the conversation  but the first few minutes about climate change really upset me. I don't mind people who have a dissenting view. I do mind people who think they know about subject and they talk you realize they don't. I will try to be as objective as I can.
38
115";;post_392
@LWVMA;"Bravo 
@BostonGlobe
 for expanded coverage of climate change & sharper focus: local impact  what works  that stands in way. Every day matters 
@shankman
 @davabel
 @swilmsen
 @dharnoor
 @janellenanos
bostonglobe.com
Into the Red
Into the Red - Climate and the fight of our lives
3
12";3;post_393
@TheRealNews;".
@lyta_gold
 sits down with journalists 
@MaryHeglar
 and 
@amywestervelt
  and climate fiction writer 
@sim_kern
  to discuss the climate change allegory blockbuster Don’t Look Up and how to make art in an era of impending planetary catastrophe.
therealnews.com
Fiction in the time of climate chaos
Lyta Gold sits down with journalists Mary Annaïse Heglar and Amy Westervelt  and climate fiction writer Sim Kern  to discuss the climate change allegory blockbuster Don't Look Up and how to make art...
10
17";10;post_394
@GrahamKirk17;"Replying to 
@GeraldKutney
 @rln_nelson
 and 14 others
If you believe human emissions of CO2 cause climate change  why do you advocate for and profit from the CO2 producing burning of biomass? Do you 'deny' 'the science' you say I should believe  fail to understand 'the science' you say I should believe or are you just a hypocrite?";;post_395
@ConceptualJames;"Is it climate change?
Quote Tweet
GB News
@GBNEWS
 · Jan 26
300 000 Brits living with heart condition that could kill within five years
https://gbnews.uk/news/300000-brits-living-with-heart-condition-that-could-kill-within-five-years/213875…
30
90
532";90;post_396
@mekkaokereke;"You can't have:
* Voting Rights
* Climate change action
* Student loan forgiveness
* Police reform
* Truth about civil rights history taught in schools
* Real pandemic assistance

But you can have:
a Black woman on the supreme court! As a treat! Don't enjoy it all at once!
3
14
79";14;post_397
@drvolts;"Also can not be said enough: a national transition to clean energy would *more* than pay for itself through the health benefits of reduced air pollution alone. You don't need to bring climate change into it at all.
13
122
530";122;post_398
@tylercoates;"I'll never forget the day when a boss announced that he had just learned climate change was real (he had attended a talk at someone's UES apartment the night before about investing in renewable energy). ""Perhaps you already know about this?"" he said to us. It was 2017.
2
12
133";12;post_399
@EmergencyBK;"We talk a lot about energy sources  to fight Climate Change  rarely ways to reduce consumption.
 
My home
-mud brick (foot thick)
-double glazed windows
-extra insulation
-veranda all round
-blackout blinds+
Many other methods  greatly reduce consumption
Been ~30ºC for ...1/2
13
24
163";24;post_400
@DrDinD;"I have just cancelled my 
@spotify
 account and deleted it.  I urge all who agree that providing Joe Rogan a platform to spread disinformation about COVID-19 and climate change is a reason to leave.  

I will choose Neil Young over Joe Rogan every single time.
Quote Tweet
Sara Fischer
@sarafischer
 · Jan 26
Big one from @theannesteele ... Spotify to Take Down Neil Young’s Music After His Joe Rogan Ultimatum
https://wsj.com/articles/neil-youngs-music-is-being-taken-down-by-spotify-after-ultimatum-over-joe-rogan-11643230104?mod=hp_lead_pos8…
86
358
1 077";358;post_401
@DanakaliLtd;"Legumes can be the key to achieving food production and climate change resilience in Africa. As a chloride-free fertiliser suited for drought-prone areas  Colluli SOP could increase the area under legumes  thus contributing to sustainable development on the continent
1
21
31";21;post_402
@ChattyCathyAU;"How many ""Storms of the Century"" we can have in a month  before we acknowledge Climate Change?
#ClimateEmergency    #auspol
1
5
29";5;post_403
@Trxstxn4;"How did they predict all this incoming climate change?
Quote Tweet
GB News
@GBNEWS
 · Jan 26
300 000 Brits living with heart condition that could kill within five years
https://gbnews.uk/news/300000-brits-living-with-heart-condition-that-could-kill-within-five-years/213875…
8
21";8;post_404
@OverEzEggs;"CHARITY STREAM LEZZZGOOO 
Today we're raising funds for Do Good Points! A climate change  based charity!
https://twitch.tv/overezeggs
11
52";11;post_405
@GND_Network;"Some big news for government action on climate change:

Today  
@RepJayapal
 introduced the Climate Resilience Workforce Act  which invests in a national workforce *dedicated* to prepping us for the climate crisis  as well as responding to disasters.

https://admin-jayapal.house.gov/2022/01/25/jayapal-leads-lawmakers-in-introducing-the-climate-resilience-workforce-act/…
1
24
46";24;post_406
@diatomdao;"In a 2019 survey conducted by the Shelton Group  Americans are more concerned about ocean plastic than climate change. Now's the time to realize that there's no difference between the two! The world's plastic problem directly correlates to increased climate change.
4
9
48";9;post_407
@ccrc_unsw;"CONGRATULATIONS to Professor John Church on being awarded an Order of Australia. It is amazing to see Professor 
@JohnChurchOcean
 receiving the country's highest honours for his tireless efforts in researching climate change and sea-level rise. 
@UNSWScience
 @UNSW
 @ClimateExtremes
2
28
178";28;post_408
@givepeazachance;"You know that these anti people are not going to give up right?  They are growing and they are worldwide.  And expect the reaction on climate change discussions to have the same result.  This is a well coordinated movement that’s not going away.
3
2
33";2;post_409
@MohamadJBsat;"What’s the point of having bike lanes if the city won’t plow them? This on cannon  a very busy cycling corridor. This is representative of bike lanes across the city. 

We deserve better. If you want to address climate change  make it easier to cycle #HamOnt 
@cityofhamilton
5
9
43";9;post_410
@CNN;"A study shows that coffee plants will be ""drastically"" less suitable for cultivation in current coffee-producing regions by 2050 because of the impacts of climate change.
cnn.com
Climate change is coming for our coffee
Bad news for coffee lovers: Climate change will make it much harder to grow Arabica coffee in the coming years  according to a study published Wednesday in the scientific journal Plos One.
81
111
222";111;post_411
@BBCRadio4;"Sir Crispin Tickell held many senior diplomatic roles  including UK Ambassador to the UN  and his 1977 book about climate change is said to have influenced Margaret Thatcher's concern about global warming.

His 1990 Desert Island Discs is fascinating.
bbc.co.uk
Diplomat and climate visionary Crispin Tickell has died  aged 91
1
11
31";11;post_412
@seeeeeeanking;"Just another once in a lifetime storm hitting the U.S. 

Completely normal  definitely has nothing to do with climate change
Quote Tweet
CNN
@CNN
 · Jan 26
Confidence is growing that a winter storm with the intensity of a hurricane  snow measured in feet and blizzard-like conditions will impact major Northeast cities this weekend https://cnn.it/3fXQQ4D
2
12";2;post_413
@Charlie78635710;"Replying to 
@RpsAgainstTrump
Sadly  I agree. It’s no longer driven by substantive policy debate. There is nothing resembling a forward-looking vision for America. Almost no desire to tackle the most serious problems facing us: COVID  climate change  inflation  economic inequality.
17
67";17;post_414
@tim_rust;"Replying to 
@BrentHodgson
 @hannj666
 and 
@TimWilsonMP
Tim Wilson was active in the IPA while they flatly denied climate change was even an issue
5
61
207";61;post_415
@SenGonzalez33;"Governor Newsom Outlines Historic $10 Billion ZEV Package to Lead the World’s Transition to Clean Energy  Combat Climate Change
Quote Tweet
Office of the Governor of California
@CAgovernor
 · Jan 26
LIVE NOW: Governor @GavinNewsom highlights California’s nation-leading investments to catalyze innovation & accelerate the transition to zero-emission vehicles  a critical component of the state’s efforts to combat climate change. https://twitter.com/i/broadcasts/1rmxPgpedrgJN…
1
4
25";4;post_416
@marla_vous;"One party is trying to protect voting rights  womens rights and LGBTQ+rights. One party is trying to lift families out of poverty. One party supports veterans and climate change. 
#VoteBlueToSaveDemocracy
Quote Tweet
Tony #DemVoice1
@TonyHussein4
 · Jan 26
Replying to @marla_vous
Marla  you are right.    

Vote for the party that supports voter rights  women's rights  the truth  and follows science.

I don't even need to name the party as it is so obvious.
3
8";3;post_417
@tan123;"Just FYI  ""tackling climate change"" is *not* an actual thing.
Quote Tweet
World Bank Climate
@WBG_Climate
 · Jan 26
#DYK some of the sectors central to tackling climate change are also notorious for corruption risks?
 Extractives 
 Forestry 
 Renewable Energy 

Learn more: http://wrld.bg/y9UH50HCrHU
6
15";6;post_418
@MrDash109;"It ALL has to do with Republican Party. Every Conservative (Reform Party) policy is lifted from there  climate change denial to public service (incl. health  education) cuts to tax breaks to the rich to Trickle Down economics. It all begins and ends with their hate of government.
Quote Tweet
G McThink
@redsnoopy69
 · Jan 26
Why have Canadian conservatives upped their desperation level.
Most of it has to do with the Republican party.
The GOP's slow march towards fascism is being exposed. 
The CPC uses the same play book.
Same strategists same think tanks same donors. 
Their window is closing.
1
3
12";3;post_419
@BlairKing_ca;"Can ANYONE explain to me why the Climate Change panel on 
@CBCStephenQuinn
 doesn't actually have anyone with a specialization in Climate or even in environmental science? This interview is simply another example of bad science...starting with Dr. Lem and glioblastoma...
Quote Tweet
Dr. Melissa Lem
@Melissa_Lem
 · Jan 26
""Simply put  this is green washing at its finest.""
Investing in home infrastructure for fracked and renewable #naturalgas in BC is a climate dead-end. Thanks @CBCEarlyEdition for having @nikkilaes + me on today to talk healthy energy policy. @CAPE_ACME
https://cbc.ca/listen/live-radio/1-91-the-early-edition/clip/15891375-climate-change-panel-should-province-consider-nuclear-energy…
Show this thread
8
13
37";13;post_420
@JimCaseNL;"I have to say that I'm a bit bummed out. I wrote a letter to my MHA about a topic that was dear to me - climate change. Five weeks later he wrote me back  telling me he and his committee were making great progress and that I should basically pound salt.

So what is the point?
9
35";;post_421
@MotherJones;"""I think this is the last generation…Soon the reindeer herding is only a dream"": This intimate video shows how climate change is destroying the way of life of the Sámi  Europe's last indigenous population.
motherjones.com
Watch: Sámi reindeer herders grapple with a changing Arctic
Warming is threatening the ways of Europe's last indigenous people.
3
20
31";20;post_422
@MrDash109;"Literally 1 000 things affect inflation and store shevles (Conservative Party spelling) more than #vaccinemandate 
Climate change  broken supply chains  ill employees etc .. (most truckers  90% of them  ignore this idiocy and continue to do their jobs and we thank them) #cdnpoli
Quote Tweet
CTV News
@CTVNews
 · Jan 25
Worker absenteeism - not trucker vaccine mandates - impacting store shelves: Metro https://montreal.ctvnews.ca/worker-absenteeism-not-trucker-vaccine-mandates-impacting-store-shelves-metro-1.5753624…
2
5";2;post_423
@ChristineMilne;"Can you believe Chevron  global polluter #ClimateCriminal helps choose Australian of the Year 
@fossiltreaty
 @unfccc
 @ClientEarth
 @billmckibben
 @GeorgeMonbiot
 @antonioguterres
 Australia has no shame 
@COP27
 #auspol #ServicetoDestroyingthePlanet
Quote Tweet
Ketan Joshi
@KetanJ0
 · Jan 26
Chevron have a representative on the state / territory selection panels in SA  NT  QLD and WA. The only non-media private corporation rep for all four. 

https://australianoftheyear.org.au/nominate/
https://web.archive.org/web/20220106090609/https://www.australianoftheyear.org.au/nominate/…
Show this thread
2
33
58";33;post_424
@PhilWight;"Appliances like hot water heaters & stoves may seem *so* boring  but they are central to fighting climate change & decarbonizing the economy. 

This is one of the best articles explaining the value & limits of Heat Pumps for colder climates like AK:
post-gazette.com
How a humble heating system became the next hot climate tool
A quarter of Pittsburgh single-family homes could save money and benefit the environment by adopting heat pumps  according to a new study. 
3
16";3;post_425
@EncoreRenewable;"We are seeing first hand how climate change is impacting winter here in Vermont and are inspired to see and support 
@bromleymountain
’s leadership on implementing energy-saving and carbon reducing measures with their new solar array! 

https://encorerenewableenergy.com/project/bromley-mountain-solar/…
1
3
9";3;post_426
@BenPennings;"""Scientists have spent decades trying to bring greater urgency to the climate crisis — with little success. Their failure is not due to a lack of trying or poor communication skills; their failure is because scientists  alone  cannot solve climate change.""
grist.org
Nobody is listening to climate scientists. What if they went on strike?
The most successful strikes and protests manage to withhold something necessary from those in power: labor  goods  smoothly operating infrastructure.
1
3
6";3;post_427
@citizensclimate;"IMF on need for #PriceOnCarbon: 

""Much larger coordinated global policies — including carbon price floors — will be needed to meet the new goals laid out at the Glasgow climate conference and stave off catastrophic global climate change.""
@Ben_Geman
axios.com
IMF: Larger coordinated efforts needed to ""stave off catastrophic global climate change""
""The ongoing climate emergency continues to pose grave risks to the global economy "" the IMF stated.
18
37";18;post_428
@RAN;"Stopping the money pipeline to fossil fuels is a key strategy for stopping climate change. There's no oil pipeline  coal plant  or drilling project that can happen without financing. Learn more about how we win against the biggest banks & insurers:
ran.org
Defund Climate Change - Rainforest Action Network
Since 2016  35 banks have poured $2.7 trillion into fossil fuels and dirty energy. It’s time for Wall Street to defund climate change for good  because business  as usual  isn’t going to cut it...
2
5
7";5;post_429
@Leigh_Phillips;"So surely the plain-Jane terms ‘climate change’  ‘biodiversity loss’  and ‘mass extinction’ are already sufficient (and already scary enough) for describing the challenge.
3
12";;post_430
@MACDUFF_THP;"OPINION | Save a building  fight climate change | CBC News https://cbc.ca/news/opinion/opinion-climate-building-demolition-1.6325677?__vfz=medium%3Dsharebar… 

The greenest building is the one that is already built...
@mariecblais
 @pandrewcox
 @WMegarry
 @ICCROM_King
 @GabeVCaballero
 @AndrewSPotts
 @hannahfluck
cbc.ca
OPINION | Save a building  fight climate change | CBC News
Demolishing an existing building  throwing it away in a landfill  is a staggering act of conspicuous consumption  writes Sarah Sheehan.
3
13";3;post_431
@Inc;"Scientists now think drinking coffee might someday slow the speed of climate change.  
@Sales_Source
inc.com
New Science: Drinking Coffee Might Help Save the Planet
The only downside to drinking coffee turns out to be an environment-friendly business opportunity.
1
11
23";11;post_432
@UCalgary;"Elder and 
@UCalgary_FSW
 professor Dr. Betty Bastien of the Blackfoot Confederacy explores the connection between reconciliation and climate change for Elders Teaching Series webinar on Jan. 27 http://ow.ly/6tzs50HEPUS
2
6
7";6;post_433
@arstechnica;"Humans have long been protected from fungal infections. Climate change could ruin that (via 
@WIRED
).
arstechnica.com
It’s time to fear the fungi
Humans have long been protected from fungal infections. Climate change could ruin that.
2
12
17";12;post_434
@BenDiamondFL;"Without hard work and careful planning  the impacts of red tide will likely get worse due to climate change. That's why we must address the root cause of the climate crisis AND hold corporate polluters accountable. We can and should do both.
insideclimatenews.org
Florida’s Red Tides Are Getting Worse and May Be Hard to Control Because of Climate Change - Inside...
A task force appointed by Florida Gov. Ron DeSantis to address the state’s algal bloom crisis concluded in a recent report that “without hard work and careful planning” adverse human health impacts...
3
16";3;post_435
@KevinRBing;"Echoing 
@DougOMalleyENJ
 - it's 
@GovMurphy
 turn to weigh in on this. Widening 
@NJTurnpike
 goes against 
@NJGov
 own goals on climate change  traffic safety  and investing in 
@NJTRANSIT
 We're just blowing toll $ to make more traffic
1
18";1;post_436
@WhisperKats;"Replying to 
@jennynoise
 and 
@samanthamaiden
I guess it's taken eyes of the Great RAT Mystery  aged care debacle  invasion day  people dying from Covid  climate change etc for a day or two.
1
2
49";2;post_437
@Chronotope;"Big Tech Bro Energy is moving your company into a state that will absolutely suffer terribly from climate change and that is actively attempting to prevent women from getting proper healthcare  with no accounting for either.
2
1
11";1;post_438
@janewbaldwin;"Attending AMS  interested in heat waves/ health risks  and looking for a session to join? Check out the 
@AMS_Health
 session happening now ""Improving Projections of Temperature–Health Outcomes with Climate Change"":
ams.confex.com
Improving Projections of Temperature–Health Outcomes with Climate Change
Over the past decade  projections of temperature-health outcomes with climate change have proliferated. Much of this work has been based on combined temperature-humidity metrics (such as wet bulb...
3
5";3;post_439
@healthy_climate;"Climate scientist 
@Jat_science
: ""The science could not be any clearer. We need to reach #NetZero emissions ASAP to avoid catastrophic climate change  otherwise extreme heat events  like we in Perth experienced  will simply become more normal.""

#HeatKills
theconversation.com
What drove Perth's record-smashing heatwave – and why it's a taste of things to come
Climate models point to these extreme heatwaves becoming more frequent in southwest Australia – a region considered a climate change hotspot.
1
3
10";3;post_440
@healthy_climate;"If climate change keeps you up at night or triggers anxiety and sadness  you may be struggling with climate anxiety #ClimateGrief #EcoAnxiety

From 
@psycomnet
  here's a look at this growing problem and what you can do to build hope and resilience 
psycom.net
Climate Anxiety & Climate Grief: Expert Coping Tips
Climate anxiety and climate grief explain the mental health impact of climate change. Mourning environmental losses from global warming? Here's what to do.
6
7";6;post_441
@ProtectWinters;"Olympians Brock Crouch  
@jessdiggs
  & 
@mrDavidWise
sounding the alarm on climate change today on #MyNewFavoriteOlympian podcast with 
@ApoloOhno
. Check it out! (
@SRubinroit
)
podcasts.apple.com
My New Favorite Olympian: Team USA battles climate change on Apple Podcasts
Show My New Favorite Olympian  Ep Team USA battles climate change - Jan 26  2022
4
7";4;post_442
@SnazzyGerbil;"Replying to 
@WendyOrent
 and 
@amybarnhorst
I feel like it’s not JUST the pandemic but it is a turning point where climate change and political/civil unrest coupled with the pandemic has shifted us and will keep shifting us. Climate change will be exponentially worse in the next few years. There’s no getting back to normal
1
10";;post_443
@MotherJonesFood;"Our partner 
@FERNnews
 is hiring a Midwest Climate Reporting Fellow  someone to report on how climate change is affecting food and agricultural systems and equity issues among food-system workers in the Midwest region. More here:
thefern.org
Jobs | Food and Environment Reporting Network
No jobs at this time.
3
5";3;post_444
@CalNBC;"“Because of climate change  water temperatures along much of East Coast have warmed faster than 96 percent of world’s oceans.” 
https://nbcnews.com/news/weather/bomb-cyclone-slam-northeast-new-england-weekend-rcna13609… via 
@nbcnews
 @KathrynProciv
nbcnews.com
Nasty nor'easter could slam the Northeast and New England this weekend
A coastal storm is forecast to intensify rapidly into a bomb cyclone over the Atlantic. How close it tracks to the coast will determine whether there is just a dusting or a crippling blizzard from...
2
3
8";3;post_445
@314action;".
@314action
 STEM champions will lead new task forces on climate change:

 #IL06's 
@SeanCasten
 will co-chair the Power Sector Task Force.

 #WA08's 
@DrKimSchrier
 will co-chair the Climate and Agriculture Task Force.

To solve problems  #ElectScientists.
washingtonpost.com
Analysis | House Democrats to launch three climate task forces
The House Sustainable Energy and Environment Coalition on Thursday will formally launch three task forces focused on tackling key aspects of the climate crisis.
4
5";4;post_446
@HarmSaeijs;"Replying to 
@PEspinosaC
 @AlokSharma_RDG
 and 
@UNFCCC
""Holding the increase in the global average temperature to well below 2°C and pursuing efforts to limit the temperature increase to 1.5°C above pre-industrial levels  recognizing that this would significantly reduce the risks and impacts of climate change""
https://unfccc.int/process-and-meetings/the-paris-agreement/the-paris-agreement…";;post_447
@DawnTJ90;"Climate change causes warm winters. 

Global warming causes cold winters. 

CO₂ : The most amazing molecule evah!
16
64
153";64;post_448
@estherk_k;"I don't want to hear anyone talking about 'credibility' in the climate change discussion. 

You literally trotted a teenager with mental health issues around the world to be the expert on these issues.
44
118
874";118;post_449
@cheryl_kernot;"“The Morrison government will today promise $1bn for G Barrier Reef conservation over the next decade  as the natural wonder faces an existential threat from climate change that Australia is helping to accelerate.”Just like those Govt energy ads dominating tennis - erasing past!!
54
149
631";149;post_450
@climatecouncil;"“I have been watching the reef decline for 30 years. Climate change is the number one threat. The only way to protect the Reef from this threat is to move rapidly away from fossil fuels like coal  oil and gas.” - Leading ecologist  Prof Lesley Hughes.
14
280
635";280;post_451
@AssaadRazzouk;"The world's largest lender to fossil fuels  JPMorgan  is trying to silence investors on climate change by fighting 4 shareholder petitions - from nuns and activists - at the SEC

The legal climate juggernaut is taking off and they won't be able to stop it

https://ft.com/content/70d783fd-64cd-41dc-9847-9d5dc0c8630c…
4
91
153";91;post_452
@GDixon1977;"About LNPs Can Do Capitatim Let It Rip ideology. Glasgow COP26 Climate Change Conference proudly headlined by gas companies  left little doubt that Australian leadership lacks even a vague sense of what massive new gas developments & climate change...2/
2
10
17";10;post_453
@elephantboulder;"If you care about coffee  avocados  cashews  or chocolate  you care about climate change.
1
5
31";5;post_454
@BrndnStrssng;"It’s official old buddy  the DGA doesn’t care about Climate Change
Quote Tweet
DiscussingFilm
@DiscussingFilm
 · Jan 27
The DGA nominees for Best Director are:

Denis Villeneuve  ‘Dune’
Kenneth Branagh  ‘Belfast’
Steven Spielberg  ‘West Side Story’
Paul Thomas Anderson  ‘Licorice Pizza’
Jane Campion  ‘The Power of The Dog’

Read the full nominees list: http://bit.ly/DFGAgr
3
2
91";2;post_455
@TXClimateJobs;"Our mission? 

Fight climate change.
Provide good-paying  family-sustaining wages.
Create a clean energy economy that works for every Texan.
5
15";5;post_456
@TonyHussein4;"Australia has the highest solar radiation (sunshine) per square metre of any country.

Architect of the Paris Agreement on climate change  
@CFigueres
 says Australia could power the world.

It is ideally suited for #RenewableEnergy. Sound on. 

#DemVoice1
Quote Tweet
UNSW
@UNSW
 · Jan 26
""Australia could be the energy centre of the world… exporting #RenewableEnergy to the entire world & three other planets."" 

Architect of the Paris Agreement on climate change  @CFigueres says Australia could power the world through its renewable energy resources. 
Show this thread
2
58
72";58;post_457
@jdeheij;"Animals and humans are dying all over the world due to extreme floods and droughts because of climate change.

NZ government; we dont care about climate change  however inconveniencing drivers is a major issue for us. 
Quote Tweet
Greater Auckland
@GreaterAKL
 · Jan 27
Government have gone for the worst of both worlds option of tunnelled light rail. They're also announcing they're bringing forward discussion on another harbour crossing
Show this thread
3
2
23";2;post_458
@minnpop;"Join us for our first seminar of the semester on Monday  Jan 31! Dr. Molly Brown from the University of Maryland will be presenting ""Climate Change and Food Security"". Find details on how to attend via Zoom or in-person on our website. https://pop.umn.edu/events/seminar-series…
ALT
4
8";4;post_459
@RepPeterDeFazio;"We only have one planet  and one chance to get ahold of the #ClimateCrisis before it’s too late. Let’s pass the #BuildBackBetterAct  which includes the largest investment in the fight against climate change in US history.
4
21
65";21;post_460
@Duarte_UNOSAA;"#Africa cannot be complacent on energy and climate change. Energy access is among the major building blocks to deliver services  adapt to climate risks and provide sustainable livelihoods  ensuring the continent’s peace  security  and development for the next generation.
Quote Tweet
Inter Press Service
@ipsnews
 · Jan 27
Energy presents a multiplier effect for Africa’s renaissance. It's the cornerstone to ensuring food security by improving efficiency in food production  storage  transportation & job creation through value addition  writes  B.  Yohannes-Kassahun  @UNOSAA1 https://ipsnews.net/2022/01/road-cop27-africa-cannot-complacent-energy-climate-change/…
10
18";10;post_461
@Dragofix;"Climate change lawsuit to hold oil companies accountable #Climate #ClimateChange #oil #fossilfuel #FossilFuels
inhabitat.com
Climate change lawsuit to hold oil companies accountable
Recently  a Virginia federal appeals court heard a case regarding the role of fossil fuel companies in driving climate change. Major fossil fuel companies face several charges from cities and…
6
6";6;post_462
@Forbes;"Your Natural Gas Stove Is Fueling Climate Change And Harming Your Health—And It’s Worse Than Scientists Thought https://forbes.com/sites/jeffkart/2022/01/27/your-natural-gas-stove-is-fueling-climate-change-and-harming-your-health-and-its-worse-than-scientists-thought/?utm_campaign=forbes&utm_source=twitter&utm_medium=social&utm_term=Valerie…
35
28
57";28;post_463
@AllanSeymour1;"After 8 years of the LNP doing nothing about climate change  now we get a big $ announcement that  if any action is actually taken  will only kick the can down the road.

Also another failed attempt to treat the disease rather than address the cause.
thenewdaily.com.au
$1 billion to be injected into Great Barrier Reef to stave off 'in danger' listing
The Morrison government will promise another $1 billion to help save the ailing Great Barrier Reef which is still at risk of being listed ""in danger"" by
2
5
12";5;post_464
@KeillerDon;"It’s real threats like this  not the phantom “menace” of climate change we should be worried about.
sci-news.com
Extreme Solar Storm Hit Our Planet 9 200 Years Ago | Sci-News.com
During solar storms  the Sun expels large amounts of energetic particles that can react with the atmosphere of Earth and produce cosmogenic isotopes such as carbon-14 (14C)  beryllium-10 (10Be) and...
2
9
28";9;post_465
@VanessaSpedding;"""Even with things that can be measured  economists make equally foolish assumptions—such as that climate change only affects industries exposed to the weather"" - YES - the utter vacuity of this thinking is mind-blowing!!
iai.tv
What economists get wrong about climate change
A series of new papers by economists suggest that even if we did nothing about climate change  the impact on global GDP would be miniscule. The only problem is  the assumptions these economists make...
2
8
13";8;post_466
@Ugaman01;"While #climatechange impacts the entire world  it does not impact everyone equally. It disproportionately affects non-wealthy countries  despite these countries contributing a small share of global emissions. Climate change could push up to 130M more people into poverty by 2030.
3
11";3;post_467
@beer_nun;"Replying to 
@beer_nun
 @StevePriceMedia
 and 
@AusTodayListnr
The guy who has no courage to deal with climate change  the guy who is owned by Murdoch and big business? Yeah  nah. #VoteThemAllOut2022
20
77";20;post_468
@_MatthewDillon;"This Farm Bill needs to get our ag-food system closer to a True Cost Accounting model. In part that requires accounting for how farming practices enhance or mitigate climate change. It also requires better localized data collection to do that assessment. 1/n
1
2
21";2;post_469
@OmarAlghabra;"Great news for public transport systems across Canada! These funds will help shorten people’s commute  grow a strong  healthy economy and help fight climate change. These kind of funding opportunities are the key to reaching our net-zero goal by 2050.
Quote Tweet
Dominic LeBlanc
@DLeBlancNB
Officiel du gouvernement - Canada
 · Jan 27
Heads-up - we are now accepting applications for the Zero Emission Transit Fund  the Active Transportation Fund and the Rural Transit Solutions Fund! It will help communities of all sizes across the country build transit systems that are tailored to their needs and realities.
Show this thread
31
8
25";8;post_470
@ITK_CanadaInuit;"Inuit Tapiriit Kanatami (ITK) is seeking a videographer to collaborate with the ITK’s Policy Advancement – Climate change team to create a series of seven short informative videos about climate change in Inuit Nunangat.
Deadline: February 22nd  2022
https://itk.ca/expression-of-interest-videography-for-seven-videos-about-climate-change/…
6
6";6;post_471
@rhydianc;"Hancock's chairman  Gina Rinehart  is a well known climate denialst. This sportswashing partnership undermines the AOC's sustainability action plan  and its being a signatory to the 
@UNFCCC
 Sports for Climate Action Framework.
olympics.com.au
Sustainability Action Plan
The AOC became a signatory to the United Nations’ Sports for Climate Action Framework during December 2020  acknowledging the active role that sport...
4
28
99";28;post_472
@mattsko;"Replying to 
@RPG_volley
The F-35 has now mostly disappeared from the waters of the Atlantic. Damn you climate change!
3
22";3;post_473
@insideclimate;"Not only do gas-powered stoves fuel climate change  they emit more harmful pollutants than previously thought  a new study says. The research comes as places like New York City prepare to ban natural gas appliances in new buildings.
insideclimatenews.org
Gas Stoves in the US Emit Methane Equivalent to the Greenhouse Gas Emissions of Half a Million Cars...
Natural gas stoves emit far more methane than previously thought  as well as harmful nitrogen oxides in concentrations that can quickly exceed federal safety standards  researchers at Stanford...
1
7
11";7;post_474
@rhydianc;"Replying to 
@AUSOlympicTeam
With Hancock Prospecting being active in the coal  petroleum and beef industries  this is more like a climate change-making partnership. Very disappointing to see this sportswashing  undermine your sustainability action plan.
7
187";7;post_475
@bobbyb1892;"Replying to 
@jordanbpeterson
 and 
@joerogan
Climate change won’t “destroy the planet” the planet is just fine and has been for billions of years….

It might destroy humans on it though which  in reality  is probably the planet’s equivalent of us doing a juice cleanse.
4
3
63";3;post_476
@RDXsurprise;"Replying to 
@KafkaRockOpera
 @steinkobbe
 and 2 others
Listen to him try and talk over a doctor about how vaccines work. Or get impressed by Jordan Peterson thinking word salad means that climate change isn't real. The guy has garbage guests and is bad at interviewing them.
2
1
185";1;post_477
@EPAMichaelRegan;"To tackle climate change  we need a whole-of-government approach.

This is a prime example of how 
@EPA
’s partnerships with state and local agencies will help us reduce waste and build a more sustainable future.
Quote Tweet
EPA Land
@EPAland
 · Jan 27
Our Food Recovery Challenge winners & participants spearheaded efforts to reduce food waste & #climate impacts! They’ve prevented & diverted over 1.2 million tons of food waste from entering landfills & incinerators! 
https://epa.gov/sustainable-management-food/food-recovery-challenge-results-and-awardees#2021%20National…
2
13
32";13;post_478
@EUatUN;"Based on real evidence  climate change impacts women and girls differently to men  mainly due to their socially constructed roles and responsibilities.

 Amb. 
@CarolynRB1
 outlined the experience of Guyana in addressing gender-based violence in the context of climate change.
1
4
8";4;post_479
@RobertStavins;"Superb essay that should read by all those concerned about climate change  and I'm not praising it because it happens to be authored by my colleague Meghan O'Sullivan and friend Jason Bordoff.
nytimes.com
Opinion | Russia Isn’t a Dead Petrostate  and Putin Isn’t Going Anywhere
The transition to cleaner energy will make it possible for petrostates to wield significant geopolitical and economic power.
1
3
17";3;post_480
@NRDC;"January 27th marks the one-year anniversary since the 
@WhiteHouse
 historic climate executive order for #AJustClimate. We urge 
@POTUS
 to #ACTNow to deliver on the promises made  to tackle climate change + environmental injustice! #ActOnClimate 
@AJustClimate
4
22";4;post_481
@EDFEnergyEX;"Texas continues to lag on enforcing real action to keep methane out of the air  and Permian emissions are still out of control.

If Texas is to address climate change  improve air quality  save money and lives—it needs 
@EPA
 to step in and #CutMethane.
texastribune.org
(Paid Post) Why EPA’s plan to regulate oil and gas methane emissions is good for …
Methane  a short-lived but extremely potent greenhouse gas  is having a major news-making moment — and it’s good news for Texas.
4
5";4;post_482
@SteB777;"What these right wing extremists mistakenly believe is that anti-environmentalism and climate change denial is popular. Whereas in reality the majority of the public are concerned about climate change and environmental impacts.
11/
news.sky.com
Climate change: UK public concern over environment double that of the economy  poll finds
Concern over the climate  environment and pollution was equally high for Labour and Conservative voters and similar for different social grades.
2
5
22";5;post_483
@carlammm;"I'm teaching about climate change and conflict in my undergrad class this week  but managed to connect it to basing with this awesome paper by 
@JeffDColgan
 !
Climate Change and the Politics of Military Bases https://direct.mit.edu/glep/article/18/1/33/14902/Climate-Change-and-the-Politics-of-Military-Bases#.YfMRl-2BTSY.twitter…
1
2
8";2;post_484
@ConservationOrg;"Birds & small mammals are critical to dispersing & planting seeds. But as climate change accelerates  these creatures are migrating to new ecosystems that better suit their needs  leaving plants w/out a way to spread their seeds.

Story by: 
@andreatweather
 https://ci-intl.org/3rUZM0f
4
14";4;post_485
@Ugaman01;"The nations hit hard by climate change are not the biggest emitters of greenhouse gases and pollution. 

Nations contributing to this pollution should foot the cost in equal measures to help struggling nations overcome the climate change challenges. #ClimateActionNow
6
9";6;post_486
@mchooyah;"Climate change policies are going to destroy your livelihood long before climate change does.
351
3 354
19.5K";3354;post_487
@GDixon1977;"If the media sponsored debates between ministers &  shadow ministers  we could see Marise Payne facing off against Penny Wong on foreign affairs  Angus Taylor & Chris Bowen on climate change  Josh Frydenberg & Jim Chalmers on the economy  Greg Hunt & Mark Butler on health &...2/
74
321
981";321;post_488
@swishytail;"I did a delivery for the 
@BikeBrigade
 ! Fight climate change  help out someone who needs food delivered and get a bike workout to boot.  What's not to like?
3
7
25";7;post_489
@MeidasTouch;"The Lost Debate Podcast crew absolutely destroy Joe Rogan and Jordan Peterson’s climate change nonsense in under 90 seconds!
54
611
1 694";611;post_490
@GwenBurnyeat;"I’m not usually into thrillers but this was fabulous. A racy thought-experiment about what it would be like to share a body with 4 others in a dystopia where body-sharing is a response to climate change
3
9
33";9;post_491
@FredChristian10;"Please Read And Call Tweet Email ....The Homeless In Miami Are Not Used To Cold Weather .... Climate Change Is Real And It Affects Us All... FYI ....I Did Not Make This Flyer But Am Sharing To Help
6
4";6;post_492
@Dearyounggrad;"#FridayScholarshipBonanza

PhD position of Forest Ecology and Climate Change Adaptation
4
12";4;post_493
@drvolts;"To say ""this does not bode well for dealing with climate change"" is the understatement of the epoch. 

Anyway  Adam said all this in a more articulate way; read his post.
3
13
209";13;post_494
@Karmageddon67;"The MAIN DRIVER is of course OVERSHOOT - population and economic growth. Which happens to be also the main driver of climate change. But a lot seem to be unable to mention the ‘population’ word which of course means it won’t be addressed. Doom.
Quote Tweet
Gurharminder Singh
@GurharminderS
 · Jan 28
#ClimateChange is one of the major driver of staggering & unprecedented loss of #biodiversity    

#ForNature #WildlifeExtinction #ClimateAction
1
12
23";12;post_495
@DohaDebates;"""Everyone keeps saying that climate change is an existential threat... And yet they just carry on like before.""

Since 2018  Greta Thunberg has been pressing lawmakers to take action on climate change.
1
15
20";15;post_496
@drvolts;"You already see them approaching climate change the same way  as if the problem is  ""we're losing the cable-news battle on this; we need better things to say."" Zero signs of awareness that the problem is an *actually existing phenomenon in the world*  not a comms challenge.
4
20
157";20;post_497
@PSUstormwater;"So lucky that more folks weren't injured in this collapse. 
This bridge is 1/3353 (15% of total) bridges in PA rated as poor condition! and this is representative of our broader needs for infra improvement. Let's make sure build back better= smarter + climate change-ready
Quote Tweet
Bloomberg CityLab
@CityLab
 · Jan 28
In today's #CityLabDaily: Collapsed Pittsburgh bridge was in poor condition https://trib.al/qHZDSw2
1
2
21";2;post_498
@TalkingTranspo1;"""there’s a large swathe who are aware of climate change and have a general tilt towards doing something  but are easily displaced by concerns about cost and inconvenience and are reluctant to change their ways of doing things. That’s the challenge for politicians""
Quote Tweet
Robert McLachlan
@nzcpe
 · Jan 25
'We do all need to change our ways of living': New interview with @dvdjhnhll on climate change and democracy @BMHayward  https://blog.planetaryecology.org/2022/01/26/we-do-all-need-to-change-our-ways-of-living-interview-with-david-hall-on-climate-change-and-democracy/…
2
6";2;post_499
@jstnbrdtt;"Friend: How are you?
Me: [trying to raise a young family during a pandemic  the bridge we take every day collapsed  the deadliest anti-Semitic hate crime happened blocks from our daycare  there’s an ongoing threat to US democracy & the specter of climate change looming] I’m fine
2
3
15";3;post_500
@DevolutionMomb1;"MOMBASA COUNTY CLIMATE POLICY 

The 
@MombasaCountyKe
  through the Department of Environment  Waste Management & Energy have attained milestone achievement on climate change adaptation & mitigation. 
@HassanAliJoho
 @AbassIlhan
 @Environment_Ke
 @EnvironmentMom1
#climatechange
4
5
11";5;post_501
@Wildaboutmusic;"Because #JeffGoldblum is trending  I want to say that working with Jeff when he charmingly hosted the 2021 ⁦
@green4EMA
⁩ Awards was the best kind of positive emotional climate change.
1
1
16";1;post_502
@Rep_Stansbury;"Climate change is one the greatest challenges of our time. It's a threefold challenge: a chemistry  economics and political problem. 
 
We have the tools to solve the first two—but must mobilize the political will to act. It’s time for the Senate to pass the #BuildBackBetter Act.
2
28";2;post_503
@KyleBetit;"Congrats 
@a_loayza_grisi
 ! We saw UTAMA a few days ago 
@sundancefest
. It takes place in rural Bolivia and spotlights climate change.
Quote Tweet
SundanceFilmFestival
@sundancefest
 · Jan 28
 World Cinema Grand Jury Prize: Dramatic goes to UTAMA  directed by Alejandro Loayza Grisi (@a_loayza_grisi). #sundance
Show this thread
7
23";7;post_504
@simon_rosenberg;"""In an entire prime ministerial press release about trying to look after the #GreatBarrierReef  there was not one reference to climate change  just a couple of coy ones to 'adaptation'"". - Laura Tingle #ClimateActionNow #auspol
abc.net.au
After the world's most awkward photo-op  Morrison is being haunted by a string of other unfortunate...
The events this week which have leapt out of the Prime Minister's calendar all come with the sound effects of someone smacking into unfortunate reminders of the recent past  writes Laura Tingle.
1
10
45";10;post_505
@Veggielution;"Do you want to help address climate change in your community? If so  apply to become a California Climate Action Corps fellow! 

To learn more about the program visit the CCAC website: https://californiavolunteers.ca.gov/about-california-climate-action-corps/… 

To sign up follow this link: https://tfaforms.com/4922172
1
3";1;post_506
@Independent;"Federal Court revokes oil and gas leases  citing climate change
independent.co.uk
Federal Court revokes oil and gas leases  citing climate change
Shell  BP  Chevron and Exxon Mobil offered $192 million for the rights to drill in the area offered by the government
5
5
9";5;post_507
@scigallerymel;"Are you taking action to address climate change (even on a small scale)? 

The 
@ScienceGallery
 Youth Symposium returns in hybrid online form for young people from around the  to talk about what's getting them hot and bothered in 2022. 

Find out more: https://sciencegallery.org/opencall/youthsymposium22-opencall…
6
5";6;post_508
@FrontMarineSci;"New Research: Global Patterns of Coastal Cephalopod Diversity Under Climate Change: Coastal marine ecosystems are currently being exposed to climate change at a much faster rate than many other ecosystems  with coastal species being… https://frontiersin.org/articles/10.3389/fmars.2021.740781?utm_source=S-TWT&utm_medium=SNET&utm_campaign=ECO_FMARS_XXXXXXXX_auto-dlvrit… #MarineScience
frontiersin.org
Global Patterns of Coastal Cephalopod Diversity Under Climate Change
Coastal marine ecosystems are currently being exposed to climate change at a much faster rate than many other ecosystems  with coastal species being exposed to multiple stressors. Cephalopod mollusks...
1
2
9";2;post_509
@Mercury_United;"Replying to 
@lynlinking
 and 
@WgarNews
Whether it be a federal ICAC  carparks that are still yet to be built  a $4 Billion dollar bushfire recovery fund or serious climate change reform  LNP promises are often worth less than zero. #auspol #ScottyDoesNothing
1
6
11";6;post_510
@Princelysum;"Replying to 
@AUSOlympicTeam
Totally inappropriate. Not all money is good money. Climate change affects poorest nations first. What about your Olympic values
3
12";3;post_511
@N_Ulibarri;"Excited to share this new piece on NEPA and climate change: Consideration of climate mitigation and adaptation in infrastructure review processes https://doi.org/10.1088/2634-4505/ac5006… via 
@IOPscience
 1/
1
2
18";2;post_512
@NellieGorbea;"The Ocean State must be a national leader in the transition to make our state more resilient to climate change while also taking advantage of the economic opportunity this transition offers. Join me to make a more sustainable Rhode Island.
nelliegorbea.com
Climate
1
3
7";3;post_513
@rmslim;"Interesting discussion with 
@JenHijaz
 @ABarnardNYT
 @AtyyatFarah
 @GebeilyM
 @GhadaaSharif
 about covering climate change in the MENA region
Quote Tweet
Nahal Toosi
@nahaltoosi
 · Jan 28
Did you miss @AMEJA‘s awesome panel on covering climate change in the Middle East & North Africa today? We recorded it! Check it out: https://facebook.com/watch/live/?ref=watch_permalink&v=687301405762517…
2
6";2;post_514
@ClimateSignals;"As the East Coast prepares for a historic nor'easter  here's how climate change sets the scene:
- Warmer oceans increase storm intensity
- Higher atmospheric moisture increases total precipitation potential
- Sea-level rise increases coastal flooding risk
 https://bit.ly/3o8utO9
7
8";7;post_515
@aubreygci;"Replying to 
@ClimateBen
C Lagaarde was IMF. ""Growing agreement between economists & scientists tail risks are material & the risk of catastrophic & irreversible disaster is rising  implying potentially infinite costs of unmitigated climate change  including human extinction."" http://gci.org.uk/Documents/IMF_infinite_climate_damages.pdf…
2
5
9";5;post_516
@HenrikHindby;"Replying to 
@Soronya
 @MichaelEMann
 and 
@DeSmog
Saying climate change cant be caused by mankind because it has changed naturally in the past is like denying the existence of arson because fire existed before humans. It's absurd.
2
11";2;post_517
@MtnLionFdn;"A new study finds that predators buffer ecosystems against the effects of climate change  protecting biodiversity in the face of heat waves and other extreme events. Protecting America’s lion is a climate adaptation strategy at https://mountainlion.org/climate
sciencedaily.com
Predator species help to buffer climate change impacts on biodiversity
Predator species may buffer the negative impacts of climate change by mitigating against the loss of biodiversity  according to new research. The team of scientists behind the discovery say their...
6
13";6;post_518
@Craigipedia;"To 
@stephenfhayes
’ credit  he doesn’t support Donald Trump’s particular brand of fascism… but that’s all he brings to the table for 
@NBCNews
. You want a guy who lies about Iraq and Benghazi and climate change and who supports torture? He’s your man!
mediamatters.org
NBC News tilts toward neoconservative opinion with hiring of “Trump skeptic” pundit Stephen Hayes
2
6
21";6;post_519
@republicEn;"From our friend 
@BenjiBacker
:
""NIMBYs stand in the way of addressing climate change""

An #EcoRight must read touching on how we need to be open to climate solutions  even if they are in our own backyards
washingtonexaminer.com
NIMBYs stand in the way of addressing climate change
As usual  progressive environmentalists are making perfect the enemy of good — this time in Amherst  Massachusetts. The victim? Solar power.
1
4";1;post_520
@nprpolitics;"A federal judge has revoked oil and gas leases sold in the Gulf of Mexico in November  saying the Interior Department did not take into account its impact on climate change.
npr.org
A federal judge canceled major oil and gas leases over climate change
The ruling revokes leases sold in the Gulf of Mexico in the largest oil and gas lease sale in U.S. history. It says the Interior Department failed to consider the greenhouse gases it would produce.
10
29
97";29;post_521
@commondefense;"""A majority of voters (70 percent) think it is important that Congress addresses climate change.""
dataforprogress.org
Voters Say It’s Time for Congress to Take Action on Climate Change
70 percent of voters think it's important that Congress addresses climate change.
1
7
15";7;post_522
@PeterDClack;"World climate will not change by a trillionth of a degree due to anything mankind is doing or can do. Humanity makes no difference to the natural cycle of earth/sun/nature. Earth evolved without us. It will go on after us. Its a fake UN hoax of fear  lies  myth & corruption.
80
557
1 583";557;post_523
@BadrobotLinda;"We need to start emphasizing shared values 

Americans Support all or some parts of
Vaccinations 74%
Infrastructure 62%
Climate Change 64%
Same Sex Marriage 70%
Marijuana 68%
Abortion 60%

Only 33% believe the Big Lie  but they are loud and unrelenting

#DemVoice1
17
102
163";102;post_524
@davidhogg111;"You can “not believe” and climate change or the vaccine the same way I can “not believe” that the sky is blue. 

You can say you believe in whatever the fuck you want but it doesn’t change reality.

Truth is not a matter of opinion.
96
177
1 235";177;post_525
@PaulEDawson;"Tackling climate change isn't just about averting disaster.

It's also about making the future better than today.

We need an optimistic vision of the future that makes us jump out of bed in the morning excited to put the work in to make it a reality. 
12
79
238";79;post_526
@Climate24877412;"To fight poverty globally  we need to accelerate efforts against climate change.
4
19
45";19;post_527
@MarkCranfield_;"Climate change will have a field day with bridges.
Quote Tweet
Adam Tooze
@adam_tooze
 · Jan 29
“We’ve been so far behind in infrastructure  it’s mind-boggling ”
Across the country there are 45 000 bridges in poor condition
https://ft.com/content/03719b19-ff06-429b-9ead-53526a404759…
1
6
24";6;post_528
@sweaterduodaily;"Set the world border to 500000.0 block wide

Minecraft  but Every 5 Minutes the Sea Level Rises was so great i wish climate change was real
- 
@SequoiaInTheBox
 
#wilbursootfanart #jschlattfanart #sweaterduo
3
69
298";69;post_529
@SimonTemplarGB;"About -1⁰ here at the moment  -29⁰ in Canada. I blame Climate Change.
4
2
20";2;post_530
@NoahBakerLong;"Reps Scott  Strickler  Townsend and Montoya have all moved passed denial of climate change  skipped right over action  and landed firmly on despondency. They want you to think there is nothing NM can do to stop climate change. Fortunately  they are wrong.
2
8
32";8;post_531
@Denlesks;"Obviously the Left is going to pivot from Covid to Climate Change as a tool for oppression but they love a visible sign of dominance such as a mask. Watch them require all non-electric cars to have a huge N95 mask over their grill.
1
2
9";2;post_532
@EasyBakedOven;"All these assholes complaining about COVID mask mandates are going to have a real hard time adjusting to the sand dunes apparel of climate change
GIF
ALT
7
1
34";1;post_533
@BaeBielle;"Climate change has brought suffering to my army
Quote Tweet
Not a Man
@BaeBielle
 · Jan 23
!!!!
Show this thread
37";;post_534
@sbkaufman;"I fully admit:

I am not an expert on climate change.

I am not an expert on vaccine effectiveness and its implications.

I *am* trained in the scientific method and know how to read a scientific paper.

I want to hear multiple perspectives from those who take science seriously.
16
11
173";11;post_535
@jordantyranny;"idioteque guide to climate change.

boomers: ""take the money run  take the money run!""

gen x: ""here i'm alive  everything all of the time!""

millennial: ""ice age coming  ice age coming...""

gen z: ""we're not scare mongering  this is really happening  happening!!!""
3
3
26";3;post_536
@suedoeskelowna;"I want a leader that doesn’t tolerate hatred  bigotry  racism  conspiracy theories around vaccines or denial of climate change. I want a PM that supports women’s rights  LGBTQ2+ & indigenous rights. This is Justin Trudeau  not one Conservative does this. #IStandWithTrudeau
2
2
13";2;post_537
@Ugaman01;"“Climate change is a terrible problem  and it absolutely needs to be solved. It deserves to be a huge priority.” - Bill Gates
#ClimateActionNow
1
7
49";7;post_538
@KetanJ0;"""why aren't these activist journalists considering the option of just letting more people die from climate change........what about that scenario""
Quote Tweet
Eirik Wærness
@EWaerness
 · Jan 29
Oil and gas groups keep drilling despite green energy push - but sad that @FT reverts to activist journalism and does not distinguish between scenarios and forecasts  and only tells half the story of what @iea communicates https://ft.com/content/5c158a4f-24a7-49aa-a2e9-f07f918244ba…
3
12
85";12;post_539
@imthespecialk;"Not fashion oriented but he was an important activist in Mexico who fought for the survival of the monarch butterfly and was murdered because of it  a reminder that the fight against climate change is social justice.
Quote Tweet
Tlacoyo de
@ogin92
 · Jan 29
Que no se nos olvide el trabajo de Homero Gómez y su familia. Que no acaben con la voz de lxs activistas mexicanos. El Estado está en deuda eterna por no garantizar su seguridad.
Show this thread
1
5";1;post_540
@MetricSqLtd;"This is the problem when you have an accountant help run the country they don't understand the basics of energy COP26 HAS FAILED 
Climate change: More drilling for North Sea gas is an unrealistic strategy for bringing down energy prices  Alok Sharma says
news.sky.com
Climate change: More drilling for North Sea gas is an unrealistic strategy for bringing down energy...
COP26 president Mr Sharma also rejects the idea that more North Sea gas would better protect the UK from any deliberate squeezing of supply by Russia. It comes after MPs who have established a 'Net...
1
2
6";2;post_541
@FeynmansMethod;"Gutes Video zur Bedeutung von Methan.
""Because cutting methane is the single fastest  most effective opportunity to reduce climate change risks in the near term.""
youtube.com
Ilissa Ocko: The fastest way to slow climate change now | TED...
""Cutting methane is the single fastest  most effective opportunity to reduce climate change risks in the near term "" says atmospheric scientist Ilissa Ocko. ...
1
2
9";2;post_542
@DanWhitCongress;"All Candidates Question:
""General Subject of Climate Change.""
@DanWhitCongress
1
4
7";4;post_543
@felly500;"Four ways climate change is affecting people’s health in England and Wales

Heat waves

Respiratory deaths on hot and cold days

Admissions in warm weather 

Drowning
theconversation.com
Four surprising ways climate change is affecting people's health in England and Wales
A new report uncovers how temperature-related deaths and hospital admissions have changed since 2001.
1
4
12";4;post_544
@insideclimate;"As climate change exacerbates flooding and droughts  insuring the nation’s farmers is becoming far more expensive  a new report says. Environmentalists say the skyrocketing crop insurance discourages farmers from adapting to a rapidly warming planet.
insideclimatenews.org
Increased Flooding and Droughts Linked to Climate Change Have Sent Crop Insurance Payouts Skyrock...
As climate change drives more droughts  rain and extreme weather across American farmland  the cost of insuring the country’s farmers has soared  putting taxpayers increasingly on the hook for the...
11
17";11;post_545
@Arkkon1;"Replying to 
@MarxistBunch
Is it censorship that Spotify refuses to host my podcast about farting? Is it censorship that CNN refuses to give me air time to talk about how aliens are causing climate change? Give me a break.
3
3
93";3;post_546
@DavidShoebridge;"Art and architecture is responding to the pressures of climate change. Arthur Boyd's new Bundanon art gallery has just opened in the Southern Highlands with fire-and-flood-resistant design putting most of it underground. This should inspire and warn both.
abc.net.au
Arthur Boyd's artworks safely embedded in the landscape he loved as underground gallery opens
Two years after a $46 million collection of renowned artist Arthur Boyd's work was almost lost to a raging bushfire  a new fire-and-flood-resistant gallery opens near Nowra.
1
13
29";13;post_547
@mat_schmaltz;"Replying to 
@PierrePoilievre
We are free.
And we use our freedom and democracy to come together and fight covid  climate change  and all the other very real threats to our society. We aren't afraid  we are strong and ready to face reality.
21
6
117";6;post_548
@GuardianNigeria;"Tanzania has successfully promoted its agricultural sector from $64 million to $779 million with an estimated $3 billion expected by 2025. Despite this  Tanzania is still concerned about climate change disrupting its big agricultural ambitions.
tv.guardian.ng
Tanzania’s striving economy
Tanzania has successfully promoted its agricultural sector from $64 million to $779 million with an estimated $3 billion expected by 2025. Despite this  Tanzania is still concerned about climate...
1
5
20";5;post_549
@marxdeane;"$1b plan to save Great Barrier Reef will fail without #ClimateChange action  expert says https://abc.net.au/news/2022-01-28/great-barrier-reef-still-faces-climate-threat-expert-says/100787444?utm_campaign=abc_news_web&utm_content=twitter&utm_medium=content_shared&utm_source=abc_news_web… via 
@ABCaustralia
""...A marine biologist says the funding won't help much without broader action on climate change...""
#ClimateActionNow
#MorrisonFail
#Auspol #LNPfail
abc.net.au
$1b plan to save Great Barrier Reef will fail without action on climate change  scientist says
The Morrison government's funding commitment has been criticised by a scientist who says it will mean nothing if global carbon emissions are not reduced.
3
6";3;post_550
@ClimateLes;"Replying to 
@ny_indivisible
The uproar is the result of a project that will undermine the health and safety of the community while at the same time speeding along climate change! #SaveEastRiverPark
1
7
15";7;post_551
@XiXiDu;"And I don't feel confident to rule out further transformative breakthroughs in the very near future.

If you're worried about how climate change will affect us 50 to 80 years from now  imagine what half a century of progress in machine learning might mean.
1
2
13";2;post_552
@queenannepatti;"Replying to 
@AvengerResister
Democrat. Ran for President. Cares about climate change and the environment.
3
31";;post_553
@sideen_dan;"Replying to 
@POWERmagazine
If “Nuclear is just not part of any feasible strategy that could counter climate change.”  what on earth is?
2
18";;post_554
@RayDonagh;"Morning swim sheltered from the ferocious westerly wind. So many dippers and swimmers braving the 8.5 C Irish Sea. The ice mile swimmers we disappointed though they needed 5 C of less. Climate change in real time??
14";;post_555
@ny_indivisible;"13/ MARCH 2018: Community Board 3 commits to endorsing the design for the ESCR project plan if certain adjustments are made. Adjustments include solar and wind lighting  plus more education about resiliency and climate change. #SaveEastRiverPark #BlizzardOf2022
3
6
16";6;post_556
@ny_indivisible;"8/ 2013: Obama launches Rebuild by Design  a nat'l design competition to prepare for future disasters. Architects & community develop a coastal plan-the BIG U-to reduce the risk of climate-change related storm flooding #SaveEastRiverPark #BlizzardOf2022 
http://rebuildbydesign.org/our-work/sandy-projects…
5
8
16";8;post_557
@luckymom34;"Replying to 
@Nomis97
 @asifintoronto
 and 
@givepeazachance
Agreed. Imagine if they chose to give the money from the GoFundMe page to small businesses rather than to truckers for fuel that contributes to the horrible effects of climate change.
1
20";1;post_558
@ny_indivisible;"6/ The East River Bblueway's goal “a vision of an accessible and dynamic waterfront that also addresses the urgency of climate change and its effects.” Prepared by WXY architecture w/HRA Advisors assisting.

#SaveEastRiverPark #BlizzardOf2022
urbanomnibus.net
The East River Blueway Plan - Urban Omnibus
Adam Lubinsky discusses a range of urban planning strategies and design opportunities to help get New Yorkers into the waters of the East River.
2
9
18";9;post_559
@AVMikhailova;"Plus: Who was the only individual COP26 President Alok Sharma had time to meet in the busy three months before the big climate change summit?

Answer - Stanley Johnson  the PM’s father
2
6";2;post_560
@knitvspurl;"Replying to 
@davidhogg111
 and 
@joelockhart
It's all connected - disinfo about COVID is related to disinfo about mass shootings & climate change & policing & it's destroying our democracy. The reality is that Gen Z will have to join the fight against disinfo if you want to win anything else. It all starts here.
31";;post_561
@Okyeamekwame;"Whiles I create music   write scripts   direct tv commercials  sustain a career for 25 years  become the  2017 
@UNICEF
 super dad  climate change Ambasador   creative director and CEO of ok communications . Ghana can add what I do . Tnx
Quote Tweet
I'm the table
@marthamwatha
 · Jan 29
Not she manages everything of mine including children  household  finances.
So basically she’s doing everything while you do what exactly Sir?
#TheCoven
1
2
9";2;post_562
@charabia539;"WAKE UP…Despite it’s Already TOO LATE
@POTUS
 U are ALLOWING the 
@Chevron
 s of thisto DO makes a MOCKERY of Any efforts to Remedy Climate Change
@COP26
 @UNEP
 @uncclearn
 @wef
 @g20rg
 @GretaThunberg
 @NOAAClimate
 @UNFCCC
Quote Tweet
Steven Donziger
@SDonziger
 · Jan 29
BREAKING: Major leak from oil pipeline in Ecuador's Amazon happening in real time. Saw many of these in @Chevron's oil fields; they were rarely remediated. 

The oil and gas industry treats our ecosystem like a trash bin. Thanks @AFrontlines for exposing.
1
3
3";3;post_563
@business;"A survey of 2 000 top executives shows how climate change is affecting companies and what they're doing about it (via 
@climate
) https://trib.al/z0Hijgo
3
8
15";8;post_564
@lorakolodny;"What Indigenous people can teach us about fighting climate change https://cnb.cx/3AKcBhD via 
@cnbc
 by 
@CatClifford
cnbc.com
What Indigenous people can teach us about fighting climate change
Julian Brave NoiseCat points out that practices like wildfire control and fishery management are returning toward ways that Indigenous people practiced them.
2
5";2;post_565
@aboutKP;"The effects of climate change are a public health issue disproportionately affecting vulnerable communities. Skip Skivington  VP of health care continuity and support services  shares with 
@hfmmagazine
 how we’ve prepared and our recovery efforts.
hfmmagazine.com
Environmental equity and the role of health care facilities
The effects of climate change  including natural disasters  are a public health issue of which many vulnerable communities bear the brunt.
1
9
17";9;post_566
@StephenLeahy;"Replying to 
@Fox96369
 @GeraldKutney
 and 3 others
Moore has been a paid spokesman for nuclear power and fossil fuel-intensive industries for more than 20 years  and his denial of climate change -- without any expertise in the matter -- is nothing new.
mediamatters.org
Who Is Patrick Moore? A Look At The Former Greenpeace Member's Industry Ties And Climate Denial
Conservative media are latching on to the climate change denial of Patrick Moore  who has masqueraded as a co-founder of Greenpeace. But Moore has been a spokesman for nuclear power and fossil...
1
3
7";3;post_567
@KurtSchlichter;"Climate change is a hoax
452
1 640
10.2K";164;post_568
@Milka89615296;"Climate change is another scam to generate billions . Whole Foods selling milk with a sign “ BY BUYING THIS MILK YOU HELP TO FIGHT CLIMATE CHANGE “
39
109
405";109;post_569
@tanelsonaus;"Spare a thought for all those kids wearing masks today to protect older people who do almost nothing for them to protect their future from dangerous climate change - if masks are mandated  why cant we mandate zero emissions??
13
67
502";67;post_570
@Comms_4_Climate;"Looking forward to the follow up:

‘The towns most at risk from climate change’ 
@FinancialReview
 

#endclimatesilence
2
10
31";10;post_571
@BenPennings;"This former #LNP politician gets paid over $500K/year as a fossil fuels mercenary  pushing for FASTER climate change every day. Our Federal Govt has now put him on the board of the increasingly corporate sponsored 
@CSIRO
. 

#auspol #ClimateCrisis #science
4
49
82";49;post_572
@Steigerworld;"Imagine the difference in the media coverage of Canadian Truckers  if the cause was climate change.
3
5
87";5;post_573
@PeterGleick;"Missing the point... We had the tech in the movie too  but politicians failed to use it.
Just like we can slow and stop climate change  but politicians are failing to do so.
#DontLookUp
3
12
60";12;post_574
@FacingFutureNow;"Methane has 80 times the warming power that CO2 has! This is massive!

Cows are one of the main sources of methane release! Limiting beef consumption is a key way to limit methane release and slow climate change

Learn More:
https://youtube.com/watch?v=0YKRoQdMLew&ab_channel=FacingFuture…
5
28
37";28;post_575
@EskimoInAfrica;"#savetheplanet?

Nope. #Earth does NOT need any saving. It will continue despite meteor strikes  #climate change or #Human
Stupidity.

#SaveHumanity? Now we're talking.

#Biology and #Paleontology are clear on this - adapt or become #extinct.

The planet won't care either way.
2
5
19";5;post_576
@ErrolHeather;"Bogus science paper reveals peer review's flaws | CBC News

That’s how you get Climate Change Scientific “Consensus”
cbc.ca
Bogus science paper reveals peer review's flaws | CBC News
A bogus scientific paper about a new anti-cancer compound was accepted by more than half of 300 scientific journals it was submitted to  despite having obvious and serious scientific flaws. The...
2
19
28";19;post_577
@GeorgeG13567824;"""Climate change"" is anything you want it to be. The climate has always been changing. What would be scary is if the climate really did stop changing.
Quote Tweet
Marc Morano
@ClimateDepot
 · Jan 30
Watch ""More Snow Is Less"" on YouTube - https://youtu.be/fMWS5ZjL02A
1
5
16";5;post_578
@DeepOceanObs;"Hi! My name is Walid from Algeria  I'm a PhD in marine & coastal geosciences. I work as a GIS officer and trainer  and my research focused on coastal erosion and submersion risks in Algerian center coasts  I'm interested on GIS  climate change and sustainable development. (4/12)
1
1
13";1;post_579
@TrishaMortimore;"Huge win for Neil Young and Joni Mitchell.  Now Spotify what are you going to do about all the RACISM and misinformation about Climate Change that Joe Rogan continually pushes on his podcast?
thehill.com
Spotify to add content advisory to podcasts that discuss COVID-19
Audio streaming giant Spotify announced it will add a content advisory to podcasts that discuss COVID-19 after several musicians boycotted the service due to virus misinformatio…
1
4
19";4;post_580
@eei_ng;"Climate Change Act: When will the implementation begin?
environewsnigeria.com
Climate Change Act: When will the implementation begin? - EnviroNews Nigeria
President Muhammadu Buhari in November 2021 made history when he gave ascent to the Climate Change Bill  making Nigeria the second country in Africa after Kenya to have a climate change Act. The...
3
4";3;post_581
@freedomunitedHQ;"#ClimateChange is undermining efforts to tackle #ModernSlavery but did you know modern slavery is connected to climate change

Read all about the connection and what needs to be done in our new blog post 

https://freedomunited.org/speak-free/climate-inaction-is-undermining-anti-slavery-efforts/…
3
7";3;post_582
@WasteCounter;"Nothing clean or green about incinerating plastic waste & spewing carbon emissions. What do you think causes climate change

""Bywaters...can collect non-recyclable material  such as plastic film  polystyrene  and bubble wrap  and convert it into energy for the National Grid.""
Quote Tweet
Blue&GreenTomorrow
@bluegreentweet
 · Jan 30
Embracing #EcoFriendly Strategies for Living Off of the Grid by @ryankhgb via @Bluegreentweet https://blueandgreentomorrow.com/energy/embracing-eco-friendly-strategies-for-living-off-of-grid/…
2
4";2;post_583
@_jack_fox_;"Climate change is an existential threat to millions of people around the world and is a challenge that calls for radical action...



Which is why we must kill hydro  nuclear  and denser more sustainable housing development...
2
5
39";5;post_584
@Alice_Wilder;"my friend langston and the team at the Tampa Bay Times have been working on this important series for *years* consider giving it a read if you're interested in how climate change is changing our coastlines.
Quote Tweet
Langston Taylor
@langstonitaylor
 · Jan 20
NEW PROJECT: In 2020  a mere tropical storm stunned Tampa Bay residents.

A stroke of terrible luck meant its surge peaked almost exactly at high tide.

“Well  what if the tide is always high?”

Read part 1 of a @TB_Times series two years in the making: https://projects.tampabay.com/projects/2022/hurricane/rising-threat/climate-change-flood-maps/…
Show this thread
2
10";2;post_585
@RealAmVoice;"This week's #GoldenHorseshoe goes to the State Department and the U.S. Embassy in Islamabad for a $1.3 million grant for consciousness-raising about the dangers of climate change in Pakistan.
americasvoice.news
U.S. Embassy Islamabad to award $1.3M for climate change consciousness-raising in Pakistan - Real...
Real America's Voice News is your one stop news and entertainment network.
1
11
7";11;post_586
@bernardchickey;"Many thanks too to all those who subscribe to my email newsletter and podcasts on the http://theKaka.substack.com. This community supports my reporting  analysis and commentary on housing  poverty & climate change.
Quote Tweet
TVNZ Breakfast
@Breakfaston1
 · Jan 30
New Zealand's inequality gap has widened during Covid and rental costs are playing a huge part. @bernardchickey
Show this thread
1
2
25";2;post_587
@billscheft;"Where is the school board outrage that Jake from State Farm has been black for a year? Forget climate change  there's your story!
11";;post_588
@d_e_mol;"Replying to 
@KurtSchlichter
Correction: AGW is a hoax. Climate change is natural and real.
3
3
14";3;post_589
@wokestbloke;"New Zealand is connected to the internet by four undersea cables  all of which are vulnerable to stuff like  oh I don't know  climate change? I personally wouldn't be betting that the internet  as currently constructed  is something that's going to last forever
4
10";;post_590
@HeyBooBoo16;"Replying to 
@realGregKarnes
Why do you think the Pope is singing the Marxist Globalist Swan Song regarding everything from Climate Change to Vaccines? The Catholic Church makes BIG BUCKS from illegal immigration. Why do you think this #FakePope dissed Trump every chance he could?
5
5";5;post_591
@senthazalravi;"These boomers only want this kind of solutions. Climate change is a lie.
Quote Tweet
Latest in Engineering
@latestengineer
 · Jan 30
Solar panels installed on Taihang mountain in China.
 https://twitter.com/amazing_physics/status/1487515990384590850/video/1…
1
5
10";5;post_592
@GetMeZarniwoop;"Replying to 
@RichardJMurphy
 and 
@afneil
Is Johnson's govt going to forgive others fined for breaking life-saving laws during a pandemic?

Is it going to forgive economic migrants crossing the Channel for a better life?

Is it going to forgive protesters trying to save us all from climate change?

#Gove
#JohnsonOut6
5
17";5;post_593
@abbiegoodman;"‘Walking into the lion’s den’: Cities and towns say they need help as climate change dangers grow ⁦
@BostonGlobe
⁩ #climatechange #mapoli
bostonglobe.com
‘Walking into the lion’s den’: Cities and towns say they need help as climate change dangers grow -...
A survey of officials from 111 Massachusetts cities and towns found that virtually all respondents observed climate change impacts in their communities.
1
6
4";6;post_594
@DrBobBullard;"A federal judge canceled major oil and gas leases over climate change
npr.org
A federal judge canceled major oil and gas leases over climate change
The ruling revokes leases sold in the Gulf of Mexico in the largest oil and gas lease sale in U.S. history. It says the Interior Department failed to consider the greenhouse gases it would produce.
1
16";1;post_595
@Geopol2030;"Replying to 
@DrJBhattacharya
From climate change to coronavirus  most scientists and experts just go along with the crowd without critical thinking or actively engage in ""noble lies.""
4
1
23";1;post_596
@noke_joke;"Replying to 
@AndrewAdriano14
 @MaximeSonnet
 and 
@PastAndPresennt
Looks like you dont know climate change at all
41";;post_597
@YaleClimateComm;"New research published in 
@ScienceAdvances
 shows that rare species of #Amazon #birds are not only decreasing in numbers  but also in mass — and climate change may be partly to blame: http://bit.ly/3H7TbG8 via 
@DiscoverMag
3
8";3;post_598
@simransethi;"""Climate change and racism are two of the biggest challenges of the 21st Century. They are also strongly intertwined. There is a stark divide between who has caused climate change and who is suffering its effects."" https://bbc.com/future/article/20220125-why-climate-change-is-inherently-racist?ocid=ww.social.link.twitter… via 
@BBC_Future
bbc.com
Why climate change is inherently racist
Climate change divides along racial lines. Could tackling it help address longstanding injustices?
3
10";3;post_599
@republicEn;"For long lasting solutions against climate change  we need bipartisan efforts to get us there. 

Check out this page from 
@TheCLCouncil
  which shows that carbon dividends is the bipartisan climate solution we need #EcoRight
clcouncil.org
The Case for a Bipartisan Solution | Climate Leadership Council
Policies that are supported by both parties are far more likely to pass and to last. And they can achieve more in the long run simply by standing the test of time. A stable policy  supported by both...
7
14";7;post_600
@DavePrichard;"Replying to 
@KurtSchlichter
 and 
@catturd2
I would specify. The fact that we control climate change is a hoax. Climates have changed over time forever.
2
1
46";1;post_601
@GeraldKutney;"Replying to 
@DawnTJ90
 @NorthWestBird
 and 5 others
Nobody cares what you think about climate science or climate scientists. You have no training or understanding in the climate sciences  and you have ZERO credibility. Your tweets are ignorant  disgraceful and disrespectful.

#ClimateBrawl #ClimateCrisis #ClimateEmergency
15
5
16";5;post_602
@HuwMerriman;"Great to listen to 
@AlokSharma_RDG
 deliver a brilliant talk on climate change and why we keep leading. Thanks to 
@SallyAnn1066
. Followed by a positive Sat morning canvassing in neighbouring #Hailsham for our local candidates Chris and Steve with 
@Caroline_Ansell
 @mimsdavies
Quote Tweet
Gerard FoxEFTA4
@Fox4HailshamNT
 · Jan 30
Great conversations in & around Hailsham  with councillors  local MPs & COP26 President @AlokSharma_RDG talking with students  residents & local businesses. Supporting Chris Bryant & Steve Keogh for District & Town Council elections on Feb 10th #hailsham #sussex #conservatives
15
7
12";7;post_603
@ConversationEDU;"Climate change doesn’t just affect the atmosphere and the oceans  it affects the Earth’s crust too – which can increase the number of earthquakes  volcanic eruptions and tsunamis. 
@CurtinUni
theconversation.com
5 ways climate change increases the threat of tsunamis  from collapsing ice shelves to sea level...
Climate change doesn’t just affect the atmosphere and the oceans  it affects the Earth’s crust as well.
7
9";7;post_604
@rorymeakin;"Replying to 
@drjennings
 and 
@duncanrobinson
Diversity coordination  climate change facilitation  social media hate crime investigation  pension and RNHS funding  magic mushroom consumption regulation  unreliable electricity generation subsidisation are a few on that list
1
7";;post_605
@prospect_uk;"Why flying to LA is no longer a joy   
@jojomoyes
 's diary.
""I no longer wish to be global. In two years too much has changed: the guilt of climate change  the pandemic and its weighty bureaucracy  but most of all me. I think I like being mostly still.""
prospectmagazine.co.uk
Jojo Moyes’s diary: Why flying to LA is no longer a joy - Prospect Magazine
Too much has changed since the pandemic—most of all me
4
11";4;post_606
@RobertS43498353;"Replying to 
@Boydist
 @Jeffrey75327765
 and 6 others
Trolls pretending to be scientists? Must be if they think the science is settled regarding climate change. Real scientists have a open mind. Fundamental physics is changing for instance. The big bang may not be real. I think our universe is but a molecule in the infinity of space
4
1";;post_607
@Jeffrey75327765;"Replying to 
@Boydist
 @RobertS43498353
 and 6 others
Not understanding is a virtue (your proper handle)  ALL OF YOUR POINTS ARE ADDRESSED IN THE PEER-REVIEWED LITERATURE AND THE LASTEST IPCC REPORTS. Climate change is not being discussed on Twitter or Facebook as if this is where the cutting edge science is. Get a life.
2";;post_608
@NemsiLLC;"Replying to 
@defis_eu
 @UNCCD
 and 10 others
Forgive my scepticism but  I grow concerned with the stance an practice of many agencies that  as opposed to real solutions  seem engaged in acquiring the most superlative and expensive technologies for monitoring and collating diurnal climate change statuses";;post_609
@PeterDClack;"There's no global warming or climate change. Shonky computer scenarios claim warming would be a global disaster. But warmer worlds have always been rich & life giving. Climate change is only about money. Carbon dioxide has sustained the rise of life on earth for 5 billion years.
25
180
374";180;post_610
@PeterDClack;"Global warming/climate change - the greatest most dishonest scam in history. Climate should be an averaging of weather over time. But a vast Goebbles style hoax was launched in 1988  when the UN and World Meteorological Organisation set up the IPCC. Its all about money & power.
20
211
485";211;post_611
@elfscribble;"Robert Jordan accurately capturing how people react in the face of blatant climate change...in a fantasy novel...thirty years ago. #WheelofTime
6
56
280";56;post_612
@adammgentle;"Thank you President Biden for providing $1.1 billion to save the Everglades. 

The entire nation will benefit from the impact this will have on climate change.
7
93
351";93;post_613
@anuragasclepias;"Important new study: climate change shifts migratory phenology   reducing migratory success of monarch butterflies

https://onlinelibrary.wiley.com/doi/10.1111/gcb.15957…
2
37
125";37;post_614
@SpaceflightNow;"Liftoff of SpaceX’s Falcon 9 rocket with the sixth COSMO-SkyMed radar remote sensing satellite  beginning a mission tracking maritime traffic  natural disasters  and climate change for the Italian Space Agency and the Italian military. https://spaceflightnow.com/2022/01/27/falcon-9-csg-2-live-coverage/…
1
10
65";10;post_615
@JesseOberoi;"Forget the pandemic. 

Forget climate change.

The biggest threat we face is rounded shoulders.
1
6
40";6;post_616
@JonesHowdareyou;"So we have—

Pandemic debacle/rising death toll especially aged care
Accelerating climate change policies
Anti-women stances
Misuse of public monies incl running an election campaign using taxpayers' money w/out calling an election/vote buying

What else won't get raised. #npc
1
11
32";11;post_617
@DerekCressman;"Climate change is real. It’s happening now. There’s even an app for it.
Quote Tweet
Ben Finley
@Ben_Finley
 · Jan 31
Sea-level rise on Virginia’s coast means that an afternoon rainstorm can strand hundreds of drivers on flooded streets. A traffic app now warns drivers of swamped roads in real time  illustrating how one city is trying to adapt to climate change https://apnews.com/article/climate-floods-storms-technology-business-18d37a8b449ccb8b9674b496329ae043…
2
18
32";18;post_618
@waterloosuze;"It all began with fraud and fugitive Canadian Maurice Strong in 70's who ended up a fugitive in China after stealing millions from the food for oil program 

The Big and Fatally Flawed Business of Climate Change
theepochtimes.com
The Big and Fatally Flawed Business of Climate Change
Commentary The world has been ending for decades. In 1989  a senior official from the United Nations Environment ...
3
16
18";16;post_619
@thewyliekate1;"Kudos to all the health care workers who protested yesterday. Climate change is a health issue and the main driver of climate change is burning coal  oil and gas. #HealthyClimate #ClimateActionNow #stopburningfossilfuels 
@DocsEnvAus
Quote Tweet
Healthy Futures
@HealthyFuturez
 · Jan 31
'Coal is a health hazard' so says the healthcare community who took action today outside @AGLAustralia #auspol #ClimateHealth http://bit.ly/CleanUpAGL #CleanUpAGL
4
13";4;post_620
@DrHolly;"Minnesota  we need to talk. About how climate change is affecting us and what we can do to fix it. Thanks for inspiring keynote 
@KHayhoe
 and issuing an urgent call to action (talking about it!) at the 
@UMNclimate
 Awards
ALT
8
20";8;post_621
@CalVolunteers;"Fight climate change. Build High-Speed Rail. Pass it on. #CleanGreenHSR
Quote Tweet
CA High-Speed Rail
@CaHSRA
 · Jan 31
Fight climate change. Build High-Speed Rail. Pass it on. #CleanGreenHSR twitter.com/Teamsters/stat…
1
7
20";7;post_622
@UNDPPA;"DPPA is exploring innovative ways to address #ClimateSecurity with the help of geospatial analysis. Our Water Security Project focused on strengthening analytical capacities to address climate change factors related to water insecurity and conflict is showcased here!
The following media includes potentially sensitive content. Change settings
View
8
9";8;post_623
@iwritecoolstuff;"‘“Even though climate change is indiscriminate in the way it treats territory  the human effects of policy mean that Israelis and Palestinians will experience the effects of climate change in hugely disproportionate ways ” says Zena Agha  policy analyst at the independent 
Quote Tweet
Midnight Sun Magazine
@midnightsunmag
 · Jan 29
NEW: @palyouthmvmt organizer Rawan Nabil on climate vulnerability in Palestine  and the need to understand the struggle against Israeli apartheid as a climate justice struggle.

Hands off Palestine! #FreePalestine #SaveSheikhJarrah  

https://midnightsunmag.ca/palestinian-liberation-as-climate-justice/…
Show this thread
1
4
9";4;post_624
@David_Ritter;"The Great Barrier Reef is an astonishingly beautiful wonder of nature that Australia has a solemn responsibility to protect. To give the Reef the best chance of recovery  the Australian government must commit to action on climate change at emergency speed and scale. #auspol
3
25
94";25;post_625
@rahulsinghBC;"Very much looking forward to the virtual conference and excited for the panel: Forestry and Biodiversity in the Age of Genomics and Climate Change  hosted by 
@GenomeBC
 https://pheedloop.com/abcfp2022/site/sessions/?id=SESVLMW58BGFUAZV5…   #ABCFP2022 #ClimateCrisis #biodiversity #forest #Canada #BritishColumbia
Quote Tweet
ABCFP
@ABCFP
 · Jan 26
Looking forward to welcoming more than 2 000 forest professionals to #ABCFP2022 our virtual forestry conference and AGM  which kicks off in just seven days on February 2. 
https://pheedloop.com/abcfp2022/site/home/…
3
12";3;post_626
@zwoodford;"Emma Norton is next  and argues increasing the police budget is counterproductive to the fight against climate change. There's climate action in the report on defunding the police  Norton says.
1
4
20";4;post_627
@Coincologist;"Replying to 
@jordanbpeterson
A climate change activist advocating for govt enforced censorship and control… how interesting.
3
73";3;post_628
@RepMikeLevin;"Climate change isn’t a red or blue issue—it affects ALL of us. We can’t go halfway in protecting our health or the planet. That’s why I led 22 of my colleagues in urging 
@POTUS
 to retain strong climate provisions in any comprehensive legislative proposal.
washingtonpost.com
Analysis | Moderate House Democrats urge Biden to pass climate provisions in Build Back Better.
And what lawmakers said after returning from Ukraine.
8
27
82";27;post_629
@FreedomWorks;" SERIOUSLY: ""What were Fauci and the #CDC doing with tens of billions of dollars we give them each year? They studied health effects of liberal obsessions like climate change  racism  and gun violence. What they weren't ready to do was their job."" #ampFW
washingtonexaminer.com
The greatest government failure in American history
The tally for how much the federal government spent to combat COVID-19 is now estimated to be $5 trillion. It is more than the combined costs of World Wars I and II. The Left is celebrating that...
3
15
18";15;post_630
@David_Ritter;"Australia’s Reef 2050 Plan  supposedly designed to protect and preserve the GBR  contains no action to reduce emissions that are driving climate change; constantly acknowledged as the greatest threat to the Reef’s survival.
theguardian.com
Call for Australia to show Unesco it's 'walking the walk' on Great Barrier Reef
Conservationists say climate change threat must be addressed to avoid reef’s inclusion on ‘in-danger’ list
2
6
49";6;post_631
@WasserL;"Replying to 
@LeaderMcConnell
Do you know what would really help? Working aggressively at STOPPNG CLIMATE CHANGE instead of doing the opposite trying to stop all efforts tp crub climate change.
1
1
17";1;post_632
@FCNL;"In a time of pandemics  diplomatic crises and climate change  Congress has a choice:

 More of the same failed militarized approaches
 A major reorientation towards peace

Proud to release this report w/ tangible ideas for Congress to prioritize peace!
fcnl.org
A Roadmap to Prioritize Peace | Friends Committee On National Legislation
FCNL has issued a series of reports that offer recommendations to President Biden for his first 100 days and to Congress for putting peace at the core of U.S. foreign policy.
1
7
7";7;post_633
@LabWomenDec;"“From Indian climate change activists being charged with “promoting enmity between communities” to UK police charging feminists with “hate crimes”  censorship in the name of “preventing hatred” is widely used to target social activists.” Thanks 
@kenanmalik
 #OpposeNewloveAmendment
Quote Tweet
Kenan Malik
@kenanmalik
 · Jan 30
“We are the inheritors of centuries of struggle against restrictions on what we are able to say. If we forget the lessons of those struggles  we are in danger also of letting the gains of those struggles slip away.” My @ObserverUK column: https://theguardian.com/commentisfree/2022/jan/30/freedom-of-speech-hard-won-cavalier-now-about-censorship…
3
18";3;post_634
@notjustbikes;"I legitimately want to know the ""line"" here. 

Will the FBI want to investigate me for making videos critical of US cities & infrastructure?
Or 
@KnowingBetterYT
 for telling you the harsh truth about the US history? 
Or Climate Change YouTubers like 
@ClimateTown
 ?
14
5
317";5;post_635
@trtworld;"Swiss scientists suggest climate change will affect coffee  avocado and cashew crops  requiring new locations around the globe for them to be cultivated
trtworld.com
Climate change is coming for your coffee
Swiss scientists have found that coffee  avocados and cashews will no longer be viable in certain areas they are currently cultivated in  while they may grow in other locations as climate change...
1
5
7";5;post_636
@nature_org;"A new study In partnership with the 
@UniofAdelaide
 in 
@AIBSbiology
 describes how marine farmers can reduce impacts of climate change: https://nature.ly/3rgwWbo 

#GrowPositive 
#ClimateChange
nature.org
Aquaculture Critical for Feeding the World in a Changing Climate
With land-based food production already stretched and the global population continuing to grow  the sea provides crucial opportunities for resilience and adaptation
2
13
21";13;post_637
@XanFishman;"If you care about climate change  make sure you don't miss the forest for the trees. Tune in to this great event on scaling climate-smart agriculture with 
@SecVilsack
 @HeidiHeitkamp
 @SaxbyChambliss
 @LJantarasami
 and 
@JasonGrumet
 
Wed. Feb 2. 11am.
bipartisanpolicy.org
Scaling Investments in Climate-Smart Agriculture & Forestry | Bipartisan Policy Center
America’s natural and working lands underpin the national economy—ensuring food security  generating timber  and sustaining wildlife habitat  recreation resources  and environmental benefits....
3
5";3;post_638
@BuildingBack_US;"Abandoned oil and gas wells are a hazard to disadvantaged communities and to the climate. 

Thanks to 
@POTUS
’ Bipartisan Infrastructure Law  
@Interior
 will fund an initiative to clean them up  keep communities safe  and tackle climate change
washingtonpost.com
Biden administration to give states $1.15 billion to plug orphaned wells  which leak planet-warming...
The Biden administration is sending $1.5 billion to the states to curb methane emissions from abandoned oil and gas wells  which are helping warm the planet long after the drilling is stopped.
2
13";2;post_639
@LatviaUN_NY;"Last week 
@UNyouth_Latvia
 held a national youth conference “Security & Human Dignity”. Led by YD 
@AneteBike
 & experts  teams of young people discussed domestic violence  hybrid threats  climate change. 
 We look fwd to engage with youth & discuss their ideas & proposals !
Quote Tweet
ANO Jauniešu delegātu programma
@UNyouth_Latvia
 · Jan 31
Ar LV vēstnieka ANO @APildegovics līdzdalību  aizvadīta nacionālā līmeņa konference “Drošība un Cilvēka Cieņa”.  Jauno ekspertu un jauniešu delegātes ANO @AneteBike vadībā  aktīvisti diskutēja par
vardarbību ģimenē
hibrīdagresiju
klimata pārmaiņām
@LatviaUN_NY @Arlietas
1
1
9";1;post_640
@earthjournalism;"“We’re seeing more and more foundations putting money into science journalism in different ways  because of COVID and climate change in particular ” says 
@deborahblum
 in this article by EJN Exec Director 
@JamesFahn
 for 
@gijn
. Read more:
gijn.org
The Rise of Science-Based Investigative Journalism
Journalists are increasingly using the tools of science journalism and scientific inquiry for in-depth data and investigative reporting.
4
9";4;post_641
@RepDonaldsPress;"Speaker Pelosi’s sham China bill is a legislative gift to the Chinese Communist Party:

Distracts US military with climate change projects
Allows CCP to steal our intellectual property
No independent investigation into COVID

China must be held accountable!
3
64
130";64;post_642
@gpse7en;"Why is animal agriculture largely blamed for climate change? 
Cities are major contributors and according to UN Habitat  consume 78% of the World’s energy and produce 60-70% or more of greenhouse gas emissions. 
#Scapegoat #Agriculture #Beef #Dairy #NutrientDensity
6
30";6;post_643
@JennMcClellanVA;".
@VASenateDems
 on the P & E Committee voted to reject Andrew Wheeler's nomination as Secretary of Natural Resources. We've made generational progress addressing climate change with the VCEA & RGGI. Wheeler's record at Trump's EPA demonstrates he'll undermine that progress.
10
43
179";43;post_644
@climatecouncil;"Due to low energy efficiency  Australians are forced to use copious amounts of energy in the home which not only contributes to climate change  but also costs a lot of money. #RNLifeMatters
2
25
53";25;post_645
@zzdoublezz;"pssssst we’re not ready for the drastic lifestyle changes required to combat climate change and will quickly descend into nihilistic bacchanal and the species of humans will be a short  sad joke in the history of time hehe
3
1
72";1;post_646
@Connundrum54;"While climate change may be bad for some it turns out to be a benefit to others
Uluru set to became a tropical paradise with running rivers and consistent rainfall.
3
5
14";5;post_647
@kerriclaireneil;"Thinking about how a few years ago I went to this talk about how all the turrs in the Pacific were dying cuz climate change is messing with water temps & killing the fish. & Now my friends mom in Burin is finding dead sea birds on the shore. Probably unrelated tho 
3
2
19";2;post_648
@GadSaad;"Oh clearly the one with no children because the only way to fight climate change is for a sexually reproducing species to cease to engage in climate terrorism known as having children.
Quote Tweet
Geoffrey Miller
@primalpoly
 · Feb 1
Imagine there are two thinkers who advocate different social/political/moral value systems.

One has 8 kids; the other has 0 kids.

All else being equal  which thinker do you tend to take more seriously?
Show this poll
7
9
104";9;post_649
@FleurFitzsimons;"So pleased to see this  its a humane policy that will help ensure a just transition for working people and their families as we grapple with climate change. 

Redundancy is rare these days and this will make lives better.
Quote Tweet
henry cooke
@henrycooke
 · Feb 1
NEW: Govt are proposing a huge new income insurance scheme that would pay out up to 80% of someone’s income if they lose their job through illness or redundancy. It would be paid for by a 1.39% tax on workers + employers. It’s basically ACC without the A  https://i.stuff.co.nz/national/politics/300508815/government-proposes-unemployment-insurance-scheme-funded-by-139-tax…
Show this thread
3
20";;post_650
@JohnWing5;"Maybe the CPC will split into a bunch of shard-parties: The CPC (Holdouts)  The Reform Party (Burn it down) The Really Reform Party (White Canada First)  The Climate Change Is BS Party (Scientists who agree are welcome) and The Poilievres (Family Only)
8
8
49";8;post_651
@BTnewsroom;"The conflicts across West Africa & the Sahel are being driven by the deep economic inequities  lack of public services  climate change and the inability to transcend colonial relationships. Where will things go next?
The Punch Out with 
@EugenePuryear
 : https://linktr.ee/ThePunchOutwithEugenePuryear…
1
11
25";11;post_652
@TheAusInstitute;"""Addressing climate change and saving the reef should be straightforward.

""What is painfully obvious is that Australia is not even trying.""

-
@RichieMerzian
 in 
@TheNewDailyAu
11
32
60";32;post_653
@clewestphal;"#CENN GREAT NEWS FOR #EV and #CEV !!!!!  Court Revokes Gulf of Mexico Oil and Gas Leases  Citing Climate Change - The New York Times
nytimes.com
Court Revokes Oil and Gas Leases  Citing Climate Change
A judge ruled that the Interior Department must consider the climate effects of oil drilling in the Gulf of Mexico before awarding leases.
8
31";8;post_654
@DukeAAAS;"""The world’s first famine caused by climate change rather than conflict continues amid insufficient domestic and global attention""
africanarguments.org
The forgotten  cascading crisis in Madagascar | African Arguments
The world's first famine caused by climate change rather than conflict continues amid insufficient domestic and global attention. In Madagascar  extreme weather has contributed to myriad crises.
6
6";6;post_655
@350sv;"Palo Alto Residents Sign our petition to the City Council by TONIGHT to underscore the necessity of keeping climate change mitigation as a top priority for 2022.
docs.google.com
Palo Alto Climate Priorities Petition
February 2  2022 Dear Mayor Burt and City Council Members  After a brief reprieve in 2020  US greenhouse gas emissions rose by over 6 percent in 2021. As a Council that has made climate protection a...
3
4";3;post_656
@repdinatitus;"Right now we have an opportunity to take historic steps to address climate change. We can't pass this work on to the next generation; the time for #climateaction is now.

I joined 22 of my colleagues calling for 
@POTUS
 to protect climate investments in the #BuildBackBetter Act.
12
9
29";9;post_657
@ewesoff;"We certainly need an all-of-the-above strategy to tackle climate change  but that shouldn’t include all-of-the-above-ideas-that-have-already-been-disproven.  
@CanaryMediaInc
canarymedia.com
Stop trying to make algae biofuels happen
Hundreds of millions have been wasted on doomed algae efforts. The latest venture is unlikely to succeed where others have failed  Canary’s resident skeptic argues.
3
10
25";10;post_658
@southern_east;"Replying to 
@sschwarz21
 and 
@CarlosEGates1
I really wouldn't be all that surprised. Reminds me of  Louie Gohmert asking the forest service to change the moons orbit to fight climate change.
2
7
98";7;post_659
@RepDarrenSoto;"This week  the House will consider the #AmericaCOMPETES Act. This bill will:

 Grow our semiconductor manufacturing capabilities
 Ensure the U.S. can compete globally
 Build STEM opportunities
 Fund innovation
 Fight climate change
 Strengthen national security
Quote Tweet
Rep. Darren Soto
@RepDarrenSoto
 · Jan 26
In the face of cybersecurity threats and over-reliance on overseas manufacturing  the #AmericaCOMPETES Act will strengthen our domestic tech supply chains  boost local microchip manufacturing at @NeoCityFL  and help American industries compete in the 21st century economy.
1
5
8";5;post_660
@RepCarbajal;"Great to see the 
@SBCAG_info
 debut the Clean Air Express electric bus! Projects like this help tackle climate change & cement our renewable energy leadership.

I'll keep working to make sure the Bipartisan Infrastructure Law supports these kinds of practical investments in #CA24.
4
10";4;post_661
@grrenshaw;"Replying to 
@SenMikeLee
We could lower defense spending!
Better yet  we could raise taxes on billionaires and corporations--especially ones driving climate change.
2
4
21";4;post_662
@LHumeSastre;"Replying to 
@TheBeaverton
Not just Greenpeace - Indigenous  Black  Gay  Women  Climate Change Advocates  Environment advocates  Nurses  Teachers  Parents - and the list goes on.
2
1
31";1;post_663
@squeedgemonster;"Obv having prior trauma/mental illness doesn’t help. I find I’m not alone in this- especially sudden  extreme & constant worrying about natural disasters which coincides with witnessing climate change in real time and feeling very morose & helpless over all of it
1
57";;post_664
@WCoffeeResearch;"A great article from 
@NatGeo
 about the potential impacts of climate change on global coffee production. 

At WCR we are committed to ensuring a #futureforcoffee through improved varieties  shade farming  and other innovative solutions.
nationalgeographic.com
What climate change means for the future of coffee  cashews  and avocados
While farming coffee will be more challenging in a warmer climate  some countries will be able to grow more cashews and avocados  a new study finds.
2
7
27";7;post_665
@physiologyfish;"Coral reef safe zones set to plummet  potential bleaching events loom via ⁦
@abcnews
⁩ ⁦- 
@CoralCoE
⁩ ⁦
@jcu
⁩ Dr Heron says “the more we study the impacts of climate change on reefs  the more we realise we're heading toward a cliff face.”
abc.net.au
The world is forecast to hit 1.5C warming in the 2030s. Almost no coral reefs will be spared
Bleaching-free coral reefs are expected to plummet as we head towards 1.5C of warming  as scientists anxiously watch for another bleaching event on the Great Barrier Reef.
4
7";4;post_666
@AlanWatsonFeat1;"“Extreme climate change is here  it’s in the ocean  & the ocean underpins all life on Earth.” For anyone still questioning climate breakdown  this is the proof. Now we need urgent & radical action from govts.  companies & everyone to stop it getting worse.
theguardian.com
Extreme heat in oceans ‘passed point of no return’ in 2014
Formerly rare high temperatures now covering half of seas and devastating wildlife  study shows
2
8";2;post_667
@BelTel;"MLAs have voted to set a target of net-zero emissions by 2050 for Northern Ireland in the Climate Change Bill
belfasttelegraph.co.uk
Stormont sets target of net-zero emissions by 2050 as Greens' amendment passed by vote of 50 to 38
MLAs have voted to set a target of net-zero emissions by 2050 for Northern Ireland in the Climate Change Bill.
18
4
11";4;post_668
@elonjames;"As I read and watch some of the criticisms of #DontLookUp the first thing that jumps out at me is that they focus on the climate change aspect.  And while I agree it’s def an aspect  the film is criticizing so much more than just that. I could see so much of it actually happening
2
19";;post_669
@sprasadfj;".
@BilleHermann
  @AmbKMcGuire
  Fiji  supports  a game-changing declaration for #UNOceanConference to reverse decline of ocean health; catalyze ocean actions to fight climate change; lift bluefood  security; reduce bluedivide through accessible bluefinance & boost blueskills
Quote Tweet
Martin Hermann
@BilleHermann
 · Feb 1
‘At last’ After a 2-year hiatus @Denmark_UN is ready to re-start intergovernmental negotiations on a declaration for the @UN #OceanConference  in #Lisbon. A real pleasure and genuine privilege to co-facilitate with my friend & colleague @AmbKMcGuire from #Grenada 
6
18";6;post_670
@perkinsmiki;"Sharing this again because last tweet didn't include this gorgeous picture of reef scientist 
@physiologyfish
  No climate change refuge for coral reefs: study
theage.com.au
No climate change refuge for coral reefs: study
With the Great Barrier Reef on the cusp of another mass coral bleaching event  a new study shows climate change will be devastating for all coral reefs.
3
6";3;post_671
@philritz1;"Replying to 
@sam_d_1995
The USA stopped building cities in part for fear of nuclear war.  
By spreading everyone far apart the Soviet Union couldn’t take everything out with one  strike
Side effect was climate change and families that can’t save for retirement 
 
@lloydalter
treehugger.com
How Sprawl Was Caused by the Nuclear Arms Race  and Why This Matters More Than Ever Today
A new arms race will kill urban revitalization dead in its tracks.
1
4
19";4;post_672
@ziontree;"Replying to 
@huntaround
 and 
@MartinSLewis
Climate change will be  yes. Spent fuel management is a political issue rather than a technical one. Some countries are leading the way >
politico.eu
Sweden approves nuclear waste storage site
Sweden follows Finland in deciding to build a facility to store spent nuclear fuel.
1
3
36";3;post_673
@EnviroVic;"No climate change refuge for coral reefs: study

Great Barrier Reef facing another mass coral bleaching event because of record-breaking ocean temperatures.. areas of coral off Townsville and Mackay  showing signs of heat stress 
@perkinsmiki
 @theage
theage.com.au
No climate change refuge for coral reefs: study
With the Great Barrier Reef on the cusp of another mass coral bleaching event  a new study shows climate change will be devastating for all coral reefs.
3
4";3;post_674
@DelChiaroSolar;"Oldie but goodie: ""For all of CA's progressive environmental rhetoric  there are times when this state seems intent on tying its hands behind its back and chaining its own legs in its fight against climate change."" #savesolar 
@GavinNewsom
  @californiapuc
sfchronicle.com
Editorial: If California is worried about energy prices  take on PG&E before gouging rooftop solar
Gutting rooftop solar programs at the behest of private utilities  absent massive...
1
7
17";7;post_675
@KeillerDon;"Spot the horror of climate-change induced drought.
11
89
172";89;post_676
@drvolts;"In the oceans  climate change is not a ""risk "" it's something that has already happened. Vast  vast numbers of creatures have died & are dying. Many areas are  for all intents & purposes  permanently desiccated.
theguardian.com
Extreme heat in oceans ‘passed point of no return’ in 2014
Formerly rare high temperatures now covering half of seas and devastating wildlife  study shows
29
63";29;post_677
@CBSNews;"The future of the Winter Olympics is under threat because of climate change  according to a new university report. The warning comes as Beijing prepares for the opening of the 2022 Games this week — the first Winter Olympics to use nearly 100% artificial snow.
17
43
66";43;post_678
@RepAndyBarr;"Dems’ $350B “China proposal” is their big govt socialist bill 2.0 

 $10B for a climate slush fund
 $45B “supply chain resiliency” program that favors labor unions 
 Mentions coral reefs more times than China 
 Refers to climate change 2X more than national security
68
87
159";87;post_679
@maxbtweeting;"if greta received one single slack notification she would be instantly less passionate about climate change
1
19";1;post_680
@hrw;"Climate change is making more and more days dangerously hot.

Pregnant workers in particular face increased risk of heat stress  and research shows exposure to high temperatures in pregnancy is linked to preterm birth and low birth weight.  
https://trib.al/C5Zabum
5
23
45";23;post_681
@PatriciaFahy109;"Today is #WorldWetlandsDay and we recognize the vital role that New York State's wetlands play in the fight against climate change and in protecting our environment.

We need to take strong action to protect NY's wetlands and update wetland maps for the first time in 20 years.
2
15
27";15;post_682
@GreenBunting;"#HS2 told us that flights would be reduced because of the magical railway that will save us all from climate change whilst simultaneously and systematically killing all biodiversity along the route.  
@HS2
 did you lie to us?
Quote Tweet
Frances Cutler
@frances_cutler
 · Feb 2
#HS2 is designed to expand airports NOT reduce flights. Birmingham Airport wants to increase international flights  especially to the Indian sub-contintent twitter.com/ncedigital/sta…
20
43";20;post_683
@great_thunberg;"Europe raises the bar in fight against climate change
gulf-times.com
Europe raises the bar in fight against climate change
The European Union is attempting to turn promises into policies with its ‘Fit for 55’ climate bill  the Al-Attiyah Foundation reports in
1
6
10";6;post_684
@TheDisproof;"#BorisJohnson Boris should have known the worrying facts about human induced climate change earlier but he was probably at a party and missed the briefings.
carbonbrief.org
Revealed: The 11 slides that finally convinced Boris Johnson about global warming - Carbon Brief
A scientific briefing that UK prime minister Boris Johnson says changed his mind about global warming has been made public for the first time.
2
2
6";2;post_685
@pescribanoIOM;"""Climate change affects agricultural livelihoods worldwide  increasing demand for rural-to-urban migration. Gang control of urban areas and high levels of violence make rural-to-urban migration untenable in El Salvador  Guatemala  and Honduras.""
brookings.edu
Climate migration and climate finance: Lessons from Central America
Sarah Bermeo underlines the growing reality that climate change will drive migration.
7
16";7;post_686
@OperHealAmerica;"You do realize ""CLIMATE CHANGE"" is this administration's next move to CONTROL the American people and usher in the age of Socialism  right?

I'm so glad God will NOT be mocked  aren't you?!!!
4
5
25";5;post_687
@Impolitics;"Celebrity groundhog Punxsutawney Phil emerged from his burrow this morning  saw his shadow and raced back inside.

Tradition says this means six more years of climate change.
3
20";3;post_688
@danielneljack;"If Jacinda Ardern is serious about wanting New Zealand to be ""fundamentally repositioned"" and ""taking on the challenges of poverty  inequality  climate change and mental health""  she is going to have to take much bolder action than she has proved willing to so far.
1
13";1;post_689
@Reuters;"From 
@Breakingviews
: The Great Barrier Reef is under threat from bleaching caused in part by climate change  and though the Australian government has set aside some $700 million to tackle the problem  
@AntonyMCurrie
 explains how the package is a cynical drop in the ocean
5
28
33";28;post_690
@brigidjones;"Big day tomorrow! The UK's Climate Change Committee is in Birmingham to see how we're getting to #NetZero
Quote Tweet
Bham City Council
@BhamCityCouncil
 · Jan 31
We're delighted to be welcoming the UK’s Climate Change Committee to Birmingham on Thursday 3 Feb  hosting a series of events to showcase the city’s ambitious plans to reduce carbon emissions. We're proud to be the first UK city @theCCCuk  visit https://orlo.uk/TRPj2
1:33
3 047 views
1
7
18";7;post_691
@MRudkins1;"Replying to 
@GeraldKutney
 and 
@WBrettWilson
Brett Wilson calling Katharine Hayhoe stupid because he doesn't understand climate change. Irony has sunk to the bottom of our rising seas.
2
5
20";5;post_692
@KHayhoe;"This 
@thehill
 op-ed is ideological solution-aversion fearmongering at its best: which is why I'm not linking directly to it. This thread explains why lockdowns have little to no lasting impact on climate change: 
Quote Tweet
Prof. Katharine Hayhoe
@KHayhoe
 · Apr 4  2020
As the economic slow-down due to the coronavirus pandemic shutters industry  air pollution and carbon emissions are dropping. A lot of people have asked what this means for carbon emissions and climate change. Here is a short explainer. (thread)
Show this thread
5
23
69";23;post_693
@Dragofix;"UK plants flowering a month earlier due to climate change. #Climate #ClimateChange #plants
sciencedaily.com
UK plants flowering a month earlier due to climate change
Climate change is causing plants in the UK to flower a month earlier on average  which could have profound consequences for wildlife  agriculture and gardeners.
6
6";6;post_694
@ChrisByBike;"Replying to 
@ArmandDoma
If you wander into housing ""discourse"" in Nextdoor or FB this is a reoccurring argument. It's the ""here's a snowball so climate change isn't real"" of housing shortage arguments.
11";;post_695
@thehill;"""Climate change beats Big Oil and Biden in court"" (
@TheHillOpinion
) http://hill.cm/aiG7G2w
5
5
15";5;post_696
@SafetyPinDaily;"New flood maps show US damage rising 26% in next 30 years due to climate change alone  and the inequity is stark || By Oliver Wing  Carolyn Kousky  Jeremy Porter and Paul Bates https://nationofchange.org/2022/02/01/new-flood-maps-show-us-damage-rising-26-in-next-30-years-due-to-climate-change-alone-and-the-inequity-is-stark/…
5
5";5;post_697
@Dk58729084;"Replying to 
@PolybeGrec
Straight out of a (social) science textbook:

The total climate change is proportional to the number of genders multiplied by the inverse of white supremacy.
3
3
42";3;post_698
@emorwee;"The world's largest PR firm  Edelman  has done a lot of big talk on climate change lately.

Here's one example of how they walk  reported by 
@ClimateConnor
heated.world
Edelman promised to ditch coal. Then it took $3M from a coal group.
The world's biggest PR firm has a lot of big climate talk. Here's one example of how it walks.
18
32";18;post_699
@chr0n0kun;"no one who is serious about climate change thinks this

this is the exact opposite of being serious

this is using climate change as a convenient excuse for something else
Quote Tweet
Kim Harding
@kim_harding
 · Feb 2
If we are serious about tackling climate change  this is what we have to do 
ALT
2
4";;post_700
@UKUN_NewYork;"40% of the ’s species live & breed in wetlands

But over the last 300 years  we have lost nearly 90% 

Wetlands are crucial in the fight against climate change & biodiversity loss

 is committed to protecting these vital ecosystems
#WorldWetlandsDay
From 
Defra UK
3
6
9";6;post_701
@Amy_K_Nelson;"You gotta love this epic 2022 collision of climate change driven ice & snow storms cancelling school vibe with the omicron quarantine cancelling daycare vibe. I understand why the groundhog decided to exit the arena.
12";;post_702
@wattsupwiththat;"The Atlantic: Forget President Biden  Climate Change is Causing Inflation https://wattsupwiththat.com/2022/02/02/the-atlantic-forget-president-biden-climate-change-is-causing-inflation/…
3
7
14";7;post_703
@jonburkeUK;"Climate Change' was cooked up by Republican Party pollster Frank Luntz to create space for charlatans like Peterson to muddy the waters.

Climate models are accurate  but I'm not playing that game. Come on Tobes  'debunk' recent global warming and its firmly-established causes.
Quote Tweet
Toby Young
@toadmeister
 · Feb 2
When Jordan Peterson told Joe Rogan that climate models compound their errors like interest  green activists (often known in the climate change business as ‘scientists’) were predictably outraged. https://dailysceptic.org/2022/02/02/jordan-peterson-compares-climate-model-errors-to-compounding-interest/…
1
3
8";3;post_704
@FreedmFightr1;"Replying to 
@rawbeaujangles
Yes it's climate change that's causing a sudden rise in heart attacks and strokes in younger people  nothing to do with the jabs at all! 
1
19";1;post_705
@acgrayling;"Published 3 February - How shall we meet the challenges of (a) climate change  (b) runaway tech developments in weapons  gene editing  brain/chip interfacing  media & AI  & (c) the deficit of rights  justice & democracy in the world? They are connected. https://oneworld-publications.com/for-the-good-of-the-world-hb.html…
1
9
25";9;post_706
@RubyMegalodon;"Replying to 
@thehill
 and 
@RepMTG
MTG ignorantly doesn't believe climate change is real  but somehow believes a wall is going to make a significant dent in illegal immigration despite the fact that the majority of illegal entrants come by road through checkpoints.
3
20";3;post_707
@FPRI;"Where climate change and national security collide  who has it worst? Join Clint Watts and John Conger to find out!
fpri.org
Climate Change: Who Has It Worst? - Foreign Policy Research Institute
In late January  President Biden signed an executive order placing the climate crisis at the center of U.S. foreign policy and national security. Climate
7
17";7;post_708
@ChrisMac1270;"Replying to 
@BridgetArcherMP
Bridget  I truly hope you are considering running as an independent.
You’ve already shown the courage of your convictions on the need for a fair dinkum Fed ICAC.
Climate change impacts are crucial to all  but esp to Tasmania.
You’d make a great “Voices of” candidate.
@simonahac
.
2
2
26";2;post_709
@hschlessman;"Replying to 
@matthewjdowd
 @DeadlineWH
 and 
@MSNBC
Congratulations and thank you for keeping us focused on the second most important issue  behind climate change. Although if we lose our democracy  that battle is lost as well.
1
6
73";6;post_710
@FlitterOnFraud;"You guys  maybe fixing climate change is going to be easier than we thought
Quote Tweet
Alexander Kaufman
@AlexCKaufman
 · Feb 2
Boston is considering banning gas-powered lawn mowers and leaf blowers. 30 minutes of a gas-power leaf blower produce as much air pollution as driving a Ford F-150 from Texas to Alaska. 1 hour produces smog-forming pollution equal to driving 1 100 miles. https://universalhub.com/2022/councilors-consider-outlawing-gas-powered-leaf…
Show this thread
1
4";1;post_711
@TheDamageReport;"“Every politician is elected into office to fight for themselves selfishly & get themselves deals.
@SpeakerPelosi
 is doing insider trading & 
@Sen_JoeManchin
 is preventing climate change action to benefit his coal lobbyists.”

- 
@DanFromTheWeb
  on 
@NYPost
 attacking #Progressives
3
13";3;post_712
@MuditaJason;"Replying to 
@Jraybozy
 and 
@PossumBlu
It’s pure apathy and contentment living in an exploitative society because those in wealthy capitalist nations will never feel the effects of climate change in the same way those in colonially exploited nations will/are. The only solution is the dismantling of global capitalism
2
1
70";1;post_713
@CanadaGray;"Replying to 
@ShachiKurl
If you are referring to environmental movement efforts you are dead wrong. US $ that has come to us is because we openly applied for it from foundations to carry out work in the public interest. Equating work to address climate change with what is happening in Ottawa is wrong
24
3
25";3;post_714
@ClientEarth;"Made public for the first time after a FOI request from 
@CarbonBrief
 - the 11 slides that convinced the UK Prime Minister that we need to tackle climate change:
carbonbrief.org
Revealed: The 11 slides that finally convinced Boris Johnson about global warming - Carbon Brief
A scientific briefing that UK prime minister Boris Johnson says changed his mind about global warming has been made public for the first time.
4
7";4;post_715
@TheCityClub;"It's #NationalTaterTotDay and we are celebrating 
@HappyDog58
 tonight at 7:30 p.m. 

#JoinTheConversation 
@JMitterholzer4
 + 
@EmilyBacha
 take on climate change #COP26

Can't make it in-person? Catch the livestream on http://cityclub.org/?utm_campaign=coschedule&utm_source=twitter&utm_medium=TheCityClub…
: Tweet us or text 330.541.5794
cityclub.org
The City Club of Cleveland
The City Club serves Cleveland with programs that convene leaders  engage citizens  and provide all of our communities with a free speech forum where they can engage with the issues that shape our...
2
4
5";4;post_716
@CPP_Au;"The 
@actgovernment
 launched a Community Zero Emissions Grant for up to $150k. 
“Canberra is fortunate to have a community of climate change innovators...who generate new ideas for how we can all reduce emissions and increase resilience.”-
@ShaneRattenbury
canberraweekly.com.au
Grants open for climate change projects | Canberra Weekly
The ACT Government's Community Zero Emissions Grant  launched today  empowers the community to act on climate change.
5
6";5;post_717
@leftylinzi;"Replying to 
@Adambuts
 @LeeTJ91
 and 
@UberFacts
It is a threat. No real progress happens (climate change  higher wages  single payor health care) when we’re too distracted by manufactured culture wars by the elitist and corporatist class.
1
18";;post_718
@unfoundation;"Keeping 1.5°C alive means deep emissions cuts across sectors—including shipping.
 
@UNFCCC
 High-Level #ClimateChampions 
@IBillecocq
 & 
@KP_LR
 and our Senior Advisor 
@sruffoocean
 unpack how we can get there without leaving anyone behind.

CC: 
@hlcchampions
unfoundation.org
Transforming Shipping for Climate  People and Nature
Revamping global shipping is a critical part of limiting global warming to 1.5 °C and to building resilient global supply chains.
1
3
5";3;post_719
@pewenvironment;"Increasing the ocean’s resilience to climate change and human impact are urgent issues that must be addressed  according to 
@RemiParmentier
.

The #OneOceanSummit in France could be a launch pad for making that happen.
sdg.iisd.org
Guest Article: Brest Wishes for the Ocean in 2022 | SDG Knowledge Hub | IISD
2
8";2;post_720
@PaulEDawson;"Carbon capture is seen as a market solution to the problem of climate change.

And a way to create a new market.

This new market is only considered viable as nature-based offsets such as forests have become a wildfire risk due to climate change.
independent.co.uk
Carbon offset programs of companies like Microsoft  BP go up in smoke as wildfires decimate forests
‘We’ve bought forest offsets that are now burning ’ says Microsoft’s carbon program manager
1
4
8";4;post_721
@reaganbush84fan;"Replying to 
@AnimeEBoy3
Because climate change bad
1
1
20";1;post_722
@Mikethewander1;"Replying to 
@ksorbs
Irony: You Christians (Abrahamic religions) believe that climate change of disastrous proportions happened during the lifetime of Noah but   ""eh  science is lying to us"".  Go figure.
1
29";1;post_723
@_Georgia_A___;"Paul Givan resigning has lead to the executive collapsing and important bills on human rights and climate change not being able to pass.  Join us for a demonstration outside City Hall tomorrow at 4pm. #policiesnotposturing #wewantourfuture
16
26";16;post_724
@quantapacevuoi;"Ciao Ciao is abt... the end of the world 
LRDL got inspired by both the pandemic and climate change. But they decided to make a song abt how to cope  partying  with what goes on around us. It's a bitter and fun song #Sanremo2022
2
29
118";29;post_725
@LopezResists;"They can burn books but can't handle climate change? #FreshWords
6
37
119";37;post_726
@progibbon;"Don’t like climate change? Okay block ur nearest port
Don’t like poverty? Okay block ur nearest port
Don’t like the high cost of living? Okay block ur nearest port
Don’t like US support for Israel? Okay block ur nearest port
Don’t like lack health care? Okay block ur nearest port
8
15
65";15;post_727
@radioaustralia;"Tuvalu's Foreign Minister Simon Kofe has been nominated for the Nobel peace prize.

Mr Kofe made headlines at last year's COP 26 summit  when he gave a speech while standing knee-deep in the ocean to highlight rising sea levels due to climate change.

https://ab.co/3gmJlnY
5
72
186";72;post_728
@ConMijente;"Despite having a yr to prep  Gov Abbott was recently quoted saying ""No one can guarantee"" there won't be another power outage- leaving many to fend for themselves in BELOW freezing temps. We NEED lawmakers who respect climate change

Sending solidarity & organizing support 2 TX
7
14";7;post_729
@STPFreak;"If we don't address climate change...none of this other stuff is really going to matter much~
3
6
32";6;post_730
@anon_opin;"In the infinitesimally small chance that climate change deniers are right then perhaps they do have a point - what if we invested all this time and money in cleaning our air  developing green technologies and replanting forests for nothing?
29
151";;post_731
@Eileenvan55;"Who President Biden chooses for the Supreme Court will influence the government’s ability to fight pollution and climate change for decades to come. 
look at the records of potential nominees. 
#JusticeforAll one who represents All Americans! 
#wtpBLUE
share.demcastusa.com
Alliance for Justice has launched a new hub to highlight the incredible records of many of these...
3
42
50";42;post_732
@davidkersten;".

The USA is the world's #1 problem.

Addressing climate change is impossible so long as it continues to bully and bomb the world in pursuit of global domination.

.
2
6
39";6;post_733
@Disaster_Law;"With 3x more people forced to move from climate than war  law and policy must help mandate practical measures to assist & protect people displaced by disasters and climate change + the host communities who support them.
Quote Tweet
Francesco Rocca
@Francescorocca
 · Feb 3
3x more people are forced to move from climate than war. The number of displaced people could increase as a consequence of climate change. We need investment in preparing people so they aren’t forced to move. #climatechangedme
2:12
2 579 views
8
18";8;post_734
@BlackSheepAwake;"""cLiMaTe cHaNgE iS rEaL.""  

Well duh. It's Earth.
2
14";2;post_735
@MichaelLeeBC;"Honoured to have the support of leaders & innovators like James for my leadership campaign.

""I trust Michael Lee & know he will bring a solutions focused approach to tackling climate change.""

James Tansey  CEO of Canvas Impact Advisors
#bclib22 #bcpoli
2
7";2;post_736
@CatlassEverdeen;"Corporations are responsible for three oil spills in 2022 & it’s only the beginning of February. I’m just wondering how they’ll shift the climate change blame on consumers this time around.
2
2
13";2;post_737
@OntarioNature;"""No longer is it acceptable to bulldoze the natural landscape for the sake of development and jobs. Not in the era of climate change  declining biodiversity and growing food insecurity."" #Conservation #Wetlands
thespec.com
Opinion | Wetlands are not wastelands
We are at the point in our history where we know better than to disrupt nature so spectacularly  Margaret Shkimba writes.
16
39";16;post_738
@drewcostley;"Climate change is a sports story.
apnews.com
Olympians worry as 'Winter' disappears from Winter Games
BEAVER CREEK  Colo. (AP) — Ski racers settling into the start gate for Alpine World Cup events in the Rocky Mountains in early December squinted through sunshine that carried the temperature toward...
8
21";8;post_739
@markwakeham;"Our mens national cricket captain taking climate change a lot more seriously than our Prime Minister. Great piece
The climate crisis is wreaking havoc but sport can be a part of the solution | Pat Cummins
theguardian.com
The climate crisis is wreaking havoc but sport can be a part of the solution | Pat Cummins
As cricketers with resources to hand  we have the opportunity to support our sport in making a tangible difference
1
14
54";14;post_740
@Cummins;"Our CEO has said it before and we'll say it again. Climate change is the existential crisis of our time and  it will take all of us working together to solve it.

Watch the full video to see how 
@Cummins
 is moving towards net zero emissions: http://brt.org/tv/climate
8
13";8;post_741
@curaffairs;"Members of the press think they’re doing a good job reporting on climate change. They need to read their own publications.
currentaffairs.org
The Media’s Climate Coverage Is Indefensible ❧ Current Affairs
Members of the press think they’re doing a good job reporting on climate change. They need to read their own publications.
9
22";9;post_742
@drooliet;"this is a v particular rhetorical tic i've seen among people who most likely self-identify as leftists + agree that climate change/big oil are bad  but are all too willing to tie themselves into knots + use ""working people"" as a smokescreen to justify the car-centric status quo
2
2
42";2;post_743
@ConfCommandos;"Replying to 
@Logan_Ratick
@SpeakerPelosi
: “Mean tweets and anti-vaxxers refusing to wear masks are the root of all evil  but rounding up millions of Uyghurs and penning them into concentration camps is totally acceptable as long as we can all work together to end the climate change crisis.”
1
14
63";14;post_744
@kriswb;"I'm just happy someone wanted to make a game about saving cute animals and stopping climate change 
3
11";;post_745
@AnaMariaRosato;"The Republican White House developed ""seriously flawed analysis of the climate change impact of drilling in the Gulf"" - Federal Judge Contreras 

Wonderful news! Thank you  Judge.

Judge throws out massive Gulf of Mexico oil and gas lease sale
washingtonpost.com
Judge throws out massive Gulf of Mexico oil and gas lease sale
A federal judge has invalidated a record offshore lease sale held by the Biden administration  arguing the government had used a flawed analysis to analyze the climate impacts of drilling for oil and...
2
5";2;post_746
@GardeningWell;"⁦.
@Dept_ECC
⁩
The €100 fuel allowance is a subsidy on fossil fuels which are causing climate change!   That’s nuts! 
Why not 
A) Control the prices. 
B) Means test the grant and use the money saved on developing renewables.
independent.ie
Government’s €100 electricity bill subsidy will be paid directly to energy firms
The Government’s €100 electricity bill credit will be paid directly to energy suppliers as part of a scheme aimed at reducing household costs this winter.
3
2
12";2;post_747
@LegalPeaker;"Grateful and proud to be supporting 
@onetreeplanted
 this year as our 
@MyPeakChallenge
 charity partner. California has lost so many trees due to drought and wildfires over the past few years.Restoring our forests is crucial to combating climate change. 
@SamHeughan
36";;post_748
@stupidhorse420;"very well researched & interesting article but also absolutely insane that we already have plans in place for how to safely 'survive' climate change by demolishing villages & all the gas/electric pipes & evacuating everyone just before they flood forever
manchestereveningnews.co.uk
House prices soar in village set to disappear underwater 2 hours from Manchester
Residents face having to evacuate their seaside homes before 2054
1
2
7";2;post_749
@RyanMaue;"BREAKING:  Extreme winter weather caused by climate change including ongoing snow & ice storms:

Climate change is causing 'super-extreme' weather events  scientists say
news.yahoo.com
Climate change is causing 'super-extreme' weather events  scientists say
Some climate scientists think a new term for the most extreme weather may be needed because the usual way of characterizing the events fails to capture how they keep getting more dramatic.
15
9
15";9;post_750
@BernWoodsPlacky;"Climate change is fundamentally changing the Winter Olympics. There are limitations to how much snow you can make  and where  in a warming world. 
@ProtectWinters
 @alroker
 @KathrynProciv
 @NBCSports
 @NBCNews
 @nsj
Quote Tweet
Climate Central
@ClimateCentral
 · Feb 3
""All of the 19 cities to host the Winter Olympics since 1950 have warmed since then  according to analysis from Climate Central... February temperatures in Beijing have warmed by 8.9 °F since 1950"": https://medialibrary.climatecentral.org/resources/warming-winter-olympics… #ClimateMatters #Olympics #Olympics2022 #Beijing2022
9
15";9;post_751
@FromSteveHowell;".#DontLookUp has been shortlisted for four BAFTAs - best film  best original screenplay  best actor and best original score.

Not only has the film raised awareness of the threat of climate change  it's also made its mark as a great movie.
theguardian.com
Baftas 2022: the full list of nominations
From Dune to The Power of the Dog  all the films up for a gong at the Bafta film awards
1
2
12";2;post_752
@CourtneyBanks;"Replying to 
@AngelaBelcamino
You are NOT the left. You’re a Republican w/ some social issue flairs- get real Democrats deny climate change just as much as GOP  look at their policies. And yes  giving more money to police after record protests rather than social services is a very Dem thing to do & support 
1
2
44";2;post_753
@GreenRootsEJ;"Thank you  
@TheScopeBoston
  for covering our #NoEastieSubstation rally with 
@XRBoston
 & Emergency Watertown! Hear from our director of waterfront and climate justice initiatives  
@oldmanwalkey
 share the history of the campaign and climate change impacts on EJ communities.
Quote Tweet
The Scope
@TheScopeBoston
 · Feb 2
On Sunday  a small group of climate activists and East Boston residents gathered to protest the building of an electric substation in East Boston. These protests have been happening for years. Find out why (via @elisabethhadjis & @SimyaDickson): https://bit.ly/3HqjZkS
6
10";6;post_754
@Syn_Neche;"Replying to 
@August___K
 and 
@DrunkUncTony
Except there is nothing we can really do. Many people have been trying a very long time but our country is rules by money and a small group has the vast majority of it and are using it to keep climate change going
2
52";;post_755
@sheridanalumni;"Join us on Feb. 10 for a discussion with 
@sheridancollege
 Animation grad Gyimah Gariba. Through his new animation series  
@bigbluetvshow
  
@GyimahG
 is redefining what the next generation of climate change activists look like.

 Feb. 10
 6:30 p.m.
 https://bit.ly/35S4J2B
3
7";3;post_756
@CAPAction;"We're just over one month into 2022 and already we’ve already seen multiple severe weather events.

It’s time to invest in Biden’s plan and finally tackle climate change.
washingtonpost.com
Over 300 000 without power as major winter storm slogs east
An ice and snow storm that hit areas from Texas to Ohio will shift to the Northeast on Friday.
5
10";5;post_757
@David_Ritter;"The $1 billion of supposed Reef protection funding  announced last week by Scott Morrison  features no management of the Reef’s greatest threat  as identified by the government itself - climate change:
https://au.news.yahoo.com/warning-great-barrier-reef-doomed-despite-1-b-funding-package-235126734.html?soc_src=social-sh&soc_trk=tw&tsrc=twtr…
1
5
12";5;post_758
@WoodwellClimate;"Climate change can set up extreme temperature gradients along ""the U.S. Atlantic seaboard  where abnormally warm ocean temperatures clash with frigid Arctic air masses  setting the stage for strong nor’easters ” 
@JFrancisClimate
 told 
@washingtonpost
.
washingtonpost.com
Climate change may be fueling increase in major Northeast snowstorms
Scientists say the recent surge of intense Northeast winter storms is likely tied to rising ocean temperatures and changes in the Arctic.
1
4
4";4;post_759
@RBJRON;"Replying to 
@RussHogarth
 @L_DeWeaver
 and 13 others
I watched a David Attenborough show on climate change last night and what is happening with a warming climate and it was quite scary.  While our Australian government pushes fossil fuels
2
4
7";4;post_760
@EnvDefenseFund;"What can elephant seals tell us about climate change? 
@UNESCO
plans to find out by enlisting these whiskered mammals for research in hard-to-reach places of the Antarctic Ocean – one of the fastest warming spots on Earth.
cbsnews.com
A special group of marine scientists has been recruited to gather vital data about the ocean —...
A group of elephant seals near Antarctica are on a mission to gather ""critical"" data about the ocean.
6
7";6;post_761
@NessaTierney;"Such an insightful lecture by 
@wblau
 on journalism and climate change. An attempted summary of his summary:
Don’t think of climate change as a topic
This is enormous opportunity for journalism
This will change everything you do & will demand courage
@greentempleton
 @risj_oxford
Quote Tweet
Reuters Institute
@risj_oxford
 · Feb 3
Kicking off the first of this year's @greentempleton lectures. Today's speaker is @wblau  co-founder of our Oxford Climate Journalism Network  who will speak about journalism and climate change
 
 Watch
 Highlights in the thread below
https://twitter.com/i/broadcasts/1vOxwypYWoRGB…
Show this thread
4";;post_762
@EvansMaroa;"Replying to 
@NationAfrica
@UNFCCC
 
This is positive progress on our climate action agenda  kenya has an active NDC with a target of 32% COe2 reduction by 2030. e-mobility tech should be embraced across African countries for collective action on combating climate change

#decarbonizationafrica
#agenda2030";;post_763
@PeterDClack;"Climate has been weaponised & turned into a global cash scam. The Intergovernmental Panel on Climate Change was set up (1988) by the UN specifically to drive a propaganda campaign  the way a manufacturer pushes products. It's not in any way a 'science' body as it pretends. Hoax.
29
298
737";298;post_764
@JohnFugelsang;"Remember- Liz Cheney & Adam Kinzinger still want to:

-criminalize abortion
-do nothing abt Climate Change
-do nothing for the poor
-set back voting rights
-make the rich richer

but they won't lie abt election 2020 
so the RNC punishes them for insufficient evil.
21
386
1 341";386;post_765
@Gfilche;"embarrassed for all the people in my generation who say they care about climate change but drive an ICE whip and hate 
@elonmusk
 266
209
2 906";209;post_766
@KingstonJancro;"also me and a friend might have just singlehandedly come up with the solution for climate change — manifestation

everybody go stand under the moon tonight we can do this
6
26
105";26;post_767
@VerumBellator1;"Now its due to Climate change 
5
11
45";11;post_768
@fi_pep;"Fires are raging in my hometown of Denmark WA. One of the areas worst affected by climate change in Aus as rainfall has dropped 25% since the 70s. This area also happens to be a biodiversity hotspot. This is a climate emergency! #auspol https://ab.co/3GuS1mG
30
280
451";280;post_769
@_ppmv;"Kind people asked  so here is climate change broken down whatsapp level.

Genuinely wondering why this is hard to communicate. Most climate writing
3
8
22";8;post_770
@JmarrMarr;"You watch  the voters of New England will still stick to 
#BarnabyJoyce like flies on a dung encrusted boot. No matter what the Coalition or Barnaby does in the way of money disappearing & ignoring climate change  the rusted on in New England are impervious to the damage done
4
15
29";15;post_771
@DavidSpinks;"During my office hours today I got to talk about community building with:

- a tiktok influencer
- a government employee
- a climate change platform
- a web3 q&a site
- a holistic wellness community for black women
- a DAO accelerator

I love my job!
10
5
101";5;post_772
@BobMurphyEcon;"The difficulty in empirical studies about climate change  economic growth  or virus transmission is that you can't really do controlled experiments the way (we think) we can in basic physics or chemistry. It's why economists still disagree about whether Obama stimulus helped.
3
6
67";6;post_773
@catvaxlax;"Third grifter today to mention climate change.  We aren't stupid.  You are waxing your pubes in preparation for the next whoring out
Quote Tweet
Doc
@dr_re_arranged
 · Feb 4
Ah yes  climate change denial.
9
7
62";7;post_774
@arnestor;"""Better awareness and understanding of the oceans are a basis for the actions to combat climate change.""
Professor 
@MichaelEMann
(12 January  2022)
sciencealert.com
Ocean Temperatures Just Smashed a New Record For The Sixth Year in a Row
Even with La Niña.
9
75
141";75;post_775
@Liberty_Vegan;"The purpose of COVID-19 was the same as Climate Change.

To hype up and vastly exaggerate the threat in order to gain the submission & freedoms of the public.

Climate Change narrative failed. 

Novel virus narrative did not.
2
6
28";6;post_776
@BegaGreens;"On climate change  Peter Haggar  Greens in the #BegaByElection says: we’ve been copping it; drought  mega-bushfires  floods  even the pandemic – they’re all part of it. The Greens don’t take fossil fuel donations like the big parties. Authorised by Peter Haggar  210 Carp St Bega
2
6";2;post_777
@UMArtsFaculty;"NEXT WEEK! You’re invited: Welcome the Centre for Creative Writing and Oral Culture’s latest Writer-In-Residence–Ariel Gordon who will be providing a reading from her book “Treed: Walking in Canada’s Urban Forests” about climate change and trees. Friday  Feb 11 @ 10am #UManitoba
3
6";3;post_778
@realBurhanAzeem;"Berkeley & Cambridge are sister cities. We're medium-sized college cities w/ tech hubs  struggling with housing costs + climate change.

Plus  Rigel and I share a similar background + story in how we got on city council. 

I'm glad to have a brother in service on the other coast!
Quote Tweet
Rigel Robinson
@RigelRobinson
 · Feb 4
Burhan graduated from MIT  stuck around in Cambridge  ran for city council  and immediately moved to eliminate parking minimums.

Based.

I hope our work in Berkeley can help lay the foundation for our friends back east: http://berkeleyside.org/2021/01/27/berkeley-parking-reform…
1
4
57";4;post_779
@airallianceHOU;"Today we urged 
@HouGalvAreaCog
 Transportation Policy Council (TPC) to ensure new incoming federal infrastructure dollars are used on projects that will address safety  climate change  and environmental injustice.
1
5
19";5;post_780
@EndangeredArk;"Okay  guys  as everyone decided  today I’m going to present myself . I am Arizona  from   I’m a lucky bear bc I feel lovely for all of you. In love with music  specially pop songs  I use the music to forget the actual situation with climate change.

#Cnft #NFT
2
11";;post_781
@uhh_merica;"Replying to 
@natsechobbyist
 and 
@Acosta
Is Hell freezing over or is that just climate change?

Pence finally told the truth!

#TrumpIsWrong
GIF
ALT
2
20";2;post_782
@CripLyrical;"Medical supplies that literally feed me are delayed because of the #TexasWeather 

Ask me again how climate change and supply chain issues impact disabled people 

#MyDisabledLifeIsWorthy #TexasFreeze #ClimateCrisis #SupplyChains
1
3
6";3;post_783
@klausdodds;"Svalbard's Arctic heritage is threatened by climate change.
phys.org
Svalbard's Arctic heritage is threatened by climate change
Cultural heritage sites are irreplaceable sources of historical information  providing insight into the social  religious  and economic life of our ancestors. They are important markers of identity ...
8
19";8;post_784
@jacobin;"The oil and gas industry routinely claims that it employs millions of Americans as a way to perpetually delay action on climate change. New research shows it’s a total lie.
jacobin.com
New Study: Gas and Oil Drilling Doesn’t Create Very Many Jobs
Fossil fuel industry groups always emphasize how many jobs rely on oil and gas drilling. A new study shows they’re lying.
2
11
45";11;post_785
@TimBryantRadio;"The signs posted at Glacier National Park said the glaciers would be gone by 2020  casualties of climate change. 

The glaciers are still there  but now the signs are gone.
3
16";;post_786
@Sports_24_7_365;"Replying to 
@OzraeliAvi
Ahhhhh. Pandemic and Climate Change are dating. I didn’t know.  How cute
5
4
43";4;post_787
@erinmdouglas23;"Goodness  lately it feels like there's a new training or conference for covering climate change/environment in my inbox every day.

Just putting it out there  if you're a young journalist interested in this beat and don't know where to begin  my DMs are always open 
2
1
11";1;post_788
@wfpg;"In case you missed our panel on Climate Change and Food Security in the Middle East ""Climate change is amplifying global food insecurity "" Sweta Chakraborty 
@swetac
 @UAEEmbassyUS
7
15";7;post_789
@wattsupwiththat;"Climate Change Weekly #424: Biden Climate  Energy Policies’ Costs: High and Rising https://wattsupwiththat.com/2022/02/04/climate-change-weekly-424-biden-climate-energy-policies-costs-high-and-rising/…
2
3
9";3;post_790
@SmithsonianMag;"Because of climate change  plants in the United Kingdom are flowering an average of 26 days earlier than they did before 1987  a new study in the Proceedings of the Royal Society B finds.
smithsonianmag.com
Plants Are Blossoming a Month Early in the U.K. Because of Climate Change
Earlier bloom dates could disrupt relationships between wildlife and cause species to collapse if they can’t adapt quickly enough  researchers warn
11
14";11;post_791
@topnigel;"Climate change: 
@Tesco
 using electric lorries in 'UK first'
bbc.co.uk
Climate change: Tesco using electric lorries in 'UK first'
The UK's largest supermarket chain has started using electric trucks to deliver food and goods.
1
7
25";7;post_792
@TomAndersen;"I just recorded a 5-min preview of 
@SamApgar
's 2/10 Young  Gifted & Wild About Birds presentation. It's called ""High Tide for Salt Marsh Birds."" Sounds like it going to be great --  a perfect drill-down after 
@BrookeLBateman
's climate change talk https://youtu.be/T8-p00jtjUU
2
4";2;post_793
@BluegrassHope;"Replying to 
@NathanMackBrown
My brother-in-law is no longer welcome at our home.  He hangs out with anti-vaxxers and doesn't believe in climate change.  My husband communicates with him by  phone but they usually end up arguing.  I don't talk to him at all!
2
68";;post_794
@MaxKriegerVG;"nobody is proposing austerity as a solution to climate change. everybody informed about climate change makes a great deal of noise on how austerity  nationalistic/insular efforts  and personal responsibility are all non-solutions. only global  coordinated  enforced action is.
1
1
24";1;post_795
@Conevery;"Senior scholars in energy & climate change: if you are a scientist OR work alongside and secure grants with scientists  the new 
@BCSchillerInst
 is looking to make 4 inaugural faculty hires. Applications ongoing. Exciting initiative. Come work w me!
https://apply.interfolio.com/99440
5
6";5;post_796
@jfkeeler;"Remember this as nuclear power is being pushed to reduce carbon emissions to fight climate change. By increasing the demand for uranium  it could be Indigenous communities that bear the cost to keep the lights on for others.
1
4
7";4;post_797
@CBCQuirks;"On this week’s show:
- Long Covid and the brain
- gravitational waves from supermassive black holes
- what swapping spit says about trust
- climate change and fish wars
- and how squirrels survive hibernation
cbc.ca
Feb 5: Long COVID and the brain  gravitational waves from supermassive black holes  swapping spit...
Climate change and fish wars  and hibernators recycle nutrients
6
6
11";6;post_798
@NationalNOW;"There's no denying it: Climate change and climate disasters are partly to blame for inflation. These are intersecting issues!
news.yahoo.com
If the U.S. Wants to Fully Tackle Inflation  It Needs to Tackle Climate Change
Extreme weather events as well as climate policy will shape the future trajectory of inflation
5
4";5;post_799
@dinahbrand2;"Replying to 
@KatBristowGreen
 and 
@lazyzoe
This  is not the party we should trust to fight climate change.
Starting to think gender identity ideology might be funded by Big Oil and Big Coal.
2
16";2;post_800
@tomfrench85;"""In a bold and ambitious seabed auction  
@scotgov
 has delivered Scotland as the premier global location for floating offshore wind.

""The lesson from Scotland is courageous leadership and policy-making can bring transformation to arrest climate change.""
irishtimes.com
Scottish auction shows Irish policy on floating offshore wind is out of date
State is neglecting the greatest economic development opportunity since Ardnacrusha
1
8
9";8;post_801
@Care2;"Climate change is drying out the planet  causing drought  famine  and even flooding when water can't absorb into parched  hardened earth. It's also dehydrating and killing off a precious endangered species: the koala.
thepetitionsite.com
petition: Climate Change is Dehydrating Koalas Until They Fall Off Trees  Unable to Cope
To save koalas  we must fight climate change. (105967 signatures on petition)
1
14
6";14;post_802
@SInow;"Although snowflakes played a starring role  the subdued Opening Ceremony for the 2022 Beijing Olympics did little to address the grave implications of climate change  writes 
@alex_prewitt
si.com
Beijing’s Opening Ceremony Overlooked a Major Threat to Future Olympics
Although snowflakes played a starring role  the subdued show did little to address the grave implications of climate change.
2
2
11";2;post_803
@nick_____t;"Replying to 
@sama
Saying we don't have to change anything about the way we live  we can just rely on magical unproven non-existent technology to fix everything for us is functionally indistinguishable from how to worst perpetrators of climate change talk
1
26";1;post_804
@TheCLCouncil;"Innovation takes time. But with a price on carbon  we can speed the development of the innovations necessary to combat climate change. Learn more: https://bit.ly/3KY1pTk
6
17";6;post_805
@MLReadingHub;"In Africa today  a coalition of 11 countries (Burkina Faso  Chad  Djibouti  Eritrea  Ethiopia  Mali  Mauritania  Niger  Nigeria  Senegal  and Sudan) are coming together to construct their own Great Green Wall to fight back against the desert and climate change.
3
80
543";80;post_806
@cleary_mitch;"Aus cricketers find time to promote breweries  sports drinks  AirPods  climate change action and coffees online.

Just such bizarre coincidence that all of their social media accounts start playing up on the EXACT day their coach is forced out and nothing is said
105
89
1 329";89;post_807
@PeterDClack;"The Intergovernmental Panel on Climate Change was set up as a global propaganda machine for the UN. It's not a science body  yet dishonestly claims to be one. It gathers anything to support its goal  to convince Western governments to hand over $5 trillion a year to the UN. Read.
3
53
104";53;post_808
@jameshamblin;"I sometimes worry that people who assured me “the free market will solve climate change” have underestimated how much the free market would get into cryptocurrency and virtual real estate on imaginary planets.
14
60
460";60;post_809
@ellymelly;"The biggest #fakenews scam of all time is #climatechange - a lie propagated by international bureaucracies and businesses to create trillion-dollar fortunes from the working class purse.
49
196
730";196;post_810
@blue01dragonfly;"Justin Langer. Apparently  he upset many players due to his tough coaching style. Those same players favour woke down on one knee  and walk for climate change  and put winning behind being nice blokes. We have a team of snowflakes. Well done JL. The woke CEO shud have got the ass
1
6
13";6;post_811
@PierreGentine;"I am looking for a comparison of public/federal research funding in physics  AI and climate change (US or European Union). I would be curious to see how the numbers compare given the urgency of climate change. Thanks for your help!
2
6
25";6;post_812
@MontePaulsen;"Replying to 
@tedcruz
.
@tedcruz
: Thanks for your concern about Vancouver. In fact  our shelves were bare last fall after storms made wetter by climate change cut the highways & rail lines that connect us to Canada. We will be grateful for your support of US action to rapidly reduce GHG emissions.
5
33
556";33;post_813
@thejaghouse;"This woman * Eunice Foote * discovered climate change 5 years before the man who gets credit for it
euronews.com
Eunice Foote discovered climate change in 1856 - before men did
Eunice Foote discovered the effects of global warming in 1856  but didn't get the credit she deserved.
19
33";19;post_814
@liv_liv_liv__;"Victor Crone flying from country to country for national selections is the #1 reason for climate change #Melfest
4
26";4;post_815
@Pammd6;"AI singularity is one of those things that genuinely freaks me out. 

Forget Covid  climate change or nuclear war  the bloody machines are coming.
13
3
32";3;post_816
@urbanswirl;"Replying to 
@leftcoastbabe
 @KaivanShroff
 and 2 others
Yep. Heard NPR report yesterday that 70% of Americans now believe in climate change. And there they were reporting on the 30% who still don't. Thought to myself  when 2/3 of the country believe in something  how bout they stop reporting on the fringe minority from now on. 
7
82
547";82;post_817
@MLReadingHub;"And as we all know  climate change is an ever increasing problem the world is facing (mostly driven by capitalism) and its worst effects will be felt by the proletariat  especially in the global south.
1
6
270";6;post_818
@UtopiaStreetArt;"‘Shattering’ mural on climate change by Leon Keer in Helsingborg  Sweden. 6 photos: https://wp.me/p1bmGw-71i
8
27";8;post_819
@thesassymicrobe;"Firstly: who is Mullis? 
Mullis was a Nobel prize laureate for his 80s role in the development of PCR (which has changed A LOT since). He was an AIDS & climate change denier  believed in astrology  and claimed to have spoken with a fluorescent green raccoon.
So what DID he say?
5
9
77";9;post_820
@alaminlawal147;"“On climate change we often don't fully appreciate that it is a problem. We think it is a problem waiting to happen.” - Kofi Annan. We at 
@ABUPloggas
 are not waiting for it to happen but rather we are taking pro active and reactive measure in cubing climate change.
@OlumideIDOWU
6
12";6;post_821
@19hassan49;"IMO this is a situation similar to dealing with climate change. There is absolutely no feasible solution other than revolution. Until then  we are tailing the ruling class  begging them to solve problems on their own accord
Quote Tweet
SAM
@twinkrevsam
 · Feb 6
I’m so tired of people pretending the US can just replicate COVID approaches done by AES’s and make it work. Like we couldn’t even replicate a New Zealand sort of situation because we’re not a fricken island. It’s all idealism detached from reality.
2
5
46";5;post_822
@KinaCollinsIL;"Young people aren't asking to lead on the issues  they're taking the lead. From BLM to the fight to end climate change and environmental racism  young people are driving the conversation.

We see you  we hear you  and we're with you. 
3
27";3;post_823
@Gill_Nowell;"Climate change: Tesco using electric lorries in 'UK first' 
- ⁦
@BBCNews
⁩ 

#ElectricVehicles
bbc.com
Climate change: Tesco using electric lorries in 'UK first'
The UK's largest supermarket chain has started using electric trucks to deliver food and goods.
7
18
81";18;post_824
@CelovskyDanny;"Scientist: ""my colleagues are scared witless of the climate change crisis.""  

Why are the scientists scared?   You might want to find out - it affects you directly.
youtube.com
OMEGA - Underestimating the Challenges of Avoiding a Ghastly Future
We are joined by Paul Ehrlich  Joan Diamond  Gerardo Ceballos  Nate Hagens  Bill Rees and others. The conversation will be hosted by Michael Lerner to discus...
6
6";6;post_825
@qbas81;"Replying to 
@swetac
Lifestyle change: be annoying person bringing topic of climate change in discussion with friends  colleagues  random people!
Not easy  but important to speak up about it.
8
18
116";18;post_826
@agristok;" PhD Positions with various backgrounds - Regional Climate Change:  Disentangling the Role of Land Use and Water Management (DETECT) in  Germany https://agristok.net/2022/01/31/phd-positions-with-various-backgrounds-regional-climate-change-disentangling-the-role-of-land-use-and-water-management-detect-in-germany/… via 
@agristok
17
23";17;post_827
@media_climate;"Jan'21 summary/explainer of media coverage of climate change or global warming now out https://sciencepolicy.colorado.edu/icecaps/research/media_coverage/summaries/issue61.html…

from Dec'21  coverage down in all regions  yet steady in Latin America: Europe (-3%)  Africa (-6%)  Asia (-8%)  Middle East (-20%)  North America (-26%)  Oceania (-34%)
7
13";7;post_828
@DigiEconomist;"Contributing to a purposely wasteful system when climate change is endangering those species in the first place is a great way to keep yourself relevant… 
Quote Tweet
jos3ph.eth
@josephpallant
 · Feb 5
Replying to @Lenthan_Q @DigiEconomist and @WWF
Emitting 11tonnes of CO2 (=11 telephone poles) to work to raise millions of dollars for endangered species by a top-tier conservation organization like #WWF isn’t making things worse :)
1
4
15";4;post_829
@joefitzgibbon;"Climate action on the move in House Appropriations with the passage of HB 1663 by 
@davinaduerr
 requiring landfills to monitor  capture  & destroy methane! Methane is the #2 greenhouse gas  & quick action to reduce it buys us time to address climate change. #waleg
2
4
41";4;post_830
@DionRicciardi;"Replying to 
@DionRicciardi
serious. You’re saying ‘I care about integrity  accountability  climate change etc but if it comes down to a choice between ALP (who share your concerns) and LNP  I will still choose LNP and to hell with integrity  accountability and climate change’.
1
2
7";2;post_831
@branwen41677029;"Replying to 
@lizreason
By the time you've finished your purity spiral there will be just a handful of suitably devout members left. What's more important - the environment  climate change inequality  poverty - or the wants of some males who want to be seen as women and access female spaces?
1
5
40";5;post_832
@CanAmPolitics1;"Replying to 
@GeraldKutney
Someone tried to tell me I was misinformed about climate change.

When I asked him exactly what proof he had that climate change is a hoax  he said “I can’t explain it because it’s too complicated.  Go read it for yourself”
2
4
35";4;post_833
@insectbrah;"Climate change is one of the lesser conservation issues. It’s simply the worst for humans. New species will evolve where other niches are changed. However  urbanization  habitat destruction  farming and invasive species all caused by humans will not allow new niches to be created
1
2
29";2;post_834
@4thGenBlog;"Tiny reactors could spark a 'nuclear revolution' to fight climate change 

https://newsweek.com/2022/01/21/tiny-reactors-could-spark-nuclear-revolution-fight-climate-change-1668080.html… 

via 
@Newsweek
 
@NuScale_Power
 
@oklo
 
@TerraPower
 
@4thGenNuclear
newsweek.com
Tiny reactors could spark a 'nuclear revolution' to fight climate change
As the demand for energy rises  miniaturized nuclear power plants could be a climate-friendly new source. But some critics aren't so sure
5
25
66";25;post_835
@AGU_Eos;"“Almost everything hinges on permafrost in the Arctic ecosystem.”

But tundra fires and climate change continue to accelerate permafrost thaw for decades after the flames are out.
eos.org
More Fires  More Problems - Eos
Increasing incidents of wildfires in the Arctic are not only thawing permafrost but changing the entire underlying structure of the region.
5
5";5;post_836
@mohamedf195;"None of the comments you've provided in your thread ever culminate to the summation you leave your readers with at the end. Your '3 important dimensions' do not touch on the real issues facing #hornofafrica climate change  employment  poverty  drought these are the real issues!!
1
16";;post_837
@JosephAngolano;"Name the issue: climate change  civil rights  race relations  mandatory vaccinations  vaccine passports  the numbers are there for all to see. 

To use a Mexican expression: no se hagan bolas - let's not get mixed up. Face facts for what they are and stop kidding ourselves

2/n
1
2
24";2;post_838
@PeakDistrictDeb;"Replying to 
@CeliaRichards0n
Obviously an organisation up to no good - fighting climate change  managing the landscape  engaging people with heritage  promoting nature connections and unpicking complex history... all whilst serving up cakes and bakes that dreams are made of. Scary stuff.
1
2
30";2;post_839
@economicliberal;"In fact  it is true: there are a few papers  and books  that link climate change induced by catastrophic events  such as volcano mega-eruptions  with pandemics. Thus  man made climate change makes pandemics likelier
Quote Tweet
Let's see what happens
@HTTP_404_NotF
 · Feb 4
Here we go…Greta Thunberg says we can no longer separate climate change and pandemics 

“It’s all interlinked in many ways”
1
15";;post_840
@CNBC;"What Indigenous people can teach us about fighting climate change
cnbc.com
What Indigenous people can teach us about fighting climate change
Julian Brave NoiseCat points out that practices like wildfire control and fishery management are returning toward ways that Indigenous people practiced them.
8
5
28";5;post_841
@RepLowenthal;"Since 
@POTUS
 issued his executive order addressing climate change  we have taken important steps to restore contaminated sites  improve air quality near ports and highways  and ensure that our drinking water is free of lead and other toxins. #ActOnClimate
2
4
18";4;post_842
@EnvDefenseFund;"Will Alaska soon be facing a new agriculture norm? Scientists already are studying global climate change models to identify crops of the future and adapt food supply to global warming.
theconversation.com
Climate change could enable Alaska to grow more of its own food – now is the time to plan for it
Homegrown tomatoes and corn in Alaska? Climate change could make it possible in the 2030s and ‘40s – a rare silver lining for this fast-warming state.
8
7";8;post_843
@fswarrior;"Replying to 
@CDouglasLove3
It's the classic pivot  just like the corporate media is going to pivot from COVID to climate change.
2
1
41";1;post_844
@NotJasonRogers;"Replying to 
@elsbet
 and 
@kept_simple
Actually  climate is the average temperature measured over 30 years  so the climate changes every year by definition. Climate change is already happening  it's not that big of a deal.

I've never listened to JP but I've seen some memes and I imagine that's what he would say lol
6
1
78";1;post_845
@Fergie_Kate;"Replying to 
@EmmaBatemanGPW
 and 
@lizreason
Take it it’s stopped identifying as a party that cares about the environment and climate change?
2
1
24";1;post_846
@SarahWa72623615;"Replying to 
@xr_cambridge
""The world isn't ready for climate-change-driven inflation""
“This climate-change risk to the supply chain—it’s actually real. It is happening now ”
theatlantic.com
The Rise of Greenflation
Extreme weather and energy uncertainty are already sending prices soaring.
1
7";1;post_847
@YaleClimateComm;"""I have come to see my responsibilities in a different light "" says 
@latimes
 #energy reporter 
@Sammy_Roth
 on his work reporting on climate change: https://lat.ms/3sehgVh
1
5
16";5;post_848
@YaleClimateComm;"A recent study from 
@NCState
 shows that climate change will likely increase “ghost forests” — coastal forests killed off by #SeaLevelRise — in the southeastern U.S.  leading to rising methane emissions from soil: http://bit.ly/3oq45jc via 
@Tech_Networks
technologynetworks.com
Soil Microbes Responsible for Ghost Forest Tree ""Farts""
A new study shows that methane is largely generated in the soils below standing dead trees in so-called ghost forests  or coastal forests that are being killed off by rising sea levels.
8
13";8;post_849
@elsbet;"Replying to 
@kept_simple
This is funny because meat-soaked Jordan Peterson is on there philosophically saving us from climate change by definition.
1
96";;post_850
@ClimateCentral;"""Climate change is making winters warmer and shifting snowfall patterns around the country. The warming has happened fastest in America’s historically cold places  many of which have winter-based economies and traditions.” https://humbernews.ca/2022/01/climate-change-shaping-up-to-bring-more-concern-in-warmer-months/… 
@HumberOnline
 #ClimateCentral
humbernews.ca
Climate change shaping up to bring more concern in warmer months
It's fair to ask if climate change is involved as summers becoming progressively hotter and winters seemingly getting colder.
5
9";5;post_851
@CanGeo;"In the boreal forest  where secretive lynx depend on the snowshoe hare to survive  climate change threatens to upset this longstanding predator-prey relationship.

By: 
@ainscruickshank
 
With photography by: 
@matherpeter1
https://canadiangeographic.ca/article/wintry-kingdom-canada-lynx…
2
10";2;post_852
@Lancegooden;"Barack Obama is building a beachfront mansion in Hawaii.

For someone who constantly spews climate-change hysteria  he likes buying property right on the water.
488
1 875
7 683";1875;post_853
@isabelleboemeke;"just wanted to tell all my solar  wind and geothermal friends that i don’t think any of you are shills. i appreciate all of your efforts and hope that together we can decarbonize and solve climate change!    
19
53
810";53;post_854
@GraduatedBen;"Thinking again about that time a bunch of walruses were spooked by the film crew buzzing them with drones and stampeded to their deaths off a cliff and Netflix/WWF blamed it on CLimAtE cHanGe
8
57
413";57;post_855
@TonyHussein4;"There is 1 party now that still believes in truth  democracy  science  & the Constitution. 

#GOP abandoned the truth  broke their Oath of Office  & embraced Trump's #BigLie.

GOP abandoned democracy & embraced voter suppression.

Trump calls climate change a hoax!

#DemVoice1
17
168
188";168;post_856
@Leigh_Phillips;"Climate change is a real and profound challenge  but it is also one whose resolution is assisted by such fabulist  unserious  unscientific  dishonest doom-mongering about as well as it is by fossil-sector-paid denial of the problem.
6
18
244";18;post_857
@RealMundiRiki;"This could be many things. Deadlines. Climate change. Going to sleep before a work day. Whatever it is  sometimes it's just so much easier not to look.
5
9";5;post_858
@yo_kaix;"we don’t talk about climate change enough
3
11";3;post_859
@PaulSorrentino3;"they were never serious about fighting climate change
4
24";4;post_860
@EvergreenAction;"If atmospheric greenhouse gas levels venture much higher than today’s levels  we risk runaway climate change. We’re facing rising sea levels  year-round heatwaves  and crippling droughts. 

We need the climate investments in BBBA  and we need them quickly.
5
23";5;post_861
@curryja;"Climate change (cooling) is bad for epidemics
sciencedirect.com
Epidemics in pre-industrial Europe: Impacts of climate change  economic well-being  and population
Academic attention is increasing to examine historical epidemics from the perspective of human ecology. Studies are still inadequate  however  from a …
3
9
34";9;post_862
@doglips13;"Sen. Cortez Masto has been working for Nevada for years.  A few of her recent priorities are:
Women’s reproductive rights
Fight climate change
Electric cars & buses
Create good paying jobs for Nevadans

Keep 
@SenCortezMasto
 working for you.
#DemVoice1
2
35
32";35;post_863
@doglips13;"Rep. Melanie Stansbury knows we can’t wait for climate action.  

She is pushing to pass the BBB Act to fight climate change & invest in a more resilient & sustainable future.
@Rep_Stansbury
 #NM01 the type leader we need to solve the climate crisis.

#DemVoice1
4
35
40";35;post_864
@GirlThatsScary;"Parable of the Sower by Octavia E. Butler

Parable of the Sower is an incredible apocalyptic science fiction novel. It highlights the themes of human nature  social inequality  climate change  growth and change. This book holds a clean mirror to our muddy society

Earthseed>>>
The following media includes potentially sensitive content. Change settings
View
1
4
15";4;post_865
@Maga4Justice;"Gates  Obama  Biden and Gore are not afraid of climate change afraid of climate change.

They all know it’s the new best Grift.
9
9";9;post_866
@OccupyDemocrats;"You would think that after experiencing a storm like the one Texans had to endure in 2021  knowing that climate change will make extreme weather events more likely  Texas would take steps to upgrade its energy system.

You would be wrong writes 
@tomaskenn
.
occupydemocrats.com
SHAMEFUL: 70 000 Texans Without Power as Ted Cruz Jokes About Fleeing to Cancun
The Texas senator's lack of remorse for his insensitivity as thousands of his state's citizens are without power is no laughing matter.
44
299
653";299;post_867
@MrMatthewTodd;"THE GLOBAL FOOD SUPPLY IS UNDER THREAT BUT BARELY TALKED ABOUT. 'The WFP says the recent pattern of destructive storms caused by global warming and climate change has caused failed harvests  high food prices and increased food insecurity in the region'
bbc.co.uk
Cyclone Batsirai: Whole villages swept away in Madagascar
At least 10 people die and 50 000 are displaced as Cyclone Batsirai brings widespread destruction.
9
71
152";71;post_868
@BlueOceanGal1;"I just watched the Three Days of Condor. A movie so old  that Google Voice doesn't even know to capitalize the title. Sorry for the spoiler  but it was about oil. Guess what? It's still about oil. Only now  we have to contend with climate change  the damage from oil. It's abuse.
1
2
14";2;post_869
@ThomasforBC;"7⁰ C at the x-country trails today. 

Gorgeous spring sunshine  but it's 1300m elevation and February 6th.

My thoughts were implications for the 2022 wildfire season  my wife's were about climate change. I guess this what our future holds 
6
3
26";3;post_870
@ecofriendlywest;"How can the arts address climate change? https://chinadialogue.net/en/cities/solarpunk-visions-of-a-just-nature-positive-world/… Solarpunk is just 1 of 5 options we'll be exploring in Tuesday's EcoWest News. Join us at EcoFriendly West
chinadialogue.net
Solarpunk: Visions of a just  nature-positive world
What does a sustainable civilisation look like and how do we get there? A burgeoning movement of artists and activists is seeking answers.
1
5
10";5;post_871
@Jesscelt;"Climate change is getting worse by the minute and we can fix it by finding ways to do  it so stop reading   this and get off your phone and find a way to stop climate change now.   from Felicity 
1
11";;post_872
@BirbJack;"Replying to 
@GraduatedBen
omg climate change is a result of human pollution and nothing else --- according to our climate change models
*honk honk*
GIF
ALT
3
13";3;post_873
@BegaGreens;"Climate change fueled bushfires we are now experiencing need to be fought differently  using technology to help us find and extinguish them early. #BegaByElection
Authorised by D. Hayden  The Greens NSW  Suite D  263-279 Broadway Glebe NSW 2037
http://greens.org.au/nsw/auth
1
9
11";9;post_874
@WSJ;"“We have a situation where the models are behaving strangely."" Policy makers need computer models to help address climate change  but the supercomputer models' very complexity is complicating efforts.
wsj.com
Climate Scientists Encounter Limits of Computer Models  Bedeviling Policy
Supercomputer simulations are running up against the complex physics of programming thousands of weather variables such as the extensive impact of clouds. “You solve one problem and create another.”
18
23
48";23;post_875
@nuclear94;"All models are wrong  some models are useful. If you replace fossil fuels with nuclear energy  climate change disappears as a problem and no one knows any different because the system continues to just work. But then you don’t have a crisis. 
wsj.com
Climate Scientists Encounter Limits of Computer Models  Bedeviling Policy
Supercomputer simulations are running up against the complex physics of programming thousands of weather variables such as the extensive impact of clouds. “You solve one problem and create another.”
3
10
27";10;post_876
@nytclimate;"“Eco-anxiety” used to be a fringe idea in mental health. As climate change worsens  more people are seeking treatment for it.
nytimes.com
Climate Change Enters the Therapy Room
Ten years ago  psychologists proposed that a wide range of people would suffer anxiety and grief over climate. Skepticism about that idea is gone.
46
55
43";55;post_877
@MeowMeow4M4A;"Replying to 
@china_takes
So the issue is they're using more fake snow than others. Are we supposed to expect winter wonderland conditions in the age of climate change?
2
51";;post_878
@IslandsInnovate;" ""The establishment of viable  low carbon onshore economies is an important part of the conversation in the Caribbean about sustainable energy and climate change.""

https://newsday.co.tt/2022/01/27/regional-leaders-caribbean-must-chart-course-on-climate-change/…

#Caribbean #ClimateChange
newsday.co.tt
Regional leaders: Caribbean must chart course on climate change - Trinidad and Tobago Newsday
The establishment of viable  low carbon onshore economies is an important part of the conversation in the Caribbean about sustainable energy and climate change. Guyana President Dr Mohammed Irfaan...
5
6";5;post_879
@marlenebuechel1;"Replying to 
@twrecks155
You have every right to your perspective.  But remember  every other person has the same right to theirs  and the clips which have been played in various segments on this story are filled with 1. racist comments 2. Covid misinformation  aka lies   3.  anti-climate change research
148
81";;post_880
@SaleemulHuq;"And this is still an underestimate of the true cost of 
@LossandDamage
 from human induced climate change!
Quote Tweet
Oxford University Economic Recovery Project
@OxEconRecovery
 · Feb 6
The European Environment Agency data shows that extreme weather has cost Europe €500bn over 40 years.

“Even if we reach net zero emissions before 2050  adaptation will still be needed to keep the impacts limited.” Wouter Vanneuville @EUEnvironment

https://theguardian.com/world/2022/feb/03/extreme-weather-has-cost-europe-about-500bn-over-40-years…
1
3
8";3;post_881
@PeterGelderloos;"climate change and how ALL dominant institutions have either done nothing or tried to profit for decades; argues that viewing the problem as climate change rather than as a multifaceted ecological and social crisis enables these dominant institutions to continue destroying
4/
1
4
40";4;post_882
@canadiancharity;"I would not agree with comparison “this foreign interference is just as wrong as US-funded campaigns against our oil/gas industry” - one is very close to being a group of Nazis and the other are people concerned with climate change  whether you agree with them or not.
1
2
11";2;post_883
@rod_lampard;".
@_evelynrae
 & 
@andrewbogut
 discuss lockdowns  precedents  COVID & the potential move by overbearing governments towards using those to fight ""catastrophic climate change.""

Another excellent episode of the 
@CaldronPool
 show.
youtube.com
The Caldron Pool Show: Episode 3 - Andrew Bogut
The Caldron Pool Show: Episode 3To support  please visit: https://caldronpool.com/support/
1
8
27";8;post_884
@AustinRiediger;"Replying to 
@Noahpinion
For some reason the climate change disaster artists piss me off more than the deniers. There is plenty of science out there  and you can't be bothered to find out what the current stakes and projections are?
1
31";;post_885
@KBCChannel1;"Kenya to chair Committee of African Heads of State and Government on Climate Change
kbc.co.ke
Kenya to chair Committee of African Heads of State on Climate Change
Kenya Sunday took over the Chairmanship of the Committee of African Heads of State and Government on Climate Change (CAHOSCC) from South Africa on the sidelines of the ongoing 35th Ordinary Session...
4
9";4;post_886
@bikewalkperth;"Why is the ABC putting quotation marks around Climate Change? 

FFS have some guts to say it like it is.
Quote Tweet
ABC Perth
@abcperth
 · Feb 6
'Changing climate': Homes lost as hundreds of firefighters battle spate of destructive blazes in Western Australia https://abc.net.au/news/2022-02-07/hundreds-of-firefighters-battle-several-dangerous-fire-in-wa/100809148…
2
2
6";2;post_887
@HannahEDaly;"Thanks to 
@GabbyMonaghan
 for this interview - reinforcing the point that our vulnerability to fossil fuel price volatility has the same underpinnings as our oversized impact on climate change.
Quote Tweet
Gabrielle Monaghan
@GabbyMonaghan
 · Feb 6
Ireland could be more exposed to higher  more volatile gas prices – and there are growing calls for the State to act.

https://independent.ie/business/ireland-could-be-more-exposed-to-higher-more-volatile-gas-prices-and-there-are-growing-calls-for-the-state-to-act-41313289.html…
2
3
6";3;post_888
@LSMO55;"Replying to 
@ripx4nutmeg
 @kassopaia
 and 2 others
The Greens campaign for the the material reality of climate change and campaign against the material reality of sex. As a political party  it is more hypocritical than Johnson's carpetbagger Tories and less worthy of a vote.
2
1
15";1;post_889
@HannahEDaly;"On nuclear from Paul Deane - ""We should keep our minds and options open to all climate solutions but.. manage expectations of when they can credibly deliver. Of all the options available to us [on] climate change  waiting is just not one of them.""
irishexaminer.com
Paul Deane: Nuclear power no longer generating a negative reaction
The climate crisis and growing demand has seen a new openness emerge regarding the discussion about nuclear energy use in Ireland
1
5
20";5;post_890
@parents4future;"Winning Slowly Is the Same as Losing — 
@billmckibben
The technology exists to combat climate change – what will it take to get our leaders to act?

#ClimateCrisis (December 1  2017)
rollingstone.com
Bill McKibben: Winning Slowly Is the Same as Losing
The technology exists to combat climate change – what will it take to get our leaders to act?
7
12";7;post_891
@Sophiemcneill;"“The Bureau of Metereology and
the CSIRO both say climate change
has led to longer bushfire seasons
and an increase in the average
number of high-risk fire days” - thanks 
@FranRimrod
 for this important piece.
#ClimateEmergency
10
24";10;post_892
@longnow;"A new study examining disease in pre-industrial Europe finds that climate change and economic well-being were the two most impactful factors in shaping epidemics.
sciencedirect.com
Epidemics in pre-industrial Europe: Impacts of climate change  economic well-being  and population
Academic attention is increasing to examine historical epidemics from the perspective of human ecology. Studies are still inadequate  however  from a …
4
9";4;post_893
@BulletinAtomic;"Sign up for our newsletter--we won't sell or share your information  and you'll receive a direct line to the best thinking on nuclear risk  climate change  and disruptive technologies.
thebulletin.org
Receive Email Updates - Bulletin of the Atomic Scientists
The Bulletin's content is both influential and understandable--an authoritative guide that confronts man-made threats to our existence.
4
10";4;post_894
@craigtimes;"Bill moving thru #Florida Legislature would push employers to take steps to better protect outdoor workers from extreme heat -- an important #climate change issue. https://miamiherald.com/news/local/environment/article257885013.html… via 
@harrisalexc
 & 
@syraob
miamiherald.com
‘Water  rest  shade’: The fight to protect Florida’s outdoor workers from extreme heat
When Pedro Trejos was in his early 20s  the Nicaraguan-born construction worker was on the second-floor of a job site in Miami when he lost his footing in a spell of dizziness.
1
4
8";4;post_895
@NigeriaNewsdesk;"President Ramaphosa: Africa is not responsible for climate change but bears the brunt of it https://today.ng/s/290810 via 
@todayng
7
10";7;post_896
@nuclearny;"Replying to 
@isabelleboemeke
""The film makes no attempt to interrogate why the challenge of climate change is so befuddling to human societies... In real life  there is no clear  easily implementable answer to climate change."" -
@atrembath
foreignpolicy.com
‘Don’t Look Up’ Peddles Climate Catastrophism as a Morality Tale
Adam McKay’s allegory of climate change revels in a misguided understanding of science.
1
12";1;post_897
@mollieschmollie;"Let’s go back to talking about something less depressing  like climate change.
2
1
8";1;post_898
@TonyHussein4;"Somebody asked a Texas farmer ""What does a wind generator sound like?""

He replied ""It sounds like money to me!""

Replacing fossil fuels with renewable energy is needed to address climate change.

It minimizes carbon pollution & has a lower impact on our environment.

#DemVoice1
Quote Tweet
☆ Learn to Live with Less ☆
@Lightswide
 · Feb 4
This Texas cattle rancher earns good income by renting space to renewable energy companies  contracts are generally a year long and the company is responsible for maintaining the infrastructure and roads. Sound on. 
6
89
134";89;post_899
@jholz__;"hey news editors of the world: if your outlet covers climate change and Covid-19 as scientific fact but treats the existence of trans and non-binary people as simply a political question  you should look harder at your editorial standards :)
1
36
187";36;post_900
@bencaplanmusic;"A soup that calls for half of an  and half of a  is not 50/50  and  (or delicious). We can acknowledge the existence of the   but the principle character of the soup is .

Anti-vaxxers and Climate Change Deniers are obsessed with the  and forgetting the .
2
10
63";10;post_901
@SenMarkey;"I have been in the flight for climate action for a very long time. Been here for the good days and the very  very bad days. And I can say with certainty that we are closer than ever to finally confronting climate change as a nation.
20
27
175";27;post_902
@DFBHarvard;"German Chancellor is asked how is your dependence on Russian gas limiting your ability to respond to the Russian threat?

This woke Socialist launches into a ""Climate Change"" speech saying Germany will phase fossil fuels out by 2045! 

I'm sure the Russians are laughing 
1
17
42";17;post_903
@satoshibux;"The next HOAX will be ""Climate Change"" aka ""Climate Crisis"" aka ""Climate Catastrophe"" (hintbook of Revelation)
1
6
24";6;post_904
@karaafrederick;"If we do not strike at the heart of Big Tech’s toxic practices now  others will cont. to follow suit until campaigns against Joe Rogan/Spotify  Airbnb bans & GoFundMe fraud gives way to climate change compliance  ESG & other social credit machinations as requisite for daily life.
4
71
325";71;post_905
@EPAMichaelRegan;"Great to meet with 
@NYCMayor
 today! Looking forward to working collaboratively with the city as we work to confront climate change  protect drinking water  and advance environmental justice. 
18
27
137";27;post_906
@AndrewMuirNI;"Heading home after night voting on important Climate Change Bill

Now is not the time to knock off early  we need to get maximum amount of legislation passed before end of this mandate

Despite DUP antics  I'll be back tomorrow morning doing my job as MLA
20
4
91";4;post_907
@ecosacramento;"Sac City Council has acknowledged the need to address the impacts of climate change by declaring a climate emergency. However  we are far from meeting the City’s carbon neutrality goal – we need plans and funding. Check out our letter to the city. 
https://ecosacramento.net/2022/02/ecos-letter-in-advance-of-sac-city-council-transportation-workshop-2-8-22/…
6
10";6;post_908
@RalphWOlly;"To all the climate change clever dicks on twitter  put this in your pipe  and smoke it!
Quote Tweet
Nickelsgb
@nickelsgb
 · Feb 7
This
1
6
9";6;post_909
@greenbeltca;"The #ONGreenbelt is home to thousands of hardworking farmers  but how does the industry impact their #mentalhealth? With climate change  isolation  & stressful seasons  they face challenges that can lead to mental health issues. Let's continue the support.  #farmerwellness
4
13";4;post_910
@hannahrsdawson;"Fantastic discussion this morning about contextualising climate change in the Effective Climate Communication workshop at #ICSHMO2022. Afraid to admit that I don’t exactly know what 1.5 or 2 degrees warming means for me and my community. **Starts investigating immediately **
1
3
13";3;post_911
@SenTinaSmith;"Geothermal is a great source of energy for keeping warm during the Minnesota winters while fighting climate change. 
 
This is excellent to see from Carleton and exactly the type of investment more colleges across the country should make to lower emissions.
minnesotareformer.com
Colleges see untapped potential in geothermal district energy systems - Minnesota Reformer
A small but growing list of U.S. colleges and universities are dusting off a centuries-old technology to help meet their ambitious climate goals. Carleton College  a small  private liberal arts...
5
22
107";22;post_912
@ldog562;"Replying to 
@stevenmazie
 and 
@MaddowBlog
We have Zealots on supreme court now thanks again Susan Collins you succeeded in bringing America backwards 100yrs. Remember Women's Rights Climate change comprehensive new gun law's are on the ballot this midterms.
2:19
1 207 views
5
39
46";39;post_913
@absurdculture;"""Climate change and racism are two of the biggest challenges of the 21st Century. They are also strongly intertwined. There is a stark divide between who has caused climate change and who is suffering its effects.""
bbc.com
Why climate change is inherently racist
Climate change divides along racial lines. Could tackling it help address longstanding injustices?
1
32
38";32;post_914
@paulakahumbu;"Kenya can become a biodiversity superpower but we must mainstream environmentalism and invest meaningfully in  climate change #WildlifeWarriors
Quote Tweet
State House Kenya
@StateHouseKenya
 · Feb 6
2/3 In a virtual congratulatory message  South African President @CyrilRamaphosa said Kenya was best suited for the role having been ""a leading voice on issues of climate change in Africa"".
Show this thread
1
8
53";8;post_915
@AnnaLHargreaves;"when the few hundred anti-vax #OttawaSiege coup yahoos get me down (which is all the time right now) I like to remind myself that 
MILLIONS of Canadians marched against government inaction on climate change
25";;post_916
@cait__kelly;"Instead of a myriad of real issues - house prices  cost of living  climate change  keeping people out of poverty by raising the rate - we have a government happy to debate if it is ok to kick some kids out of school because they are different. 
2/3
theguardian.com
Religious discrimination bill will not protect trans students from expulsion  Simon Birmingham...
Senate leader says the issue of discrimination on the basis of gender identity would be examined  but not included now
1
13
30";13;post_917
@oakaged919;"Replying to 
@BrentToderian
That they really do have the power to make significant progress on climate change  transportation  and equity issues. Blaming the fed or state governments only goes so far. True leadership at a local level just takes the will to act.
1
3
37";3;post_918
@suezWATERTECH;"To address water impacts related to climate change  a collaborative effort must produce results that reach more of the country  motivate the corporate sector  and celebrate and share our most innovative solutions  noted Jon Freedman in a recent article: https://bit.ly/3eiI6Ft
3
8";3;post_919
@GabeHoff;"The Obama & Clinton nominated judges revoked the permit for a 94% constructed  $6.2 billion  critical natural gas pipeline because they claimed the Feds failed to properly assess the effects of climate change on 2 species of rare fish
reuters.com
Court dings Mountain Valley Pipeline again  this time over rare fish
A federal appeals court on Thursday invalidated an endangered-species study required for Equitrans Midstream Corp's $6.2 billion Mountain Valley natural gas pipeline under construction from West...
10
125
199";125;post_920
@JeffAndDonkeys;"14. If we want to respond in any meaningful sense to climate change we must decrease our energy throughput. We must slow and reverse the destruction we are doing to the biosphere. It's the only hope we got. Ideally  we should do it in such a way that developed societies don't
1
4
28";4;post_921
@CultrHack;".
@NeilYoung
 is on a rampage in 2022  doubling down 2 hrs ago on 
@Spotify
’s evils  as well as advising divesting in big banks because of abuses  esp. the difficult econ fate of millennials. And as he has for decades  he takes strong stand on climate change.
pitchfork.com
Neil Young Tells Spotify Workers to Quit Their Jobs
“Get out of that place before it eats up your soul ” he advises after taking a swing at big banks
1
7
19";7;post_922
@MatthewHootonNZ;"I don’t see how people who care primarily about housing  poverty  social justice  climate change etc could still be voting for this fraud rather than for 
@NZGreens
.
Quote Tweet
TheDailyBlogNZ
@TheDailyBlogNZ
 · Feb 7
EXCLUSIVE: The Prime Minister on One News last night – telling a huge porky | The Daily Blog https://buff.ly/3grjHhY

#nzpol
1
3
14";3;post_923
@EHill73;"Replying to 
@Cernovich
Plant based diet is climate change nonsense. You can eat healthy and still have red meat. It's a super food. The only super food.
97";;post_924
@PrChrisHarbin;"Replying to 
@nathaliejacoby1
Climate change
Bad immigration policy
Cash bail
Racism
Economic inequality
29";;post_925
@pulitzercenter;"In partnership with 
@ndigenousphoto
  we are holding an open call for indigenous photographers to submit work documenting climate change. Selected images will be featured at the upcoming 
@coal_and_ice
 exhibit. Submit your work before the Feb. 25 deadline!
pulitzercenter.org
Pulitzer Center  Indigenous Photograph Launch Photo Call
The Pulitzer Center and Indigenous Photograph are launching an open photo call.
4
41
37";41;post_926
@almulholland4;"Climate change will lead to more extreme weather  natural disasters and economic instability. We're glad 
@GovTimWalz
 & his administration have outlined this framework for #ClimateAction in MN and look forward to working together to tackle climate change.
nature.org
Statement on the Draft Minnesota Climate Action Framework
This legislative session  Minnesota has a unique opportunity to make a big investment in tackling climate change.
3
11";3;post_927
@ericapepe7;"Looking forward to joining this event on climate change and natural resource weaponisation with an excellent panel of environmental and security experts chaired by 
@_IreneMia
. Thanks to 
@LauraBirkman
  
@MarcusKingGW
  
@marknevitt
 and Susanne Schmeier for accepting to participate!
Quote Tweet
IISS News
@IISS_org
 · Jan 31
What are the dynamics of natural resources weaponisation in conflict? 

Join our webinar
  Tuesday 8 February
 7.30AM EST | 12.30PM GMT | 8.30PM SGT

 @LauraBirkman  @marknevitt  @MarcusKingGW   Dr Susanne Schmeier  @_IreneMia  @ericapepe7
https://go.iiss.org/3AKATrQ
2
5";2;post_928
@insideclimate;"“You can’t address a problem without data.” Activists are urging the International Energy Agency to make its data free and available to everyone in the broader effort to better understand  and fight  climate change.
insideclimatenews.org
Activists Urge the International Energy Agency to Remove Paywalls Around its Data - Inside Climate...
WASHINGTON—A growing number of activists and academics are calling on the International Energy Agency to make its data free and available to everyone  ahead of the agency’s biennial board meeting in...
3
9";3;post_929
@BaxterPeterba;"Replying to 
@mjrowland68
 and 
@ScottMorrisonMP
Unfortunately the people of Australia now know what Morrison is like. Should Morrison win the next election the consequences will be dire with the pandemic not under control and climate change looming as an uncontrollable looming disaster.
1
4
18";4;post_930
@ShahidForChange;"“House Speaker Nancy Pelosi has spent over $500 000 on private jets since 2020 despite repeatedly describing climate change as an ‘existential’ threat the U.S. has a ‘moral’ obligation to address.” — 
@JessicaChasmar
 & 
@Cam_Cawthorne
 

#Climate #hypocrisy
Quote Tweet
Fox News
@FoxNews
 · Feb 7
Pelosi spent over $500K on private jets despite claiming ‘we have a moral obligation’ to reduce emissions https://foxnews.com/politics/pelosi-500k-private-jets-moral-obligation-reduce-emissions…
6
10
41";10;post_931
@commondreams;"""Wet'suwet'en is an international frontline to protect the rights of Indigenous peoples and to prevent climate change "" says 
@Gidimten
 Checkpoint spokesperson Sleydo' amid her clan's fight against Coastal GasLink's pipeline.
commondreams.org
First Nations Land Defenders File Submission to UN Human Rights Council
""Wet'suwet'en is an international frontline to protect the rights of Indigenous peoples and to prevent climate change.""
1
10
14";10;post_932
@tomkimmerer;"Replying to 
@JacquelynGill
I have been working on climate change related conservation for decades. I took a vow in 1982 to include climate change in every public lecture (averaging >100/yr before Covid). I have  for the first time  sought therapy to deal with my growing frustration  anxiety  and angst.
10";;post_933
@blmphxmetro;"People’s Tempe Budget  Sunrise Movement Tempe  Extinction Rebellion Phoenix  Kids for Climate AZ  and Phoenix Environmental Justice Coalition are hosting a virtual forum focusing on the environment and people most impacted by climate change. Join us: https://bit.ly/pbtcf
5
11";5;post_934
@zerohedge;"Nancy Pelosi Spent $500K On Private Jets While Preaching About Climate Change
zerohedge.com
Nancy Pelosi Spent $500K On Private Jets While Preaching About Climate Change
""Flying on a private jet is probably the worst thing you can do for the environment...""
163
868
3 480";868;post_935
@laurenboebert;"Democrats snuck $2 billion ANNUALLY to a “new” International Climate Change program via the CONCEDES Act.

Rejoining the Paris Accords wasn’t enough for Joe. He wants to keep throwing money into the abyss!
1 202
1 819
5 259";1819;post_936
@davidb2789;"But  but  climate change 
3
4
13";4;post_937
@KurtSchlichter;"Climate change is a hoax. Now here’s a squirrel.
11
23
237";23;post_938
@LeninBol;"""World Economic Form promoted women's rights and climate change mitigation  should we reject those?"" 

WEF promotes liberal feminism & green capitalism. We should reject liberal feminism and green capitalism  but support women's rights & combat climate change.
2
8
58";8;post_939
@x3r0gxx;"even outside the context of a pandemic  masks are super helpful against air pollution  which is only getting worse as climate change accelerates and we face ever-mounting mass fires. protecting ur lungs is good and nice
3
6
37";6;post_940
@TheDailyLama__;"Remember  it can be everything  probably climate change
5
12";5;post_941
@pattoni;"Good thread. Many regular people are already on the opposite side of this line vs politicians/business. The pandemic has shown that climate change is going to be a slow motion apocalypse we don't have the capacity to respond to.
Quote Tweet
agent ndn negm/they/he
@TheAgentNDN
 · Feb 8
The biggest dividing line in the years to come will be between the people who believe in their heart of hearts that the world can go back to how everything was in the before-time and everyone else who realizes that that is just not possible.
Show this thread
1
8
25";8;post_942
@latoyadjordan;"This Tiny Nightmares book is amazing & creepy! And also 100% do not recommend reading a story about mass murder by pushing people off subway platforms to combat climate change while you are standing on the subway platform in a prime push location.
2
3
24";3;post_943
@MattCarr55;"When the likes of Steve Baker try to oppose Climate Change mitigation on the grounds that carbon neutral measures will make working people ‘cold and poor’   this is what Baker did for working people over the years. https://theguardian.com/politics/2022/feb/08/tories-fighting-net-zero-plans-are-dragging-climate-into-new-culture-war-experts-say?CMP=Share_iOSApp_Other…
3
20
35";20;post_944
@DahyrMHasheem;"Humbled to share a few minutes from my 45-minute interview with ARTV Kano  during which we discussed climate change and the Kano Afforestation Drive extensively.
3
15";3;post_945
@Lalaej;"“If we're really serious about stopping climate change  you can only manage what you can measure  and we need to have more information” https://ted.com/talks/gavin_mccormick_tracking_the_whole_world_s_carbon_emissions_with_satellites_and_ai/…

#wtpBLUE
#wtpEARTH
ted.com
Tracking the whole world's carbon emissions -- with satellites and AI
What we know today about global greenhouse gas emissions is mostly self-reported by countries  and those numbers (sometimes tallied manually on paper!) are often inaccurate and prone to manipulation....
1
34
39";34;post_946
@PSLdc;"Whether it's Biden or Trump  Democrat or Republican  the capitalist system that promotes climate change  war  and poverty remains. 

Another world is possible  join us and help build it!

http://pslweb.org/join
3
14";3;post_947
@dr_acon;"2022 can be the watershed year when science  public and governments unite on our future and respond to #ClimateChange. 
@IPCC_CH
 is finishing its 6th Assessment Review  then 
@UNFCCC
 COP27. Working Group 2 reports on Impacts  Risks & Adaptation - 28 Feb. Join the solutions.
3
9";3;post_948
@AndersenAngus;"My weirdest WINTER experience ever  its calm right now but strong winds are coming overnight along with Fain Fall Warning.
Then following day we have Snow Fall Warning  I've never been through winter like this - gut feeling is betting big on climate change - ITS REAL.
1
3
18";3;post_949
@ClimateBen;"3.

Abrupt climate change is not the only reason we might consider ourselves in a terrible predicament. Extinction is escalating due to deforestation  logging  road-building  pollution..

Only system change may limit the damage and/or protect us.

Thread:
Quote Tweet
Ben See
@ClimateBen
 · Nov 6  2021
9. 'The best estimates are that the Earth is losing species at many times the background rate .. and that 30% to 50% will be functionally extinct by 2050.'

Pro-growth liberal capitalist media like Guardian stay quiet on this 99.99% of the time. 

https://theguardian.com/books/2014/feb/14/sixth-extinction-unnatural-history-kolbert-review…
Show this thread
1
23
85";23;post_950
@CarlosdelRio7;"Great talk on “Endemic Mycoses” by 
@FungalDoc
 at 
@WinterCourseID
 let’s stop calling them “endemic” as global warming and climate change has significantly modified the geographic areas where these pathogens live.
1
6
40";6;post_951
@TrevorDKidd1;"Replying to 
@DawnTJ90
 and 
@FriendsOScience
Ok  what shit DOESN'T cause climate change these days? I'll just ghost write the next article  I am just as qualified as the 'tards who write all the rest of them: ""Does the Poop from The Duckbilled Platypus and The Tasmanian Devil cause climate change?""
GIF
ALT
4
10";4;post_952
@Zutroy_Jones;"This is just so tiring… Things we should see federal action on before the religious right tries to legalise discrimination:

Climate change
Wealth inequality
Climate Change
Aged care
CLIMATE CHANGE
Asylum seekers
CLIMATE CHANGE!!!
Indigenous issues
#ClimateChange

#auspol
Quote Tweet
ABC Politics
@politicsabc
 · Feb 9
#ANALYSIS Scott Morrison is in a flying rush this week and religious discrimination bill is next on his list  writes @David_Speers https://ab.co/34LbnHi #auspol
1
3";1;post_953
@CABalkaran;"I did something cool: I created a separate 
@YouTube
 channel specifically for my Podcast episodes. First up is my second conversation with Andy West. We discuss how attitudes toward climate change are part of a CULTURAL narrative. 
@curryja
 #climatechange
youtube.com
Andy West: Climate Change Attitudes are CULTURAL
0:00 Intro3:20 Is Culture a Better Predictor?14:03 US is Different28:30 Culture Binds us Around a Common Good37:00 What's Motivating SPECIFIC actions on Clim...
1
4
17";4;post_954
@nickhedley;"The US has contributed hugely towards humanity’s progress.

But it’s also done lots of damage.

- Responsible for 25% of historical carbon emissions. Poor countries bear the brunt of climate change.
- It’s started needless wars and destabilized the Middle East & other regions.
8
3
23";3;post_955
@KeillerDon;"I hope that the drivers and profiteers from the climate change/“renewables” scam are arrested  charged and do time for fraud.
That includes climate “scientists” and Government Ministers.
Quote Tweet
Minnie - The Roaring Mouse
@m_mouse21
 · Feb 8
Replying to @KeillerDon
I do believe that within 10 years all this climate change rubbish will be debunked.  It is just a massive shame that we will have wasted so much money on it.  I hope the activists will hold their heads in shame.
2
5
19";5;post_956
@ActOnClimateRI;"The Executive Climate Change Coordinating Council (EC4) responsible for implementing #ActOnClimate is meeting tomorrow 2/9 at 10:30am. 

We need Rhode Islanders to join the meeting to continue to hold our leaders accountable to climate action. https://f.hubspotusercontent30.net/hubfs/260434/EC4%20Agenda%20Feb%209%202022.pdf…
1
5
7";5;post_957
@CAPAction;"The cost of climate change so far:

 Rising sea levels
 Dangerous wildfires
 Record breaking snowstorms

We can’t afford not to act any longer!
3
10";3;post_958
@GPB0TEEKS;"Replying to 
@cathmckenna
I found it hilarious when you would tweet about the dangers of Climate Change while flying in a private jet. 

Vaccines work to a certain extent
Mandates don't 

BTW when are we going to stop using the term MANdate and finally start using the term Peopledate?
3
4
86";4;post_959
@skooks;"Hey look the mega millionaire commercial bank founder who bought himself a failed vanity run for president says that climate change and the housing crisis are caused by dirty hippies
Quote Tweet
John Delaney
@JohnDelaney
 · Feb 8
The anti-nuclear movement has made climate change worse and the anti-development movement has made affordable housing worse.    These are unfortunate truths that we are paying the price for.
1
8";1;post_960
@JonesHowdareyou;"I can imagine human tribes from long past knew this forever. One day we might all catch up. Unless of course we refuse the halt the rapidly unfolding disaster that is climate change.

""Chimpanzees observed treating wounds of others  using crushed insects""
theguardian.com
Chimpanzees observed treating wounds of others  using crushed insects
Findings published in the journal Current Biology contribute to ongoing debate about empathy among animals
2
12";2;post_961
@politico;" I’m 
@politicoryan
 and I’ve been writing about climate change and its impacts since 2005.

There's more action to limit climate change than ever before. But is it keeping up with the science and consumer expectations? Short answer: No. 
politico.com
The world is on fire and our leaders are failing  poll finds
Poll respondents voice frustration at being left to take on climate action on their own after governments and companies fail to act.
9
26
49";26;post_962
@TheJohnologue;"Replying to 
@EbThen
Future fungal outbreaks too  if climate change concerns of fungal pathogens are accurate. We should be building plague resistance into our national infrastructure  now. Many of the ""non-deadly"" COVID cases will make the next American plague a mass grave.
1
3
8";3;post_963
@PopnMatters;"""Current flood risk in western society is already unacceptably high  yet climate and population change threaten to inflate these losses significantly."" 
This report notes that decarbonisation alone won't cut it. Time to consider #population solutions.
france24.com
Climate change  population threaten 'staggering' US flood losses by 2050
Climate change is on track to ramp up the annual cost of US flood damage more than 25 percent by 2050  according to new research Monday that warns disadvantaged communities will likely bear the brunt…
1
14
21";14;post_964
@AndyBrown1_;"Many of the world's biggest companies are failing to meet their own targets on tackling climate change  according to a study of 25 corporations.
#BBC News
bbc.co.uk
Climate change: Top companies exaggerating their progress - study
Companies including Google  Amazon and Ikea are not meeting their own green targets  a report finds.
8
4";8;post_965
@Jeffrey75327765;"Replying to 
@fridays_freedom
 and 
@GeraldKutney
Friday  given your support for a far right political ideology  and the fact that you know little about science  why do you insist on responding vacuously to Gerald's posts? Why not stick with the climate change denying blogs and think tank sites where you feel right at home?
4
3
12";3;post_966
@dabeard;"They make up about 3 percent of the Earth's land area.
They've soaked up carbon that equals about 2/3 of that in the atmosphere.
These humble bogs and wetlands are our secret weapons against climate change.
Will we save them?
https://email.nationalgeographic.com/H/2/v60000017edad8accf8d254df4bbe5be68/ea97bdfe-0811-4a51-b543-b32db009b8f9/HTML…  by 
@Lujan_Agusti
 @NatGeo
2
11
18";11;post_967
@DiamataDonita;"Replying to 
@kleinbluegirl
 and 
@laurenboebert
I'm pretty sure her husband's ""success"" as a consultant for oil & gas companies relies heavily on Lauren's willingness to block any and all action on climate change.
1
2
51";2;post_968
@JonnisTwoCents;"Replying to 
@laurenboebert
“Into the abyss”

If you don’t believe Climate Change is a real and present issue; the real abyss is in your head.
3
56";;post_969
@calclimateag;"""Giving people space to describe and express deep feelings about things as challenging as #climate change is vital."" - 
@frkearns
 
https://theconversation.com/loss-for-words-art-language-and-the-challenges-of-living-on-a-changing-planet-61844?utm_source=twitter&utm_medium=bylinetwitterbutton… via 
@ConversationUS
theconversation.com
Loss for words: Art  language and the challenges of living on a changing planet
A scientist dips her toe into a new form of group-based performance art: devising new words to describe new feelings and phenomena of a rapidly changing world.
4
5";4;post_970
@theMRC;"The eco doom-mongering TIME magazine virtue-signaled that the U.S. needs to fight climate change if it's serious about fighting inflation.
newsbusters.org
BUNK: TIME’s Suggestion for U.S. Inflation Fight? ‘Tackle Climate Change’
The eco doom-mongering TIME magazine virtue-signaled that the U.S. needs to fight climate change if it's serious about fighting inflation. Really.
1
5
11";5;post_971
@2AvSagas;"The other theory I have is that a lot of people who live in NYC hate living here but can't bring themselves to or don't have the resources or will to move for various reasons. 

Imagine this level of reaction but to the change in lifestyles required to slow down climate change.
6
1
51";1;post_972
@NorwichXr;"Tories fighting net zero plans are dragging climate into new culture war  experts say - endangering plans to cut CO2 emissions  and putting our futures at stake. Elite climate change denying think tanks need to be kicked into touch #ActNowForFuture
theguardian.com
Tories fighting net zero plans are dragging climate into new culture war  experts say
More than half of members of Net Zero Scrutiny Group were also in group that promoted Brexit vote  as fears grow for UK’s green agenda
1
3
5";3;post_973
@seanmholman;"The groups regulating soil scientists and applied science professionals in BC wanted encourage debate about climate change by booking #climate science rejectionist Patrick Moore as a keynote for their annual conference. This did not end well... #bcpoli
thetyee.ca
Climate Skeptic Patrick Moore Axed from BC Conference | The Tyee
Provincial regulatory agencies said they weren't given the 'whole story' on keynote speaker.
5
4";5;post_974
@climate;"Facing an uprising from fossil-fuel interests on the right and advocates fighting carbon emissions on the left  BlackRock CEO Larry Fink is making a personal effort to manage climate-change politics
bloomberg.com
BlackRock’s Larry Fink Meets Big Oil and Its Foes to Navigate Climate Fight
Facing an uprising from fossil-fuel interests on the right and advocates fighting carbon emissions on the left  Larry Fink is making a personal effort to manage climate-change politics.
4
7";4;post_975
@NOAAFish_PIFSC;"Time Series Tuesday: Monk Seals Part 1

In this first part of our two-part series on Hawaiian monk seals  learn all about how important terrestrial land is to pup survival and how climate change is threatening this habitat. 
https://fisheries.noaa.gov/pacific-islands/climate/climate-change-time-series-research-videos…
8
16";8;post_976
@WCS_Canada;" I spy with my little eye 
@C_MantykaP
 explaining how climate change affects #biodiversity in the Canadian Prairies in this CBC video!

(Starts at 1:30)
cbc.ca
What will climate change on the Prairies look like?
Canada’s Prairies are already seeing more droughts  floods and warmer winters as the Earth’s climate warms  but what can we expect in the longer term? Meteorologist Christy Climenhaga breaks down the...
2
4";2;post_977
@HaydenDonnell;"Replying to 
@HaydenDonnell
 and 
@FrankMcRae
I support it and all but it's kind of galling for them to impose a targeted climate rate while they refuse to do the cheapest and most effective thing they could do to combat climate change. How many billions will we pay to avoid upsetting drivers?
29";;post_978
@simonhill1894;"Replying to 
@VinceRugari
Didn’t old Rupert issue an edict to reverse their climate change denial agenda? Either way  littering stories with the words “woke” or “left” really is becoming very passé.
4
1
25";1;post_979
@pass_blue;"Our new investigation into money flows/accountability to climate change projects managed by the UN Development Program
@UNFCCC
 @theGEF
 @ODI_Global
 @CoveringClimate
 @WorldResources
passblue.com
How Well Can the UN Development Program Manage Global Climate Funding?
How Well Can the UN Development Program Manage Global Climate Funding? - PassBlue
1
4
13";4;post_980
@johnfordaust;"Could we have Parliament sit to 4am to discuss climate change ..
32
374
1 759";374;post_981
@MrDenmore;"Anyone recall parliament sitting all night to debate legislation to deal with climate change? The aged care crisis? An anti-corruption body? But the legislature  which sits rarely  just debated all night on a completely unnecessary ‘reform’ dreamed up as a wedge by the far right.
94
1 337
5 226";1337;post_982
@strummaster42;"Here’s a question to pose to your climate change friends:

How does a carbon tax in America reduce emissions in China?
16
23
86";23;post_983
@TheBeaverton;"Oil and gas companies team up to fight climate change by eliminating ""Warmest Regards""
thebeaverton.com
Oil and gas companies team up to fight climate change by eliminating ""Warmest Regards""
CALGARY - Several giants of the Canadian oil and gas industry announced this week that they have teamed up to fight climate change by banning all employees from signing off emails with the phrase...
29
170";29;post_984
@ClimateBen;"The annihilation of species leads to total ecosystem collapse. Total ecosystem collapse poses an existential threat to food systems  water quality & climate stability.

Australia's not alone in suffering this horror.

Will scientists call for system change?
theconversation.com
Native birds have vanished across the continent since colonisation. Now we know just how much we’ve...
New research finds the last 250 years has seen more than 100 million hectares of bird habitat destroyed on mainland Australia – that’s 15% of Australia’s landmass.
7
53
113";53;post_985
@VeryBadLlama;"pleased to announce that I have fixed climate change
Quote Tweet
The Beaverton
@TheBeaverton
 · Feb 10
Oil and gas companies team up to fight climate change by eliminating ""Warmest Regards""

https://thebeaverton.com/2022/02/oil-and-gas-companies-team-up-to-fight-climate-change-by-eliminating-warmest-regards/…
2
4
75";4;post_986
@prof_rolheiser;"longshot ask: anyone have connections to a real estate professional that would like to talk to an undergrad real estate class about the effect of climate change on res/comm development?
5
9
17";9;post_987
@RMGaustad;"Sometime after this event  politicians will start working on the problem of climate change. In other words  after most of us are dead.
1
4
9";4;post_988
@mindybee14;"Seriously beware climate change  weed and even bed making - all or causing heart attacks now 
1
5
9";5;post_989
@Nadokoulu;"“I have said this before that as a small island state we are not spared at all and has been disproportionally affected by extreme weather and climate change. We cannot change our geography and coordinates! We prepare our health workers and health system to endure these shocks”
1
5
34";5;post_990
@BlackwaterBANNG;"GDA approval not a green light for CGN nuclear reactors on low-lying Dengie.
ONR & EA w/have to apply their ‘rigorous assessment’ to radwaste  decommissioning  cooling  environmental impact & climate change @  #No2BradwellB site & surely #LeaveBradwellBe 
 https://banng.info/news/press-releases/reactor-approval-not-green-light-for-bradwell/#.YgPQWY4ZpCI.twitter…
1
10
11";10;post_991
@dylanG_clark;"Canada just published a 768pg report on the health impacts of climate change for  #ChangingClimate 

My hot take (pun) on what it means for #CdnPoli and #Adaptation 
1
4
10";4;post_992
@RachelBendayan;"299 days

That's how long the conservative party pretended to care about fighting climate change.

#FlipFlopFlip 

#ClimateCrisis #ClimateAction
thestar.com
Conservatives drop support for carbon pricing  bring an O’Toole foe back from exile
The Conservative party is jettisoning an election promise to put a price on carbon  with its interim leader telling MPs the issue must be dealt with in their upcoming leadership race.
67
42
126";42;post_993
@DOPEUKY;"Thrilled to announce our third Scholar-Activist Panelist for DOPE 2022  
@DianaLiv
!! Dr. Liverman is Regents Professor of Geography  Development and Environment at 
@SGDE_UArizona
. Her work addresses the causes  consequences  & responses to climate change.
ALT
ALT
1
4
21";4;post_994
@sciam;"We Desperately Need to Modernize Climate Change Emissions Tracking
scientificamerican.com
We Desperately Need to Modernize Climate Change Emissions Tracking
Blockchain and other technologies could help improve data collection worldwide
5
22
61";22;post_995
@JimBair62221006;"Climate change to increase the probability of co-occurring droughts 40% by mid-21st century  & 60% by late century 

“The potential for a food security crisis increases even if these droughts aren’t affecting major food producing regions""

#ClimateCrisis
news.climate.columbia.edu
Simultaneous Droughts Could Threaten Global Food Security  Says Study
In a world where many countries depend on agricultural imports  warming climate increases the odds that multiple important crops could fail.
14
19";14;post_996
@ThaOGMilfhunter;"Forgot to bring reusable bags to Trader Joe’s and now they’re making me write an essay on climate change before I can leave
3
34";;post_997
@hakaimagazine;"Just how good is kelp at locking up carbon and helping to fight climate change?
hakaimagazine.com
Kelp Gets on the Carbon-Credit Bandwagon | Hakai Magazine
Is there potential for seaweeds to help solve the climate crisis?
2
3
14";3;post_998
@ClimateandCap;"NEW: 
@COP26
 leaves too many loopholes for the #fossilfuel industry - Here are 5. The whole COP process still doesn’t get that to avoid the worst of #climate change  we must stop extracting #coal #oil & #gas
by  Prof 
@JeremyMoss25
. 
https://climateandcapitalmedia.com/cop26-leaves-too-many-loopholes-for-the-fossil-fuel-industry-here-are-five/…
1
10
18";10;post_999
@RaviBhalla;"In partnership with the State  we are continuing construction on our $230 million 
@rebuildbydesign
 project to protect Hoboken from climate change. Crews have been installing a new storm sewer system in the north and south end  to help prevent flooding during storm surge events.
4
5
24";5;post_1000
@JamieswainJamie;"Replying to 
@NewshubPolitics
Yep BLM and Climate Change were way bigger.  Also they never squatted nor injured any police officers.
11
1
43";1;post_1001
@TaprimaryU;"Replying to 
@LloydHardy
My class were criticising him long before the parties. They wrote him some amazing letters about climate change in October. Kids take everything in & form their own opinions  they must be allowed to express them.
4
18";4;post_1002
@admlovell;"The NSW government through 
@nswenviromedia
 working hard to develop and partner on water efficiency to make sure water is available for cooler greener urban areas and cater for growth and climate change says 
@Kevinandersonmp
 @LGNSW
 
#LGNSWWater2022
4
7";4;post_1003
@christopherward;"If the actions of a few activists make you less likely to support the fight against climate change  you never supported the fight against climate change. 

""I was concerned about my kids frying  but those 4 people on the A100 this morning made me realise they can just die.""
4";;post_1004
@BarbJG;"Replying to 
@givepeazachance
If fascism wins  then climate change efforts end...so I expect it won't really matter where you call home.
1
1
12";1;post_1005
@CallOutPotato;"Replying to 
@Shayan86
Climate change  been saying it for months.
1
18";1;post_1006
@dieterholger;"Catastrophic climate change isn't as likely as many people think  according to a study from University of Colorado's 
@RogerPielkeJr
reason.com
Worst-Case Climate Change Scenarios Are Highly Implausible  Argues New Study
Global temperature to rise to around 2.2°C above the pre-industrial average by 2100.
18
21
40";21;post_1007
@EgyptPRNewYork;"I had the pleasure of receiving Mr. 
@johnedwardfrank
  
@Microsoft
 VP for #UN Affairs. Extensive discussions on #climate change & advancing global climate efforts. Engaging with all stakeholders is an important dimension of preparing for #COP27 in #Egypt.
#RoadToSharmElSheikh
1
1
17";1;post_1008
@CAPAction;"President Biden's climate change strategy is also a solid economic plan: the benefits of his policies are 3-4 times LARGER than its costs.
theatlantic.com
Biden’s Biggest Idea on Climate Change Is Remarkably Cheap
It’s one of the most cost-effective climate policies the U.S. has ever considered  according to a new analysis.
10
16";10;post_1009
@NRO;"Democratic senators’ push to suspend the federal gasoline tax exposes the party’s stance on climate change for the fraud that it is. | Opinion by Kevin D. Williamson
nationalreview.com
Democrats Can Have Cheap Gas or They Can Have Radical Climate Policy
They can’t have both.
8
23";8;post_1010
@RepDeSaulnier;"Proud to join 
@SenAlexPadilla
 in leading California Democrats in encouraging 
@USDOT
 to prioritize transportation projects that would advance clean energy projects  improve air quality  & mitigate the effects of climate change – all modeled off my Clean Corridors program.
6
6
29";6;post_1011
@DidiMoSats;"Replying to 
@DebraPasquella
 and 
@QTRBlackGarrett
Apparently they ran some tests  and Climate change made her pass out
6
117";;post_1012
@GabeFilippelli;"Rainfall and flooding maps are woefully behind in capturing the true state of climate change

Here in the Midwest US  extreme precipitation has already increased by 15% since 2000  with flooding projections similarly out of date

⁦
@NPR
⁩
npr.org
An unexpected item is blocking cities' climate change prep: obsolete rainfall records
Cities are experiencing heavier storms and flooding as the climate gets hotter. But due to outdated rainfall records  many are still building infrastructure for the climate of the past.
1
2
5";2;post_1013
@dmtrubman;"Democrats in office certainly act like Saint Augustine when it comes to climate change:

""Lord  make me chaste—but not yet""
Quote Tweet
The Associated Press
@AP
 · Feb 9
Two Democratic senators are calling for suspending the federal gas tax for the rest of the year to help consumers with rising fuel prices  which AAA says averages about $3.45 a gallon.

Other lawmakers are unlikely to embrace the idea.

 
1
11";1;post_1014
@michaelsderby;"The U.S. military is trying to figure out how to operate in a world ravaged by climate change.
gizmodo.com
The U.S. Army Has a New Dystopian Plan to Deal With Climate Catastrophe
U.S. soldiers will be trained to deal with extreme heat and floods  and Army bases will increasingly rely on solar power  according to a new plan.
1
2
4";2;post_1015
@germanyinphl;"Adressing climate change is a global challenge  and we can only be succesful when working together. With Special Envoy Jennifer Morgan 
@climatemorgan
  internat'l climate change related work&cooperation gets a higher priority in German Foreign Policy. 
#germanyinphl
#climatechange
Quote Tweet
GermanForeignOffice
@GermanyDiplo
Germany government organization
 · Feb 9
""Jennifer Morgan joins the Federal Foreign Office on March 1 as Special Envoy for International Climate Action. She will direct our foreign climate policy  expand partnerships with other countries & lead dialogue with civil society. Welcome on board @Climatemorgan!"" @ABaerbock
1
8";;post_1016
@republicEn;"Republicans warm to climate change  offer alternative solutions from nuclear power to carbon capture - https://go.shr.lc/3rywkOx - 
@washtimes
 @bobinglis
 @RepDustyJohnson
 @BenjiBacker
 @JohnTures2
 #EcoRight #ClimateChange #Conservative
washingtontimes.com
Republicans warm to climate change  offer alternative solutions from n
House Republicans are making climate change a part of their agenda after years of being labeled as naysayers on environmentalist policies.
3
8
14";8;post_1017
@foe_us;"Global oil prices have soared to their highest in 7 years  nearing $90/barrel. 

But experts fear these higher prices could lead energy companies to invest billions in new drilling projects that could undermine the fight against climate change.
nytimes.com
How Spiking Energy Prices Complicate the Fight Against Global Warming
Oil and gas prices are soaring  while coal use is reaching record highs worldwide. Here’s what the upheaval could mean for climate policies across the globe.
7
11";7;post_1018
@ConservationOrg;"U.S. flooding losses will spike 26 percent by 2050 due to climate change  researchers say. And many communities are unprepared.

Story by: 
@post_ag
conservation.org
Ocean warming shifts tiger sharks’ habitats: 3 stories you may have missed
In case you missed it: Tiger sharks are migrating farther north  experts project a rise in flood damages and spider venom could help combat chronic pain.
2
10";2;post_1019
@RockyMtnInst;"At RMI  we focus on reducing carbon emissions through a rapid energy transition. But engineered CO2 removal could provide a critical backstop against worsening climate change. Read our latest insights on the subject here  in partnership with 
@Third_Deriv
.
rmi.org
Direct Air Capture and the Climate Long Game - RMI
Download our new insight brief  Scoping the Need for Direct Air Capture  here. According to the latest science  the risk of catastrophic climate change grows significantly if the world warms by more...
1
5
10";5;post_1020
@AllOfItWNYC;"An evening listen:
This is a cool  cerebral  sci-fi tale that starts w/a climate change induced plague….and…
You have to read this novel by  
@SequoiaN
 to find out what happens.

2022 Debuts: Sequoia Nagamatsu's 'How High We Go In the Dark' http://wnyc.org/story/2022-debuts-sequoia-nagamatsus-how-high-we-go-dark/… via 
@WNYC
wnyc.org
2022 Debuts: Sequoia Nagamatsu's 'How High We Go In the Dark' | All Of It | WNYC
Author Sequoia Nagamatsu joins us to discuss his novel 'How High We Go In the Dark ' as part of our ongoing '2022 Debuts' series.
1
7";1;post_1021
@seattlechildren;"In our ongoing commitment to help mitigate the health impacts of climate change  Seattle Children’s has been awarded “Silver” status for Climate Resilience and Climate Leadership in the global 2021 Health Care Climate Challenge presented by 
@HCWithoutHarm
.
healthcareclimateaction.org
Health Care Climate Action
Check out resources for how health care can accelerate climate resilient  low-carbon sustainable health systems.
1
1
8";1;post_1022
@Arkanauts;"""Adults across the United States and globally have damning opinions about...their political leaders when it comes to climate change...""

As the Arkanauts struggle with their own #climatecrisis  they've come to help us deal with ours.

Join us.

#Solana
politico.com
The world is on fire and our leaders are failing  poll finds
Poll respondents voice frustration at being left to take on climate action on their own after governments and companies fail to act.
4
5";4;post_1023
@PeterDClack;"Photosynthesis is the greatest of all the miracles of life on a lone blue-green planet. Everything evolved in time through natural forces  which produced the world we know and every living thing in it. The simple truth is this  carbon dioxide alone cannot change the climate.
33
136
384";136;post_1024
@powerbottomdad1;"no one will even remember climate change in 100 years lol
32
19
395";19;post_1025
@JacinthePayant;"Sad to me how many Canadians forget that the PM has more on his plate than just the #ConvoyOfHate 
Like 
-Ukraine crisis 
-Economy 
-Planet & Climate change initiative 
-Attack on our democracy 
-Dark money campaign from the right.
-Media misinformation 
And so much more….
17
48
122";48;post_1026
@Route_60plus;"More Climate Change Weather?
In Palm Springs  CA  the average high in early/mid-Feb. is 72 degrees. On Friday  the forecast high is 92 degrees..
8
15
50";15;post_1027
@KellyForAlaska;"In implementing the so-called ""Infrastructure"" bill  the Dept. of Transportation's priorities are addressing climate change and racism! The bill isn't about roads and bridges  it's about the Green New Deal and equity! Lisa Murkowski didn't just vote for it  she helped write it.
17
33
70";33;post_1028
@SecretaryPete;"This is a key step on our journey to build a nationwide network of EV chargers by 2030 - creating jobs  fighting climate change  and ensuring that these superior technologies are accessible for every American.
Quote Tweet
TransportationGov
@USDOT
 · Feb 10
Together  with @energy  we're rolling out $5 billion so states can begin building out the spine of a nationwide EV charging network along our highways. https://bit.ly/3HIhNFE #DriveElectric
ALT
126
200
1 112";200;post_1029
@ClimateBen;"The end of the world as we know it.

A shame scientific institutions won't call for economic system change to limit the doom despite climate scientists expecting the economy to take us to 1.7°C-2.4°C hell within 25 years.

Corporate media?

Pretty pictures.
independent.co.uk
Spring flowers bloom months early after record-breaking New Year heat
Botanists most concerned by early sightings of hawthorn and buttercups
9
108
245";108;post_1030
@Vets4climateact;"The koala has been listed as endangered across NSW  Qld and the ACT.

Things like bushfires  drought and land clearing have pushed these Aussie icons to the brink. What they need is for governments to protect their habitats and act on climate change.
7news.com.au
Koalas officially listed as an ‘endangered’ species due to plummeting populations
One of Australia’s most iconic native animals is at serious risk of going extinct.
2
14
23";14;post_1031
@davidharsanyi;"Virtually every plan to ""combat"" climate change involves some mechanism that makes fossil fuels more expensive.
Quote Tweet
Townhall.com
@townhallcom
 · Feb 10
BIDEN: ""I'm going to work like the devil to bring gas prices down...by changing a whole range of things that  you know what's happened with COVID  COVID has caused significant increase in prices in the supply chain.""
8
23
65";23;post_1032
@judithamc;"Replying to 
@OttawaPolice
Oh  so now the police are negotiating with criminals? Remember that the next time there is a BLM  Indigenous  Womens or Climate Change protest in your esteemed town. No charges  no force of any kind and certainly no law enforcement. Remember  eh!
14
19
179";19;post_1033
@LorraineDWilke;"Replying to 
@kazweida
Can you imagine if all the energy  time  effort  money  etc.  being expended to protest a lifesaving vaccine during a global pandemic was spent on something USEFUL—say  poverty  gun violence  climate change  etc.? I remain stunned at the stoked up OUTRAGE of people over vaccines.
8
32
216";32;post_1034
@WoooSox;"End  parking  minimums  JFC  are we serious about being a real city  and climate change  or not?
Quote Tweet
telegramdotcom
@telegramdotcom
 · Feb 10
Worcester ZBA denies special permit for reduced parking at proposed Hemans Street development https://telegram.com/story/news/2022/02/10/worcester-zba-denies-permit-reduced-parking-hemans-st-site/6725287001/… @SteveFoskettTG @TweetWorcester #BoghosPropertiesLLC
1
3
26";3;post_1035
@CacaoFiji;"For the past 4 weeks   we had more rain and flooding than an entire year . Climate change is destructive but we are encouraged at the site of these  pods.

#fijicacao #cacaofiji #beantobarfiji #beantobar #cacao #fijiorigin
1
5
19";5;post_1036
@SarahVogelsong;"Thirteen Virginia residents age 10 to 19 are suing the state over what they say are its contributions to climate change as a result of decades of issuing permits for fossil fuel infrastructure.
virginiamercury.com
Thirteen young people sue Virginia over fossil fuel permitting  - Virginia Mercury
Thirteen youth are suing Virginia over what they say are its contributions to climate change from decades of issuing fossil fuel permits. 
4
52
125";52;post_1037
@GeorgeComstoc12;"Pushing to the top of Republican platform is the banning of factual history books in schools. 

This of course is much more important than climate change  gun control  and voting rights !!
3
5";3;post_1038
@Mari_Pangestu;"I was pleased to discuss the blue economy at #OneOceanSummit. Healthy #oceans are crucial to  tackle climate change  food security  energy supply challenges  & to create jobs: all vital to help developing economies achieve &  resilient &  #inclusive growth. 
@WBG_Environment
1
26
61";26;post_1039
@codepink;"We cannot solve the problem of climate change with the same capitalistic greed and militarism that created the problem in the first place. #WarIsNotGreen
grist.org
This coastal town needs federal aid for climate adaptation. Instead it'll get a military truck.
The federal 1033 program gives cities military equipment for climate adaptation. They're using it for everything but climate change.
2
39
54";39;post_1040
@Chispa_NV;"The average electric vehicle owner spends 60% less on powering and maintaining their vehicles. Switching to electric vehicles will save our communities money  protect our health  and slow down climate change. Sign our petition now!
 https://p2a.co/NI23EYg
4
5";4;post_1041
@PhDRosarioSF;"""Climate change and variability are now straining exisiting institutional capacity and water supplies however  the biggest challenges for border water management originates from the social and economic transformations of the border region itself."". 
https://drive.google.com/file/d/1mYocyHevC4l7becwpWodyTKn11tVWRR6/view…
4
7";4;post_1042
@DH_PlantVillage;"There is no silver bullet to climate change adaptation for African farmers. It is the slow  patient dissemination of knowledge that we at 
@plantvillage
 do everyday via our tremendous and powerful youth force  the Dream Team 
@agro_dreamteam
9
16";9;post_1043
@QnsBPRichards;"From Sandy to Ida  Queens is far too familiar with the tragic impacts climate change has had on vulnerable communities like Broad Channel. But we also know the critical importance of resiliency projects like these  not just for today but for tomorrow.
 
The work continues.
2
5";2;post_1044
@NelsonInstitute;"The Wisconsin Initiative on Climate Change Impacts (
@WICCI_WI
 )  led by 
@NelsonInstitute
 & 
@WDNR
  has released an assessment report that outlines the latest climate impacts and solutions. 
Learn more at https://bit.ly/3HKVLC3
1
25
32";25;post_1045
@zzdoublezz;"what’s fun about the looming doom of climate change is whenever there’s unseasonable nice weather it’s laced with sadness! metaphor for life methinks
1
18";1;post_1046
@streetsblogchi;".
@GovPritzker
's plan to use federal infrastruction funds to widen expressways is making national headlines. NYT: ""This is a major blind spot for politicians who say they care about climate change... New highways are carbon infrastructure  too.""
https://nytimes.com/2022/02/10/climate/highways-climate-change-traffic.html…
3
23";3;post_1047
@merylbatchelder;"I've always loved koalas even though I've never seen one for real. I understand we are in a mass extinction event and that climate change is making wildfires more frequent & intense. But  for the world to lose koalas makes me feel broken 
theguardian.com
Koala listed as endangered after Australian governments fail to halt its decline
No recovery plan for the Australian marsupial was in place despite it being identified as a requirement nine years ago
2
1
12";1;post_1048
@CARICOMClimate;"Climate Trackers is inviting Caribbean journalists to apply to their global Climate Change Media Mentorship!

The deadline to apply is February 18th  2022. Click the link below for further details.
climatetracker.org
Climate change media mentorship: applications now open! (global) - climatetracker
Climate change media mentorship: now accepting pitches from around the world! Apply TODAY for this publishing-training-networking combo!
5
3";5;post_1049
@AtmosMag;"In her fantastical new climate change novel—Pure Colour  Sheila Heti imagines we are living in the first draft of God’s creation  one he is ready to scrap in order to start afresh.

words by 
@mgregory_9
atmos.earth
Sheila Heti’s Pure Colour is a New Creation Myth | Atmos
In her fantastical new climate change novel  Heti imagines we are living in the first draft of God’s creation  one he is ready to scrap.
4
6";4;post_1050
@wrychrd;"Replying to 
@JoshuaPotash
 and 
@goodgawdallmyte
The monetization of transportation forced on people by the auto and other industries has been literally disastrous for people and the planet. One of the largest causes of climate change and other pollution.
17";;post_1051
@GWpublichealth;"Climate change is impacting mental health & psychological well-being. Join 
@gwclimatehealth
 & 
@Climate4Health
 on 2/18 for  “Climate change and    mental health: Research to action. #ClimateChangesMentalHealth 
@ecoAmerica
   
Register here: https://zoom.us/webinar/register/WN_i_d48FyVTX6xq4BedgoMTw…
3
10";3;post_1052
@KonzaLTER;"‘A world of wounds’: Decline in grasshopper populations offers window into consequences of climate change by 
@walliswrites
 showcases research into why grasshopper populations are declining.
stateimpact.npr.org
‘A world of wounds’: Decline in grasshopper populations offers window into consequences of climate...
6
12";6;post_1053
@highlyanne;"It's the 
@NPR
 story of my dreams: Stormwater + infrastructure + climate change! Exactly what @ZiaUlHa18082527 is working on for his PhD.
npr.org
An unexpected item is blocking cities' climate change prep: obsolete rainfall records
Cities are experiencing heavier storms and flooding as the climate gets hotter. But due to outdated rainfall records  many are still building infrastructure for the climate of the past.
1
6
18";6;post_1054
@mixbecca;"anyways! if an eerie middlegrade about a fairy trapped inside of a giant rotting terrarium feat climate change rage  feels about what it means to be a hero  and a giant grumpy (war criminal??) newt sounds like your jam….add it on goodreads  maybe?
goodreads.com
The Mossheart's Promise by Rebecca Mix
The Mossheart's Promise book. Read 6 reviews from the world's largest community for readers. When 12-year-old fairy Ary Mossheart sets out in search of a...
1
2
28";2;post_1055
@doescience;"Sci #PicOfTheWeek: Being frozen in the Arctic ocean sounds like the beginning of a disaster movie  but researchers - including several from 
@BrookhavenLab
  
@armnewsteam
  & 
@ORNL
 - did so to help us get a new understanding of climate change in this region: https://arm.gov/news/facility/post/68016…
ALT
2
15
33";15;post_1056
@ClimatePower;"“The cost of not making investments now to harden the grid or to take carbon out of the economy…that’s a cost that will be multiple the investments…with even worse effects of climate change down the road.” —Pedro Pizarro  President of 
@edisonintl
washingtonpost.com
Analysis | What one utility CEO said after Biden left the room
President Biden on Wednesday met with the chief executives of utility companies to discuss his Build Back Better agenda.
4
10";4;post_1057
@ITSPmagazine;" Getting Real About Climate Change

The Changemaking Podcast with host 
@ChloeMessdaghi
 on 
@ITSPmagazine
 with Kevin Bayuk 
@kevinbayuk
Learn about the current state of climate change & why businesses should care
itspmagazine.simplecast.com
ITSPmagazine
Climate change is real and companies need to get involved.
9
9";9;post_1058
@matthaggman;"This was fun. A conversation about how addressing climate change presents a generational business opportunity for us in Miami. And how 
@FOCities
 and 
@EndeavorMIA
 are teaming up to support the entrepreneurs to build that future. 
@opportunitymia
Quote Tweet
Future of Cities
@FOCities
 · Feb 10
What an inspiring conversation between @TonyChoMrMagic  founder of FOC  @claudiaduran71  Managing Director of @endeavormiami  and @matthaggman  Executive VP of @opportunitymia  last week on @EndeavorMIA's FB live.

Watch the full video on our Instagram: https://bit.ly/3JnxOBp
Show this thread
0:24
197 views
1
3
11";3;post_1059
@UCNZ;"We're thrilled to congratulate Professor 
@BMHayward
  who was named the Supreme Winner at last night's Women of Influence awards! 
Prof Hayward was also recognised in the environment category for her outstanding mahi in climate change. 
@UCNZArts
 #woinz
stuff.co.nz
Bronwyn Hayward named Supreme Winner at Women of Influence awards
Bronwyn Hayward  a professor at the University of Canterbury  also won the environment category for her internationally-recognised work on tackling climate change.
1
12";1;post_1060
@the_IDB;"Replying to 
@Wikimedia
 and 
@wikimedia_ar
Thank you 
@Wikimedia
 for this joint effort in which more than 200 young people from 18 countries in the region contributed content to 
@wikipedia
 related to gender  climate change  indigenous peoples  human rights  geography & history. https://clic-habilidades.iadb.org/es/coalicion
5
14";5;post_1061
@matthaggman;"This was fun. A conversation about how addressing climate change presents a generational business opportunity for us in Miami. And how 
@FOCities
 and 
@EndeavorMIA
 are teaming up to support the entrepreneurs to build that future. 
@opportunitymia
Quote Tweet
Future of Cities
@FOCities
 · Feb 10
What an inspiring conversation between @TonyChoMrMagic  founder of FOC  @claudiaduran71  Managing Director of @endeavormiami  and @matthaggman  Executive VP of @opportunitymia  last week on @EndeavorMIA's FB live.

Watch the full video on our Instagram: https://bit.ly/3JnxOBp
Show this thread
197 views
0:01 / 0:25
1
3
11";3;post_1062
@RepThomasMassie;"There’s about 95% overlap between “people who got everything wrong about COVID” and “man-made climate-change alarmists.”
338
3 283
14K";3283;post_1063
@Super70sSports;"Most climate change experts now believe global warming is probably Wendy and Jennifer’s fault.
226
461
3 608";461;post_1064
@TheRealKeean;"Can we all just be happy that Trudeau hasn't been able to talk about climate change or gun confiscation for 15 days?
92
349
3 115";349;post_1065
@chipfranklin;"Raise your hand if you agree that the earth is round  climate change is real and truckers should get vaccinated like the rest of us. 
149
329
1 642";329;post_1066
@TonyHussein4;"The Supreme Court’s conservative majority  consistently rules IN FAVOR OF big corporations  fossil fuel giants & AGAINST regulations designed to protect the environment.

#SCOTUS poses a significant obstacle to addressing catastrophic threats  like climate change.

#DemVoice1
10
133
148";133;post_1067
@asblackette;"Surrey used to be called the City of Parks...  Along with increased development & poor planning & decision making  climate change has increased Surrey's temperatures. Goodbye tree canopy. A natural solution...
Quote Tweet
We’re sleepwalking into the Age of Extinction
@climatecrumble
 · Feb 10
Just watched a bird's home tip over and get crushed in @CityofSurrey. Its visual at top right on a branch.  Goodbye birds  goodbye wind barrier  goodbye tree canopy. #SurreyBC #ClimateEmergency
Show this thread
13
22";13;post_1068
@RachelSlaybaugh;"10 y ago France decided to start moving away from nuclear. Now  faced more intensely with the perils of climate change  they are reversing course and planning to build more nuclear plants (and more wind and more solar). #ItsOkToChangeYourMind
nytimes.com
France Announces Major Nuclear Power Buildup
President Emmanuel Macron outlined plans for a wave of new-generation atomic reactors as the country seeks to slash planet-warming emissions.
9
65
307";65;post_1069
@kingdomofwench;"if you can't criticize the us government without spewing diet culture bullshit and erroneous information about climate change  you should perhaps rethink your argument
1
5
30";5;post_1070
@Richard90425119;"Replying to 
@Eyeswideopen69
ERG #Quitters have moved on to climate change deniers! 
They've moved on... Who is sponsoring this criminal shower
2
16
27";16;post_1071
@ClimateBen;"3. Climate & energy experts should discuss climate change in terms of mass extinction & ecosystems collapse  not just emissions & technology  and acknowledge that a key question is whether  or in what ways  billions of people are  or will soon be  in danger.

#ExtinctionEconomy
4
45
143";45;post_1072
@ZainAsher;"#COVID19  conflict  and climate change are robbing students of quality schooling.

I spoke with director 
@YasmineSherif1
 of 
@EduCannotWait
 about solving #Africa’s education crisis.

cc 
@SvenjaSchulze68
3
46
70";46;post_1073
@PatrickSvitek;"TX primary season gold: In #TX38  Hunt didn't meet w/ Houston Chron edit board but got their endorsement. Ramsey did meet w/ edit board  and after they endorsed Hunt  he criticized Hunt over it  citing their line that Hunt ""acknowledges the importance of combating climate change""
4
21
56";21;post_1074
@ClimateBen;"2. It seems many climate and energy experts say climate change won't lead to human extinction within decades or centuries  without acknowledging that extinction threats to species come from a range of activities likely to be maintained in a 'green' growth  'clean' energy economy.
1
20
106";20;post_1075
@ClimateBen;"4. The near-term obliteration of 20%-50% of the species humans rely on for survival due to the activities of this growth economy would obviously be utterly horrific. 

""Will humans become extinct due to climate change?"" is a red herring.

References below:
2
19
88";19;post_1076
@arnestor;"“Climate change is more than statistics  it's more than data points. It's more than net-zero targets. It's about the people  it's about the people who are being impacted right now ”
-Vanessa Nakate 
@vanessa_vash
@GretaThunberg
@KHayhoe
@tveitdal
un.org
Vanessa Nakate: Climate change is about the people | United Nations
Vanessa Nakate started her journey as a climate activist in 2018. The climate crisis has been one of the greatest threats affecting the lives of many Ugandans - and she became increasingly aware and...
3
61
182";61;post_1077
@ProfTerryHughes;"From 2008: Koalas Under Threat From Climate Change
sciencedaily.com
Koalas Under Threat From Climate Change
New research shows increased temperatures and carbon dioxide levels are a threat to the Australian national icon  the koala. Biologists have been researching the effects of carbon dioxide increases...
2
9
12";9;post_1078
@__mike91;"want to know why changing individual behaviour won’t stop climate change?

here’s an example: fast fashion companies produce more carbon emissions than the populations of the uk  france  and germany combined.
2
7";2;post_1079
@BylinesEast;"Were you:
1  Dead-heading roses during a quick break in a cabinet meeting?
2. Raising money for disabled gardeners?
3. Consulting on horticultural aspects of climate change?

-- 
@WilHarvey3
 imagines the police questionnaire sent to Boris & Carrie
eastangliabylines.co.uk
Metropolitan Police Special Enquiry Team
Hot off the press – the email questionnaire from Operation Hillman leaked to us...
1
8
15";8;post_1080
@RussAlanWill;"Net zero while expanding O&G with government subsidies  if even possible  is an incredibly expensive and inefficient way to manage climate change.  I wonder about the future of this version of the LPC.
Quote Tweet
Joanne Thompson
@Joanne_NL
 · Feb 11
Today I am calling for united support of the Bay du Nord Development Project  along with my NL Caucus colleagues.

Make no mistake  we must drive towards net zero. But we must also protect the jobs + workers of today as we transition to a green economy.

See my full statement
Show this thread
1
1
16";1;post_1081
@ORNLBio_Env;"Melissa Allen-Dumas is shedding light on climate change  one neighborhood at a time  #WomenInSTEM
ornl.gov
Melissa Allen-Dumas: Breaking down climate change  one neighborhood at a time | ORNL
1
7
15";7;post_1082
@GardeningWell;"It’s got to stop. Who agrees with us?
Failing to show the urgency of the #ClimateEmergency   “balancing” climate reporting by including climate change denying crackpots  reporting on the cost of #ClimateAction but not the cost of inaction.  
@LeoDiCaprio
 @Janefonda
 @MarkRuffalo
GIF
ALT
1
5
15";5;post_1083
@Care2;"Climate Change is dehydrating and killing off a precious endangered species: the koala.

Sign the Petition:https://l8r.it/5xRN
12
12";12;post_1084
@Telvi_idk;"Replying to 
@swetac
Here's 
@GeraldKutney
's list of climate change influencers and scientists. I'd definitely recommend that you check it out.
List
·
541 Members
Friends of #ClimateBrawl
Gerald Kutney - a friend of #ClimateBrawl
@GeraldKutney
1
6
26";6;post_1085
@mario74000;"Replying to 
@Lukewearechange
Todays episode of joe rogan he had a scientist who has a different perspective on climate change I don’t agree with him but I respect the conversation we don’t need to cancel it just disagree respectfully.
10
6
153";6;post_1086
@EmilyAssembly;"Now through April  check out 
@theclimateclock
 at our Greenpoint office! It counts down the critical time window we have left to decarbonize our economy and prevent catastrophic climate change. It also displays the total % of global energy currently generated from renewables.
0:08
918 views
4
7
33";7;post_1087
@karatalaamalaka;"IMO most probable timeline etc:

1. Sindhu Sarasvati Civilization (SSC) declined due to Bronze Age climate change (Meghalaya)

2. Due to climate event  SSC cities declined  ppl died  survivors moved to towns & villages. Culture remained  but didn’t flourish after cities declined.
Quote Tweet
omar ali
@omarali50
 · Feb 11
The Dravidaryan Invasion Theory https://brownpundits.com/2022/02/10/16590/… A very impressive post from @TheEmissaryCo
3
2
17";2;post_1088
@sarahkaplan48;"covering climate change means I spend roughly 73.5 percent of my time converting numbers from celsius to fahrenheit
6
7
99";7;post_1089
@Aviation_Intel;"Army releases new plan to adapt to climate change but doesn't know how it will pay for it:
thedrive.com
Army Releases New Plan To Adapt To Climate Change But Doesn't Know How It Will Pay For It
The service has outlined wide-ranging plans for reducing its greenhouse gas emissions  but it remains unclear how exactly these plans will be enacted.
2
2
15";2;post_1090
@JoyceCarolOates;"so ironic  if this is true  that the very people ""panicking"" over losing their white majority by 2045 are people utterly indifferent to the climate change that may render US in 2045 obsolete.
Quote Tweet
Edward Elderman
@edwereddie
 · Feb 11
Replying to @tribelaw and @JoyceCarolOates
A cause of the rise of fascism&closet fascism in America might be panic over the burgeoning common knowledge that by 2045 the white race will be a minority in the US.
3
7
26";7;post_1091
@PolarInstitute;"What role can ecological design and systems thinking play in climate change policy? Read this profile on 
@PolarInstitute
 Senior Arctic Analyst 
@Marisol_Maddox
 to learn more 
1
10";1;post_1092
@veganuary;"“We are using this land in a way that creates a lot of pollution and a lot of problems that contribute to climate change.”
theguardian.com
US poultry giant Tyson using land ‘twice the size of New Jersey’ for animal feed  study says
Industrial farming: research by the Union of Concerned Scientists estimates huge amounts of land being used for feed crops
6
12";6;post_1093
@Empty_America;"This also goes to my observation that no one really seems all that confident in climate change as a practical matter.  

The pickings in Down East Maine are rich  and sell at a *major* discount vs. the South.
zillow.com
M40 L75 Lyons Rd LOT 75  Lubec  ME 04652 | Zillow
Zestimate® Home Value: $83 000. M40 L75 Lyons Rd LOT 75  Lubec  ME is a vacant land home. It contains 0 bedroom and 0 bathroom. The Rent Zestimate for this home is $1 500/mo  which has increased by...
1
2
13";2;post_1094
@AtifRMian;"What can be done about climate change?

Join fellow scientists 
@JRCPPF
 to discuss the challenge of net-zero 2050 and how we can get there

Feb 24-25

Register  to join via zoom
https://bit.ly/335utHu
2
12
35";12;post_1095
@UCPrezDrake;"Great news: all 10 
@UofCalifornia
 campuses & affiliated health systems have hit their goal of reducing greenhouse gas emissions to 1990 levels – and we’re not stopping there. Read more about how we’re addressing climate change through teaching & research: https://universityofcalifornia.edu/news/uc-greenhouse-gas-emissions-are-now-1990-levels-and-declining…
1
7
30";7;post_1096
@Reynolds19Anne;"Go 
@NRDCNY_Rich
! Op-Ed | New York must bolster direct sale of zero-emission vehicles to address climate change | amNewYork 
@GovKathyHochul
amny.com
Op-Ed | New York must bolster direct sale of zero-emission vehicles to address climate change |...
In New York  transportation is the largest source of greenhouse gases  responsible for more than 28% of statewide emissions. The problem has been exacerbated
1
2
9";2;post_1097
@thewarzonewire;"Army releases new plan to adapt to climate change but doesn't know how it will pay for it:
thedrive.com
Army Releases New Plan To Adapt To Climate Change But Doesn't Know How It Will Pay For It
The service has outlined wide-ranging plans for reducing its greenhouse gas emissions  but it remains unclear how exactly these plans will be enacted.
1
2
18";2;post_1098
@yoshi_kohno;"What would animals say if they could vocalize their thoughts about climate change? I have been thinking about this question a lot. I am honored that my #CliFi story “Hope: A Perspective from the Forest” will appear in the March issue of 
@HavenSpec
 :)
Quote Tweet
Haven Spec
@HavenSpec
 · Feb 11
We've just acquired ""Hope: A Perspective from the Forest "" a brand new short story by Tadayoshi Kohno / @yoshi_kohno!

Look for it in our very first DRY ISSUE  due out in March!
1
17";1;post_1099
@Scripps_Ocean;"""I love learning more about the world around me and how we can better manage valuable water resources for the benefit of people and ecosystems  amidst challenges from climate change and other pressures "" said 
@AnnaWilsonWx
. #WomenInScience
ALT
ALT
ALT
1
5
21";5;post_1100
@insideclimate;"An unprecedented $1.1 billion in the bipartisan infrastructure package aims to restore Florida’s troubled Everglades and fortify the critical estuary from harmful farm runoff and the effects of climate change.
insideclimatenews.org
Biden’s Infrastructure Bill Includes an Unprecedented $1.1 Billion for Everglades Revitalization -...
ORLANDO  Fla.—When the tide is right  the ink-colored water spreads like a shadow across the aquamarine Indian River Lagoon. The dark water represents one of the most startling symptoms of what...
6
9";6;post_1101
@JTIP_State;"Do you work on #ClimateChange and displacement? We're #funding projects that address climate change as a driver of #HumanTrafficking. Up to $25 million dollars! Read more https://bit.ly/3HEozMB and attend our webinar on Feb 15 at 10 am EST for more info. 
@ClimateEnvoy
 @JohnKerry
1
3
6";3;post_1102
@CarolynBMaloney;"This is a great initiative that will help create union jobs AND fight climate change. 
@ericadamsfornyc
  I urge you to put climate first! Our City cannot wait!
climatejobsny.org
CORNELL REPORT: NYC CLIMATE JOBS PROGRAM — Climate Jobs New York
1
9
11";9;post_1103
@storybasedstrat;"@UPROSE
 is an org with deep history in Brooklyn and we're proud to be supporting the person who gets hired for this Communications Fellow position  at a RAD org doing art and activism at the intersection of racial justice and climate change! Is it you!?
uprose.org
Job Opportunities — UPROSE
3
8";3;post_1104
@SenatorShaheen;"NEW: $10.7M is heading to NH to support wildlife conservation & restoration through 
@USFWS
 funding I helped secure. Protecting fish & wildlife is needed more than ever amid climate change - we must act now to preserve our environment for future generations.
shaheen.senate.gov
NH Delegation Welcomes Over $10.7M in Fish and Wildlife Funding
The Official U.S. Senate website of Senator Jeanne Shaheen of New Hampshire
3
5
14";5;post_1105
@bocxtop;"only difference between millennials and gen z is how many “unprecedented times” u live thru before climate change swallows ur house
7
235
4 343";235;post_1106
@TananariveDue;"me: totally worried about climate change 

also me  not even mid-February
9
12
289";12;post_1107
@RonnyJacksonTX;"I’m sure the tyrants in Iran & China are TERRIFIED about the Army’s newest “climate change strategy” - whatever that means. Everything Biden has done has made our military WEAKER  and now he has failed us again in Ukraine? This is a DISASTER!
183
484
2 003";484;post_1108
@krismeloche;"There is overwhelming support for our fight against covid to be led by science.

What's gonna happen when a small but tactically trained fringe establish coordinated domestic attacks because of climate change policy?

You know  like pricing carbon and moving away from fossil fuel
10
40
172";40;post_1109
@AlpacaAurelius;"You are trying to:

""Save animals""
""Lower your cholesterol""
""Avoid saturated fat""
""Reverse climate change""

But instead you:

- Have no sex hormones
- Are practically infertile
- Are diabetic and overweight
- Have disgusting skin
- And no joint strength

Fix yourself first.
6
32
263";32;post_1110
@makemegarden;"A Step taken forward is the only Step that counts in the process of Growth! 

We better don't talk about Climate change and instead act on it! 

#PaintGreenDrive is Sponsored by the 
@TheDeverakonda
 foundation

#TheDeverakonda #VijayDeverakonda #RowdyClub #Rowdy #garden
43
98";43;post_1111
@StateDept;"The United States works with Fiji to combat climate change and COVID-19  as well as innovate for economic recovery  establish clean technology networks  empower women  and forge robust democratic governance. https://go.usa.gov/xtHEd
17
35
132";35;post_1112
@poeticdweller;"people who remind us that warm days in winter are just the work of climate change
3
51";3;post_1113
@DaniVeeBooks;"Victoria Brookman chats about Burnt Out  writing a debut novel  climate change  literary fiction vs commercial fiction & the bushfires in the Blue Mountains. 

W&N loves bookshops  a BIG shout out to Berkelouw Books Hornsby & stay tuned at the end for Book Events near you! 1/4
1
4
14";4;post_1114
@thehealthb0t;"It's not Climate Change  it's Climate Manipulation. The weather is being controlled. If you want to know what the military is doing in our atmosphere  Under an Ionized Sky is the book. Amazing level of analysis given  very scholarly and well footnoted: https://amazon.com/gp/product/1627310533/ref=as_li_tl?ie=UTF8&camp=1789&creative=9325&creativeASIN=1627310533&linkCode=as2&tag=greenbot00-20&linkId=d85ea6784d726ea383f7d613733a9dda… #ad
4
19
38";19;post_1115
@MehdiKetabchy;"“Political governance/water governance rooted in the constitution is the main cause of water bankruptcy in Iran and not climate change”

I discussed the state of environment  and specifically water in Iran at #IranConference hosted by 
@NUFDIran
6
23
112";23;post_1116
@ioisours;"𝗝𝘂𝘀𝘁 𝗮 𝗿𝗲𝗺𝗶𝗻𝗱𝗲𝗿
The #LTN Résistance doesn't represent left or right/pseudo-left or pseudo-right politics. 

We support all who object against the #SocialInjustice of #LowTrafficNeighbourhoods that are nothing to do with climate change & everything to do with elitism.
1
10
17";10;post_1117
@Route3Complete;"It's been weeks now since any celebs have publicly announced they joined the majority and caught covid & tearfully thanked their vaccine while hugging their Fauci statues I wonder why? I got chased down the streets of Manhattan by a giant covid today  I threw climate change at it
5
6
37";6;post_1118
@BeeBabette;"A specialist bee and its host plants experience phenological shifts at different rates in response to climate change https://esajournals.onlinelibrary.wiley.com/doi/abs/10.1002/ecy.3658#.Ygg-GuhREV8.twitter…
6
20";6;post_1119
@jeffpearlman;"The next Republican Party plan for climate change will be the first Republican Party plan for climate change.
4
4
26";4;post_1120
@fifilamoura;"Replying to 
@fifilamoura
 and 
@AlexanderDent6
These same networks are used by far right/libertarian corporate sponsored climate change deniers to try to create false narratives about the mega-fires in Australia. Mix it with some Russian/US kleptocracy disinfo and here we are  with science and reality under attack.
2
3
44";3;post_1121
@SteveSayersOne;"Scottish drivers face tolls to fund climate change ‘fight’: Fifteen years after the ⁦
@theSNP
⁩ committed to the abolition of road tolls in its manifesto  road pricing is back on the agenda  with ministers regarding it as inevitable.
thetimes.co.uk
Scottish drivers face tolls to fund climate change fight as cost of living rises
Scottish motorists face being required to pay as they drive under a plan being considered by ministers to help meet climate change targets.Fifteen years after t
2
22
26";22;post_1122
@RDNS_TAI;"Whether its the ability to roll out vaccines & RATS  care for those in our hospitals & aged care or deal with everything from #climate change to the rise of China… its obvious that we need a bigger and better public service #insiders #auspol
smh.com.au
Government will get bigger  but will it get better? That’s up to us
There needs to be a genuine public debate about what Australians want more and less of - and an end to our politics of fear around public spending.
2
23
83";23;post_1123
@ZingerLearns;"Fun hike  SoCal microclimates and climate change are wild. 80 degrees and snow on the mountains  also fun critters.
1
10";;post_1124
@CNC3TV;"Five UWI Scientists among experts contributing to upcoming UN climate change report
https://cnc3.co.tt/five-uwi-scientists-among-experts-contributing-to-upcoming-un-climate-change-report/…
6
18";6;post_1125
@flyoverelitist;"The convoy in context. I would add it isn’t just about Covid denialism—climate change is the biggest political black swan.
Quote Tweet
agent ndn negm/they/he
@TheAgentNDN
 · Feb 8
The biggest dividing line in the years to come will be between the people who believe in their heart of hearts that the world can go back to how everything was in the before-time and everyone else who realizes that that is just not possible.
Show this thread
3
31";3;post_1126
@jlms_qkw;"Climate change? I imagine a Senator McMullin might vote for tax cuts for businesses who are engaging in climate change work. I do not think a Senator McMullin would vote for climate-resilient infrastructure. 22/
2
16";;post_1127
@leftmindset;"Conspiracy theorists said scientists warnings of #ClimateCrisis was unfounded which we now know was completely false. As soon as last year  
@CPC_HQ
 voted down a resolution to officially recognize climate change. What planet do they live on?! #NeverVoteConservative #cdnpolitics
5
6
12";6;post_1128
@NanHayworth;"This is how the Democrats seek to manipulate the public:

By panicking us.

If we're panicked  we'll be desperate to accept what those sowing fear are offering.

They've been trying it with climate change; they succeeded in large measure with COVID.

It's despicable...
Quote Tweet
Amy Klobuchar
@amyklobuchar
 · Feb 12
Climate change is an existential threat. We can’t lose sight of that. It’s simply not an option.
7
12
61";12;post_1129
@stealthygeek;"The world is round.
The Earth revolves around the Sun.
Life evolved over time.
Continents move.
FDR didn't let Pearl Harbor happen
Smoking causes cancer.
We landed on the Moon.
Anthropogenic Climate Change is real.
9/11 was not an inside job.

Covid vaccines are effective. 4/
2
11
70";11;post_1130
@newsbusters;"After attempting to have Joe Rogan canceled from Spotify  Neil Young sets his sights on climate change.
newsbusters.org
‘Climate Chaos!’ Neil Young Calls on ‘Baby Boomers’ to ‘Ditch’ Big Banks
Neil Young sent out the proverbial Bat-Signal and petitioned aging progressives across the U.S. to “ditch the companies” he alleged are “contributing to the mass fossil fuel destruction of Earth.” 
38
11
33";11;post_1131
@EuanRitchie1;"On 
@einstein_agogo
 this morning  with 
@DrShaneRRR
 and 
@scidocmartin
  I'll be talking about how the climate change and extinction crises are intertwined and how reintroducing/restoring large mammal populations can be part of the solution. This will include discussion of and...
GIF
ALT
6
9";6;post_1132
@DonSuth89069583;"Replying to 
@GeraldKutney
Congratulations. That’s great news. Every day  the movement for addressing climate change is growing stronger and bigger. Every day  the climate change denial movement is shrinking.
3
8
23";8;post_1133
@Sarah_Stierch;"I'm actually really not feeling happy today. I love this weather. I took a walk  enjoyed it. But  the fact that it isn't ""normal"" in February really bothers me. I'd rather be cold and miserable. I have no desire to do much of anything. Oh climate change anxiety..
10
6
97";6;post_1134
@WildlifeRefugee;"Climate Change brings a Flood of Hyperbole!
A highly credentialed scientist and author warns that Climate Change shills will be emitting huge amounts of greenhouse gas  unless they shut up.
wsj.com
Opinion | Climate Change Brings a Flood of Hyperbole
Despite constant warnings of catastrophe  things aren’t anywhere near as dire as the media say.
12
7";12;post_1135
@KaitDuerden;"Replying to 
@Hazzreid
 and 
@Keir_Starmer
We have a Labour Government in Wales  

I know we are sometimes invisible from England but

No prescription charges
No academy schools
No NHS privatisation
Building council homes
Creating apprenticeships
2 Climate Change Ministers

Our leader is Mark Drakeford 
1
5
10";5;post_1136
@GreatLakesPeck;"Big Sky country is getting more polluted with fossil fuel emissions  wildfire smoke and climate change. Kids there don't have a say and want things to change.
mtpr.org
Youths suing Montana over climate change will have their day in court
Sixteen youth plaintiffs are suing the state of Montana for their right to access a clean and healthful environment in a case scheduled to go to trial next year.
6
5";6;post_1137
@sophie__mcinnes;"""We are culturally fixed on the hull of the status quo  like barnacles on a sinking ship when it comes to climate change."" Great analogy  
@A_G_Hawkins
!
Quote Tweet
The Forever Project
@theforeverproj
 · Feb 12
OPINION: We need local leaders to be brave and invest in biking  walking and public transport to help tackle climate change  says Dunedin Mayor and a member of LGNZ's National Council Aaron Hawkins. http://dlvr.it/SJsN9Q
3
4
14";4;post_1138
@KnibestolTone;"”Climate change is a catastrophic failure by governments. But we are voters  and governments act on our behalf.”
theguardian.com
Here’s how to demolish the most common excuses for climate crisis apathy | Elizabeth Cripps
Every one of us now has a duty to do something  if not for ourselves then for the survival of future generations  says philosopher Elizabeth Cripps
1
5
8";5;post_1139
@VegasVisions;"A Wake-Up Call to Act Now': #Koalas Declared Endangered in Eastern #Australia 

""...habitat loss and #climate change  we're just plugging holes in a sinking ship.""

https://commondreams.org/news/2022/02/11/wake-call-act-now-koalas-declared-endangered-eastern-australia… via 
@commondreams
 #AnimalCruelty #AnimalWelfare #ClimateActionNow #ClimateEmergency
commondreams.org
'A Wake-Up Call to Act Now': Koalas Declared Endangered in Eastern Australia
One campaigner warned that ""if we don't address the root cause of their decline  which is habitat loss and climate change  we're just plugging holes in a sinking ship.""
2
7";2;post_1140
@MicheleScheffl1;"Replying to 
@JonesHowdareyou
Ask Kristy McBain  how long it took for Morrison Gov to acknowledge her.   Kotvojs is anti climate change. People know its real and want change.
3
5";3;post_1141
@BarbaraMasel;"Replying to 
@KyleaTink
 @larissa4willgby
 and 6 others
The “Voices of” Independents are offering a major shift in how politics is played in conservative Australia.

Covid and bushfires are teachers: Climate change isn’t an abstract issue. Communities matter. Aged care  hospitals  Medicare  proper funding of the NDIS affect all.
4
17";4;post_1142
@RyanMaue;"Starting a time series from 1970 like Atlantic hurricane activity to say anything about climate change is the ultimate cherry-pick. 

And  it's still done today repeatedly in papers.  

Here's 
@joerogan
 examining a longer time period w/chart:
2
3
19";3;post_1143
@lawyer4laws;"Pentagon’s Political Priorities

U.S. Army has plans to defeat climate change 
They believe less reliable energy sources  expensive logistics will make the Army a better fighting force

Diversity  equity and inclusion to be part of all military decisions
wsj.com
Opinion | The Pentagon’s Political Priorities
Sleep well tonight. The U.S. Army has plans to defeat climate change.
7
9
11";9;post_1144
@RicBarraArch1;"Replying to 
@kentparktweet
 and 
@AllanSeymour1
“If you question man-made climate change  you are not a sceptic”.  By definition  a sceptic is someone who questions something  so if you question CC  you ARE a sceptic. .
@Dom_Perrottet
 do you know what words actually mean???
2
5
24";5;post_1145
@mikamckinnon;"Replying to 
@thatmags
Some of our most detailed  climate change impact models are run by militaries and insurance companies. Gee  I wonder why.
4
24";4;post_1146
@Boyintheband;"Replying to 
@LanceForman
We're already far richer than the nations suffering the worst from climate change and we don't seem to be doing much to help them
34";;post_1147
@LisaIronTongue;"Replying to 
@thrasherxy
We are also living in a time when we SHOULD reorganize society to avoid the predictable effects of climate change.
1
1
67";1;post_1148
@justdanfornow;".
@WoodsideEnergy
 is sponsoring a musical performance written about  wait for it  *the impacts of climate change on the ocean* 

Puts big tobacco to shame
theguardian.com
Perth festival production of climate change work criticised for ‘farcical’ fossil fuel sponsorship
Activists are calling on the festival to drop the Pulitzer-winning orchestral work Become Ocean due to a sponsorship deal from Woodside Energy
10
14";10;post_1149
@NYTScience;"“Eco-anxiety” used to be a fringe idea in mental health. As climate change worsens  more people are seeking treatment for it.
nytimes.com
Climate Change Enters the Therapy Room
Ten years ago  psychologists proposed that a wide range of people would suffer anxiety and grief over climate. Skepticism about that idea is gone.
2
3
13";3;post_1150
@Karmageddon67;"Replying to 
@yarramanbully
 @camdenroad8
 and 47 others
But don’t worry we can feed 10b with plant-based diets. Let’s ignore the fact that they still contribute to climate change  are grown on land that once sequestered carbon  not released it  are monocultures dependent on chemicals  and topsoil loss is 30x faster than replenishment.
6
7";6;post_1151
@nytpolitics;"“We see our long-term future in the Indo-Pacific ” Secretary of State Antony Blinken said in Fiji on Saturday night  where he pledged more American help on climate change  Covid vaccines and illegal fishing  all issues vital to the Pacific islands. https://nyti.ms/3LtNFQD
4
6
12";6;post_1152
@RyanMaue;"Koonin's thesis is that ongoing & future climate change  while humans are responsible  is/will not be catastrophic or an existential threat to humanity.  

He shows charts of century-scale data like hurricanes or sea-level data to put recent decades into context.
2
6
20";6;post_1153
@GeraldKutney;"Replying to 
@UreyZen
 @Adam_Creighton
 and 
@franks_chung
Why don't you accept the science of climate change?

#ClimateBrawl #ClimateCrisis #ClimateEmergency
2
3
10";3;post_1154
@safe_climate;"“We no longer have a fire season — it’s a fire year.” #Climate change is intensifying wildfires in California. Eighteen of the top 20 largest wildfires in state history have occurred in the past 20 years. 
@MatthewCappucci
 @TimBella
washingtonpost.com
Brush fires rage in Southern California amid record heat  worsening drought
One blaze erupted in Laguna Beach while new fires spread in Los Angeles County with temperatures climbing to nearly 90 degrees and gusty winds
3
8";3;post_1155
@Rep_Stansbury;"ICYMI: I sat down with Laura Paskus of 
@NMPBS
 to talk about drought  climate change  and our work to address the water needs of New Mexico and beyond. Because  #WaterisLife. Watch here 
youtube.com
One-on-One with U.S. Rep. Melanie Stansbury
Environment Reporter Laura Paskus talks with Rep. Melanie Stansbury (CD-1) about her latest efforts in Washington  D.C. including introducing the Water Smart...
4
16";4;post_1156
@ICRAF;"Climate change is a global crisis  but unequal in impact. That Nyando  western #Kenya is particularly hard-hit has as much to do with poor landscape management as weather patterns change  says 
@CIFOR
 - ICRAF's Peter Minang on 
@gavi
 

: https://bit.ly/3BbMXCY
@mayakprabhu
gavi.org
When it rains: how the global climate crisis is already threatening public health on the shores of...
Faced with the many disease threats posed by repeated  calamitous floods  Nyando in western Kenya needs its health services more than ever. But longer-term resiliency will require more than just a...
6
13";6;post_1157
@NYCHealthCommr;"Climate change isn't something that will happen in the far-off future—it's already harming us now. 

Climate change will affect everyone’s health and well-being  particularly those who are already marginalized. 

Learn more in this 
@PublicHealth
 primer
youtube.com
Why is climate change a public health issue? Episode 4 of ""That's...
Climate change isn't something that will happen in the far-off future — it's already harming us now. Ultimately  climate change will affect everyone’s health...
4
3
9";3;post_1158
@CarsonBabich;"Great pod by 
@joerogan
 having Steven E. Koonin for a rational discussion about Climate Change. Ultimately the synopsis you must take away from the data.

1. Climate change is real
2. Human influence is present but debatable
3. Climate alarmism is a lie.
open.spotify.com
#1776 - Steven E. Koonin
Listen to this episode from The Joe Rogan Experience on Spotify. Steven E. Koonin is a theoretical physicist  professor  former Chief Scientist for the BP petroleum company  and former Under Secret...
3
6
10";6;post_1159
@ThierryAaron;"Replying to 
@peteirvine
""...climate change may undermine agricultural systems and disrupt food supply  which can lead to economic shocks  socio-political instability as well as starvation  migration and conflict. ""
link.springer.com
Re-framing the threat of global warming: an empirical causal loop diagram of climate change  food...
Climatic Change - There is increasing concern that climate change poses an existential risk to humanity. Understanding these worst-case scenarios is essential for good risk management. However  our...
1
4
17";4;post_1160
@RaeGun2k;"Then there was dude who talked about conspiracy shit and claiming one of us would thank them when she was older.

Her response was ""I'll be dead from climate change when I'm older.""

He then starts talking about climate change conspiracies work something bizarre w/ ""5 volcanoes""
1
14";;post_1161
@rhysam;"No concern for refugees  robodebt suicides  massive rorting  climate change inaction or corruption  but oh that Magda tweet  that really upset me. #60minutes
58
738
4 290";738;post_1162
@tanya_plibersek;"7 sitting days left of Parliament - will the Liberals do anything to pursue a national anti-corruption commission  action on climate change  or ease the cost of living?

Doubt it.
204
395
2 895";395;post_1163
@Cointuckeywind1;"-Men can't have babies
-NFL sucks
-We have no reason to defend Ukraine
-He told you 5 yrs ago they spied
-someone called to shut down ballot counting on Nov 3
-man can't change the climate even if you pay more
- your mask didn't save you your immune system did
- Have a great day
1
28
72";28;post_1164
@bts07ddaeng;"Super Bowl is today and BTS Samsung galaxy ad of climate change is going to be included on the commercial 

Super bowl kicks off at 6:30PM ET which is 8:30AM KST
15
49";15;post_1165
@wizardlizardx;"1/n 
Over the past few weeks I have learned some truly horrifying facts about plastic pollution and how it affects the life of literally every living being on our planet. Plastic pollution is a planetary threat on the same scale as climate change  if not bigger. #DiatomDAO
2
20
29";20;post_1166
@MsBeenHad;"this climate change really has us at 90 degrees in February rip
3
12";3;post_1167
@pslweb;"The struggle to mitigate climate change is a struggle for power — not a struggle over morality or individual consumer choices.
25
87";25;post_1168
@womensmarch;"From fighting climate change disasters that disproportionately impact women and communities of color  to passing voting rights legislation that expands and protects voting access  the filibuster is blocking the critical progress that Americans want.

It has to go.
2
20
52";20;post_1169
@cersc_csppb;"It's widely recognized that climate change is an emergency of the highest order  and the most progressive sections of society have mobilized in its defence.

The COVID-19 pandemic is no less threatening. We can't give up our efforts to end it. Join us and fight for Zero COVID.
6
16";6;post_1170
@Aardybloke;"I remember years ago  I was standing in a field in Germany with my Son who at three years old was deeply concerned about climate change. 

He gazed longingly at the newly constructed wind turbine  then turned to me with a quizzical look and said “Dad…I’ve shit myself”
10
2
45";2;post_1171
@DawnTJ90;"Gerald Kutney - the part-time executive to combat climate change.



#ClimateBrawl
@GeraldKutney
5
8
24";8;post_1172
@TDPattillo;"If we don’t trust scientists on climate change why do we allow them to keep cloning dinosaurs?
1
4
19";4;post_1173
@sciam;"Some parts of the planet are approaching the limits of their ability to adapt to climate change.
scientificamerican.com
Earth Could Surpass Ability of Ecosystems to Recover from Warming
Scientists outlined the risks of climate inaction ahead of a major IPCC report later this month
8
55
105";55;post_1174
@FionaCharlson;"Proud to contribute to a new report  Mental Health and Our Changing Climate  by 
@APA
 & 
@ecoAmerica
 features the effects of climate change on mental health  the inequitable impacts  & how policymakers can respond. Read it now: https://ecoamerica.org/mental-health-and-our-changing-climate-2021-edition/… #ClimateChangesMentalHealth
The following media includes potentially sensitive content. Change settings
View
6
10";6;post_1175
@great_thunberg;"Climate change and poverty: the perfect storm
bolnews.com
Climate change and poverty: the perfect storm
We often hear that climate change disproportionately impacts the poor and the scenarios are worrisome. For example  climate change
9
13";9;post_1176
@GeoffPMann;"In the hope it might be of interest  I wrote about the relation between climate change and facisms present & future for 
@NewStatesman
Quote Tweet
Gavin Jacobson
@GavJacobson
 · Feb 13
Is fascism really the ""wave of the future""? A critical intervention by @GeoffPMann that situates the ongoing debate about fascism in the context of climate crisis and permanent emergency. Such a pleasure to work on this one. https://newstatesman.com/ideas/2022/02/is-fascism-the-wave-of-the-future…
6
24
75";24;post_1177
@Raymodraco;"At a time when we are facing existential threats from biodiversity loss and climate change  does anyone else find it slightly embarrassing that one of the world's most respected philosophers is attracting great publicity for going on about the reality of digitally created realms?
6
4
32";4;post_1178
@WCHumanright;"Climate change will be the worst for the world’s poorest nations
Heat waves are among the deadliest climate and weather-related disasters and they can be destructive to crops  livestock and infrastructure 30% the global population lives in areas where heat
pbs.org
How heat waves  exacerbated by climate change  will be worst for the world's poorest nations
The risk from heat waves is about more than intensity – being able to cool off is essential  and that’s hard to find in many low-income areas of the world.
1
11
12";11;post_1179
@AnnaSLangford;"We're coordinating the Climate Impacts at Work project through FoE and RMIT with six unions  to ask people how they experience climate change impacts on the job.

If you're a health worker represented by HACSU  take the survey to share your experience below >>
Quote Tweet
HACSU
@hacsu
 · Feb 13
We’ve seen the impacts of fires and floods  heat and storms — and we know that change is needed. What action do HACSU members need from government and employers on climate? Take the survey  run with @FoEAustralia and @RMIT  today. 
https://surveymonkey.com/r/climateimpacts…
1
5
8";5;post_1180
@ZenOfDesign;"Given the absolute certainty that Climate Change is not only occurring but is already causing an increase in natural disasters resulting worldwide suffering and huge price tags that dwarf what would have been effective preventative action  maybe we should.
1
26";;post_1181
@Hawkeeye3;"Replying to 
@Saints_Dragons
Distraction from aged care crisis  lack of RAT tests & availability  predatory sexual behaviour at Parliament House  climate change  elderly dying malnourished in their own urine with COVID. Kids same age as Karl’s in detention 
@60MinutesAUS
 @karlstefanovic
6
20";6;post_1182
@RAKarl;"Convinced myself last weekend to go snowshoeing after the big storm in western Maine  rather than doing work  because climate change. The first 30 minutes were the happiest I've been in a long time
1
17";;post_1183
@lucasbergkamp;"“Climate Change Has Consumed Journalistic Standards

Reporters used to be hard-bitten skeptics. Now they aspire to be part of the authoritative expert class.”
2
9
15";9;post_1184
@LouieLouLouigi;"Replying to 
@YabsleyMichael
Using coal money to fight for climate change is brilliant. Way to go Zali..
1
2
52";2;post_1185
@APTNNews;"How is climate change affecting your region?

Melanie Van Dam shared photos from Lake Ontario back in January  where she says the lake water is not freezing over and wildlife numbers are dwindling.

Share how climate change is impacting your region by emailing share@aptn.ca.
8
30
63";30;post_1186
@CISOZ;"Almost 250 000 views!
Have you watched it yet?
""Don't Waste Trillions on Climate Change"" With 
@BjornLomborg
youtube.com
Bjorn Lomborg | Don't waste trillions on BAD Climate Policy
Global warming is a problem that we should tackle... smartly. But climate change will not mark the end of the world. The UN’s best estimate of the costs of u...
5
43
83";43;post_1187
@charlie_baker23;"Well this took off…While you’re all here  please do follow the account for the NGO I run 
@smallsteps_2015
  working to provide access to education and healthcare in Madagascar  a country facing the brutal consequences of climate change.
11
8
124";8;post_1188
@EUinAus;"Applications for the 30th Lorenzo Natali Media Prize #NataliPrize open tomorrow!
The Prize rewards journalists reporting on
Inequality
Gender
Climate change
Peace
Democracy
Human rights
Poverty eradication
Rules https://bit.ly/33hE7qA
Deadline: 31 March
1
6
13";6;post_1189
@Gundisalvus;"I have heard two takes on the Super Bowl from 
@NPR
 so far. One was how climate change will make it the hottest Super Bowl ever  the other one is on misleading ads. By the miserable  of the miserable  for the miserable.
8
8
33";8;post_1190
@rupasubramanya;"-""The seriousness of this crisis [climate change] amply justifies breaking some laws.”
-""If they had chosen a less inconvenient target it obviously would not be talked about as much.”
Breaking the laws is justified for causes you support. 

Nice.
montrealgazette.com
Opinions vary on civil disobedience used to demand action on climate
11
93
386";93;post_1191
@theweeklytimes;"EXCLUSIVE: Agriculture is the target of major Victorian Government job cutbacks  while climate change bureaucrats remain relatively unscathed.
weeklytimesnow.com.au
Ag jobs to be slashed by Victorian government
The Victorian government has called on its peak agriculture body to shed 145 of its most senior and experienced staff  while leaving the rest of its bureaucracy relatively unscathed.
5
19
11";19;post_1192
@FelipeGarciaE;"President 
@IvanDuque
's visit to Brussels consolidates the in-depth exchange between and  as important partners in defense of multilateralism  fight against climate change and other key priorities like peace and stability.
Quote Tweet
Iván Duque
@IvanDuque
 · Feb 13
Luego de los destacados logros de nuestra agenda en Francia  llegamos a Bruselas  Bélgica  donde mantendremos encuentros de alto nivel con Representantes de @EU_Commission  @NATO y empresarios  para abordar temas de seguridad  medioambiente  cooperación e inversión.
6
25";6;post_1193
@TwitchyTeam;"Blue-check ‘dad of the year’ claiming his 8-y-o doesn’t care about the Super Bowl because of CLIMATE CHANGE does NOT go well  like at all
twitchy.com
Blue-check 'father of the year' claiming his 8-y-o doesn't care about the Super Bowl because of...
Either way  this father doesn't look great ... just sayin'.
2
4
23";4;post_1194
@annajanejoyner;"Building healthy ways to navigate fear / anxiety in uncertain  scary times is a pretty critical skill set in this new age of climate change. (Rather than just pretend the danger isn’t there).
1
6
22";6;post_1195
@Banned_Reunion;"Replying to 
@ToniBrodelle
 and 
@DrSimonAshworth
Last year said he was standing down from some of his committees to concentrate on 6 important projects for Wycombe

Not heard a thing about any of 5gem (tho of course he is denying climate change now having joined up with Nigel Lawson and is pushing his conservative way forward
1
4
19";4;post_1196
@YaleE360;"In addition to delivering warmer temperatures  climate change is also producing less snow and more rain in many places. 

A lack of snow can impact winter sports  as can warm weather or rainfall  which turn snowpack to slush. 

Read 
@YaleE360
 :
https://e360.yale.edu/digest/cities-that-have-hosted-the-winter-olympics-have-seen-severe-warming-analysis-finds…
7
8";7;post_1197
@NoreenWise777;"Replying to 
@MichaelEMann
 @RepClayHiggins
 and 3 others
Dr. Mann  whether coincidence or intentional  same day GOP reps disrespected US public at hearing  Army released its Army Climate Strategy:

“Climate change threatens America’s security & is altering geostrategic landscape as we know it…The time to address climate change is now”
2
5";2;post_1198
@thebadstats;"they mentioned climate change in today's show! their position is ""we believe in climate change for *our* reasons (glaciers  etc.) but climate scientists are compromised and worthless. Also  climate change isn't really as important as other environmental issues.""
1
13";1;post_1199
@annajanejoyner;"Because if you’re worried about the mental health impacts of a constant physical manifestation of being unsafe… I have some bad news for y’all on climate change.
npr.org
Young People Are Anxious About Climate Change And Say Governments Are Failing Them
A new study shows more than half of young people say climate change makes them feel afraid  sad  anxious  angry  powerless and helpless. And government inaction in particular makes them worried.
1
6
15";6;post_1200
@skatie420;"Replying to 
@LolOverruled
no but they should raise the stakes. whoever loses has to be responsible for solving climate change
2
1
156";1;post_1201
@iotwatch;"On Tuesday  I'll be taking part in a virtual discussion organised by 
@omneseducation_
 about ethics and climate change in design. A lovely way to tie my work with 
@betteriot
 @LO_C_D_I
 and last year's work with 
@BBCRD
 and the Human Values team. 

https://humanvalues.io/2021/08/how-good-really-its-complicated/…
2
5";2;post_1202
@pewenvironment;"A #HighSeas treaty can ""ensure that there are refuges in place  great protected areas in place  that can give marine species a chance to breathe  an opportunity to survive and adapt to climate change "" according to our 
@LizKaran
.
france24.com
Fresh hopes for landmark treaty to rescue ocean life
World leaders are under pressure to conclude years of talks on an agreement to protect open oceans that help sustain life on Earth  cover almost half the planet and currently fall under no country's…
5
12";5;post_1203
@DylanQuinnell;"Conditions that fuelled Black Summer could become normal by 2030  ANU’s Prof Mark Howden has warned. 

“Our foot is not off the climate change accelerator.. We should be taking extraordinary effort to avoid those sorts of futures.""
#auspol #ClimateCrisis
thewest.com.au
Climate change robs Australia of rain
An Australian professor who helps compile the most important international reports on climate change says rainfall and fire threats for the nation are grave.
8
7";8;post_1204
@VotersTomorrow;"Roses are red
Violets are blue

It’s time to act on climate change
And gun violence too.
1
41
186";41;post_1205
@MeghansMole;"The rich don’t give a damn about climate change

Always live your life to the fullest 
#Hypocrites
9
66
289";66;post_1206
@aleshadalin;"The GOP doesn’t care about children’s futures.

If they did  they wouldn’t actively ignore the 97% of scientists who warn of catastrophic impacts of climate change and the effects to future generations.

Vote Blue for bold climate solutions!

#Fresh #ONEV1
8
68
112";68;post_1207
@Oilfield_Rando;"Remember all those years leftists were praising China’s authoritarian government for being able to act without any resistance on climate change? 

Tin foil hatters told you what it meant. Justin Trudeau just proved it.
2
62
248";62;post_1208
@blue01dragonfly;"Breaking News ABC. Bill Shorten says Zali Stegall is a great crusader for Climate change and a valuable member of parliament. He ignores her fraudulent behaviour. Bill loves a donation. Bill you can not lie straight in bed.
1
4
15";4;post_1209
@RayDoesData;"I'd do bad things to good people for the conservative party to cut off the dead weight of its anti-abortion anti lgbt  white supremacy sympathizing  climate change denying faction and run a somewhat palatable candidate in the next three years.
11
2
76";2;post_1210
@apihtawikosisan;"When is something a crisis?

It tends to be when it is something that impacts upper middle class white people. 

Climate change. Vitriol against journalists. Etc. These things have BEEN crises  but now the alarm is sounded. Just point that out.
1
15
72";15;post_1211
@TheHedonist5;"Replying to 
@houellebecq_2
Last time I looked at what professional bioethicists were saying  I saw
1. Calls for engineered viruses to be released that make meat taste disgusting
2. A vision of making the human race smaller to combat climate change
3. Calls to put behavioural drugs in the water supply
9
41
337";41;post_1212
@Greenpeace;"Scientists on the Intergovernmental Panel on Climate Change (IPCC) are finalising the next #IPCC #ClimateReport on impacts  adaptation & vulnerability. Here’s what you need to know 
greenpeace.org
Look up! Another warning by IPCC climate scientists is heading our way - Greenpeace International
The next part of the IPCC assessment is coming and will pick up where the previous one left off: on the impacts of the climate crisis on humanity and the ecosystems we depend on.
9
124
211";124;post_1213
@NMEnvDep;"Underfunding the Climate Change Bureau by $1.85M will prevent the implementation of programs  policies and staffing outside of the Clean Fuel Standard Act. Call your #NewMexico Legislators and request a fully funded NMED to protect against #climatechange https://nmlegis.gov/members
7
9";7;post_1214
@anishsub17;"Even though COP26 is over  we cannot afford to take a backseat on rectifying climate change! That’s why I’m joining the 
@TheCCoalition
 and 
@ONEintheUK
 to #ShowtheLove for our planet - with a leafy heart! Our environment is sacred and must be preserved for future generations.
4
13";4;post_1215
@ogormanmarianna;"Top female execs 
@CEWAus
 list the most important priorities for next 1-2 yrs as: 1. Women’s economic participation & progression; 2 Care economy; 3. Safety at work & home; 4. Climate change; & 5. Economic growth. When our social fabric thrives  the economy follows #meetthemoment
8
18";8;post_1216
@btckr;"Join the dots. Rampant climate change  partly due to unrestrained  unplanned industrial & other development for profit.
Capitalist societies won't control it  but Communist regimes might.
Increasing frustration with Democracies.
Can you project from there?
2
3
21";3;post_1217
@ramonalvaradoq;"An incredibly insightful and thoughtful take on the social/ethical implications and limitations of computer simulations in the age of Covid and climate change by 
@ewinsberg
.

Moral Models: Crucial Decisions in the Age of Computer Simulation https://youtu.be/_cgCTK17ics 

H/T 
@newsvava
youtube.com
Moral Models: Crucial Decisions in the Age of Computer Simulation
Science doesn't make decisions: people do. This is true even when building computer models. In this 24-minute film  Professor Eric Winsberg— widely recognize...
3
18
35";18;post_1218
@RSPCA;"Have you got an interest in animal welfare? Are you passionate about addressing climate change? The 2022 RSPCA Animal Welfare Seminar is for you!
1
7
8";7;post_1219
@PopEnvNetwork;"#jobopportunity 
Research Analyst for PIK's contributions to the project ""HABITABLE - Linking Climate Change  Habitability and Social Tipping Points: Scenarios for Climate Migration""  funded by the European Union Horizon 2020 
deadline: 21 February
Info https://buff.ly/3LJOV2i
3
6";3;post_1220
@Kate3015;"Pettiness of Labor. 

If all Labor have to whinge about is that the phrase ‘climate change’ wasn’t used then they simply need to grow-up. 

The Libs probably didn’t mention it because climate change is natural but cleaning up the environment is sensible and responsible. 

#auspol
2
9";2;post_1221
@Jess_Panegyres;"This is remarkable. “A former lobbyist and engineer at Australian energy giant ⁦
@WoodsideEnergy
⁩ has accused the nation’s multibillion dollar gas industry of misleading the public over its role in the fight against climate change.”
smh.com.au
Ex-Woodside insider rejects gas industry’s ‘clean fuel’  ‘net zero’ claims
A former senior executive at Australian energy giant Woodside has accused the nation’s multibillion dollar gas industry of misleading the public on climate change.
25
46";25;post_1222
@Rawk002;"Replying to 
@ChoosySusy
 @SandieStratford
 and 4 others
All this & denied to be free to live to a potential 20 year natural lifespan. Not to mention is it ethical to support unsustainable businesses like these when they are vastly contributing to climate change & hence suffering that will be exponentially caused as a result of this.
1
3
21";3;post_1223
@WeDontHaveTime;"Fueled by climate change  the drought that started in 2000 is now the driest two decades since 800 A.D. #WeDontHaveTime
nytimes.com
How Bad Is the Western Drought? Worst in 12 Centuries  Study Finds.
Fueled by climate change  the drought that started in 2000 is now the driest two decades since 800 A.D.
1
14
33";14;post_1224
@Zendervai;"Replying to 
@bexone
 @AnaMardoll
 and 2 others
At this point  it's like the climate change thing.

""But what if you're wrong about the long-term impact of global warming/covid?""

Oh no  we made the world a better place  how awful.
8
87";8;post_1225
@Rep_Stansbury;"The science is clear and confirms what NM communities have experienced for decades: climate change is here and our water systems are ground zero.

We must pass the #BuildBackBetter Act.
nytimes.com
How Bad Is the Western Drought? Worst in 12 Centuries  Study Finds.
Fueled by climate change  the drought that started in 2000 is now the driest two decades since 800 A.D.
3
27
106";27;post_1226
@AllanMargolin;"Climate change is a global killer  it often makes all the other risks that animals face much worse.' Maria Paniw

https://abcnews.go.com/US/polar-bear-inbreeding-penguin-divorces-weird-ways-climate/story?id=82626634…
@m_paniw
 @HeyIrish
 @StephenBright
 @murrayb560sl
 @dindin6
 @effiedog
 @nadiepetah
 @tammymay1985
 @tazarae20
 @JimCassidy48
 @danie5794
 @Rick3932
4
13
14";13;post_1227
@RohitaKadambi;"Of course you’re not going to die alone. You’re going to die in a preventable climate change disaster surrounded by other people 
1
32";1;post_1228
@HalaForzaGGMU;"Replying to 
@POTUS
I think I speak for all Americans when I say we need climate LOCKDOWNS. Way too little is being done about climate change. Locking down the country could help reduce emissions and save our planet. If this doesn't happen I'm moving to Switzerland with my 4 kids.
522
34
98";34;post_1229
@SMC54;"Thanks for this fascinating piece Helen Bromhead 
@ClimateGriffith
 Language and our new feelings about climate change
lingoblog.dk
Language and our new feelings about climate change | Lingoblog
COP26  the UN Climate Change Conference  is a moment when many people’s feelings about climate crisis are brought to the fore. Ways of expressing these
5
5";5;post_1230
@kronayne;"The study calculated that 42% of this megadrought can be attributed to human-caused climate change.
Quote Tweet
Kathleen Ronayne
@kronayne
 · Feb 14
The American West’s megadrought deepened so much last year that it is now the driest in at least 1 200 years and is a worst-case climate change scenario playing out live  a new study finds.

https://apnews.com/article/climate-science-west-megadrought-f02449c2db4f0ebeb1557bb39504c62d…
4
7";4;post_1231
@David_Ritter;"Thinking of all in my home state of WA.
—
‘Superintendent Green said the bushfires were exacerbated by climate change.
""That's definite "" he said.
""We've seen the change in our fire behaviour over the last few years.""’ #auspol
abc.net.au
'Like nothing we've seen before': Southern fire chief says changes in bushfire behaviour 'definite'
With 14 fires sparked by now-common dry thunderstorms and blistering temperatures in one day  a southern WA fire chief says changes in fire behaviour are definitely being driven by a changing climate.
3
14
34";14;post_1232
@GenghisKhan4UK;"Replying to 
@darrengrimes_
Risks of Fracking
Contamination of groundwater.
Methane pollution and its impact on climate change.
Air pollution impacts.
Exposure to toxic chemicals.
Blowouts due to gas explosion.
Waste disposal.
Large volume water use in water-deficient regions.
Fracking-induced earthquakes.
1
4
14";4;post_1233
@KGeorgieva;"It was a great pleasure to see Poland’s Deputy PM 
@SasinJacek
 today. We talked about the pandemic’s impact on the economy  #climate change  and Poland’s efforts to curb emissions. Looking forward to continue our dialogue on these critical issues.
9
13
28";13;post_1234
@PoliticalTeeez;"Replying to 
@davidmweissman
Don't worry  Florida only has a few good years left before climate change puts it under water.
2
1
76";1;post_1235
@MaibachEd;"Check out our brief essay on the value of climate/health messaging: An evidence-based strategy to increase public and political will to address climate change https://oecd-forum.org/posts/an-evidence-based-strategy-to-increase-public-and-political-will-to-address-climate-change… #OECDforum 
@docsforclimate
 @jekotcher
 @KateTLuong
 @GCHAlliance
 @PublicHealth
 @Mason4C
 @DrMonaS
oecd-forum.org
An evidence-based strategy to increase public and political will to address climate change
A growing body of evidence suggests that effectively communicating about the health harms of climate change—and the solutions to address them—can help generate the public demand for climate action...
16
27";16;post_1236
@PaulEDawson;"If you found this thread valuable:

1. Toss me a follow for more threads on climate change.

2. And subscribe to my newsletter on Climate Solutions.
Climate Solutions
Newsletter
·
2 288 Subscribers
Climate change is a big problem  and there is no one single solution. However  the good news is that there are many solutions that  if combined  could solve climate change. Each edition of this...
9
17";9;post_1237
@LBC;"The woman who drew up the landmark 2015 Paris climate deal has urged Britain not to turns our back on becoming carbon net zero by 2050 amid the cost of living crisis. 
@DavidLammy
 asks: what would turning our back on net zero now say about our efforts to fight climate change?
17
6
18";6;post_1238
@CBS4Local;"The American West's megadrought deepened so much last year that it is now the driest in at least 1 200 years and is a worst-case climate change scenario playing out live  a new study finds. 
cbs4local.com
Western megadrought worsens to driest since the year 800
The American West's megadrought deepened so much last year that it is now the driest in at least 1 200 years and is a worst-case climate change scenario playing out live  a new study finds.
17
26";17;post_1239
@ty_olsen;"This is the rub of a lot of challenges facing us  from Indigenous reconciliation to climate change to flood protection. Even when officials genuinely believe and say will act  history shows us they probably won't for a whole range of reasons.
Quote Tweet
Rishi Maharaj
@9x19
 · Feb 14
I don't mean this to sound defeatist  but even if all of our top political leaders earnestly turned their minds to the topic of police reform  does anyone actually think they'd get anything done?
Show this thread
1
2
10";2;post_1240
@latimes;" “Megadrought in the American West is the worst in 1 200 years. Here's why researchers say climate change is making matters worse” by 
@latimes
Los Angeles Times
@latimes
Megadrought in the American West is the worst in 1 200 years. Here's why researchers say climate change is making matters worse
3
12
17";12;post_1241
@ByIanJames;".
@GreatLakesPeck
: ""Climate change is literally baking the water supply and forests of the Southwest  and it could get a whole lot worse if we don’t halt climate change soon."" https://apnews.com/article/climate-science-west-megadrought-f02449c2db4f0ebeb1557bb39504c62d… 
@borenbears
apnews.com
West megadrought worsens to driest in at least 1 200 years
The American West’s megadrought deepened so much last year that it is now the driest in at least 1 200 years and is a worst-case climate change scenario playing out live  a new study finds. A...
10
13";10;post_1242
@cathmckenna;"Speaking of New York  great to be at 
@ColumbiaUEnergy
 @columbiaclimate
 speaking to amazing students from around the world who care greatly about climate action. Young people understand that climate change is the thing and are committed to solving it. Super inspiring! 
Quote Tweet
Jason Bordoff
@JasonBordoff
 · Feb 14
One of the best turnouts ever for a student round table. ⁦@cathmckenna⁩ is a huge draw (maybe free food too but i’m betting it’s Catherine ). So thrilled to welcome her to campus as our newest Distinguished Visiting Fellow!
4
3
42";3;post_1243
@USAmbassadorARG;"Today I met with City of Buenos Aires Mayor 
@horaciorlarreta
. We had a productive meeting in which we discussed issues of common interest and strategic areas of cooperation  including combatting climate change.
3
1
37";1;post_1244
@CarnegieEndow;"In the Middle East  climate change threatens to further jeopardize vulnerable communities that are already facing poor governance and stark inequality.

Tune in on Thursday as 
@FWehrey
  
@OliviaLazard
  
@ManalShehabi
  and Mayesha Alam discuss. Register:
carnegieendowment.org
The Middle East's Climate Change Wake-Up
Please join the Carnegie Endowment for International Peace Middle East program for a public conversation on the cascading impacts of climate change in the Middle East and how governments and citizens...
4
8";4;post_1245
@libsoftiktok;"Replying to 
@wordsrvitamins
 @Tesla
 and 9 others
I too went out and bought a Tesla after my six year old cried about climate change. So stunning and brave.
1
65";1;post_1246
@thenoelmiller;"we have to do something about climate change my wife hasn’t been wet in decades
77
635
10.8K";635;post_1247
@CBCPitchbot;"Doug Ford says the COVID pandemic is over  says climate change is also over while he's at it
14
158
781";158;post_1248
@Moo__Vee;"#solar is trending under climate change 
50
168";50;post_1249
@VotersTomorrow;"Want to see more young people in elected offices? So do we. 

Sick of book bans and restrictions on education? So are we. 

Want to see some action on climate change? Voting rights? Healthcare? So do we. 

Join us.
4
60
166";60;post_1250
@mcahs2;"Fighting climate change with a 120yr carbon foorprint.

More like aiding and abetting
1
16
26";16;post_1251
@DoodlesTrks;"Fuck off..

Climate change is a grift to steal from the middle class..

Old enough to remember the Ozone hole
Quote Tweet
President Biden
@POTUS
United States government official
 · Feb 15
Climate change is a code red for our nation — and we have no time to waste. That’s why today  my Administration is announcing new actions that will reduce emissions across the industrial sector and create good-paying  union jobs. https://whitehouse.gov/briefing-room/statements-releases/2022/02/15/fact-sheet-biden-harris-administration-advances-cleaner-industrial-sector-to-reduce-emissions-and-reinvigorate-american-manufacturing/…
22
23
100";23;post_1252
@ltgrusselhonore;"We must find Solutions for Pollution or this will happen! ⁦
@sejorg
⁩ ⁦
@POTUS45
⁩ 
@vp
 ⁦
@UN
⁩ ⁦
@Pontifex
⁩ ⁦
@MSNBC
⁩ ⁦
@CNN
⁩ ⁦
@weatherchannel
⁩ we still don’t have weekly news show about #ClimateChange ⁦
@nytimes
⁩ ⁦⁦
@MikeBloomberg
⁩
15
120
328";120;post_1253
@Save_TheCountry;"Are they going to blame this on climate change as well?
Quote Tweet
Kelly DNP God Family Freedom
@kacrn91
 · Feb 15
We have a pediatric stroke team now @ the hospital.  
Let that sink in for a minute.
1
11
14";11;post_1254
@TXAG;"ANOTHER WIN: Biden's attempt to implement his climate change agenda was justly halted. A judge saw that not only is his action illegal  it would be detrimental to key states that rely on energy production.
texasattorneygeneral.gov
Paxton Secures Victory Against Biden’s Illegal Climate Change Order
Texas Attorney General Paxton secured yet another victory against the Biden Administration  this time halting implementation of a climate change agenda handed down by executive order.
88
229
689";229;post_1255
@Del_ivered;"Just back after two days away  checking on predictions.

Has Mr Putin taken over the world/ started WW3?
Has Bojo resigned?
Has Covid done for the entire population?
Has Climate Change ended the world  as we know it?

Or are the hysteria-mongers crying in their fake news?
1
7
31";7;post_1256
@BruceAHeyman;"Of all the leaders in the world these guys/gals at one particular news outlet are super fixated on Canadian PM. He must really be driving the extreme right crazy.Must be the healthcare for all  woman’s rights gender rights low cost education & childcare & focus on climate change?
Quote Tweet
Acyn
@Acyn
 · Feb 15
Jeanine: Trudeau is now going to listen to Biden. Biden now has the final word on what you should do if someone is protesting peacefully. Biden  the same guy who in the Summer of 2020 decided he would allow people to burn down streets
0:37
396.8K views
54
96
373";96;post_1257
@curious_founder;"When did the idea that climate change was a massive problem finally click for you? 

When did you first start doing something about it?
77
15
50";15;post_1258
@loganclarkhall;"would the leaders most worried about climate change get rid of their private jet trips and beachfront mansions?
Quote Tweet
POLITICO
@politico
 · Feb 15
Would you get rid of your gas stove to help fight climate change? 
https://politico.com/news/2022/02/15/climate-fight-gas-kitchen-00008750…
Show this poll
8
45
176";45;post_1259
@Alewin7;"""Bored of Brexit"". 
New blog with some thoughts on how Conservatives like Steve Baker lost interest in Brexit and now want to undermine the fight against climate change.
It's a threat we have to take this seriously and an argument we can't afford to lose
https://tinyurl.com/2p8yc9hv
11
17";11;post_1260
@admarx;"How a humble mushroom could save forests and fight climate change https://theconversation.com/how-a-humble-mushroom-could-save-forests-and-fight-climate-change-175951?utm_source=twitter&utm_medium=bylinetwitterbutton… via 
@ConversationUK
theconversation.com
How a humble mushroom could save forests and fight climate change
Inoculating trees with an edible fungi can produce more protein per hectare than pasture-raised beef  while reforesting  storing carbon and restoring biodiversity.
1
7
26";7;post_1261
@ozanmetiin;"Climate change is real 
1
35";;post_1262
@TonyHussein4;"Replying to 
@KuckelmanAshley
#VoteBlue2022 to:
-protect voter rights
-enhance women's rights
-solve climate change

Don't let #GOP destroy our rights  and our country.

Down ballot races in the Elections are VERY IMPORTANT too.

We need honest  intelligent people  that want to serve us & not their donors!
1
10
9";10;post_1263
@HispanicAccess;"Hispanic Access seeks to engage 5-6 young Latinos passionate about climate change. The group will have monthly planning meetings & receive a $1 000 stipend. HS & college students are encouraged to apply! For more info: https://buff.ly/3swMvvc  #LatinoClimateCouncil
6
3";6;post_1264
@RileyGRoshong;"The hearing on the climate change bill just ended after 4 hours. We still have bills to go this evening.
Quote Tweet
Riley Grace Roshong
@RileyGRoshong
 · Feb 15
Big day in the Maryland Senate! Major climate change bill being heard in Senate EHE committee. 50+ witnesses signed up. https://mgaleg.maryland.gov/mgawebsite/Legislation/Details/SB0528?ys=2022rs…
3
50";3;post_1265
@harrisalexc;"A fascinating finding from today's new NOAA sea level rise projections -- LESS future sea rise under the scenarios South Florida governments use to build and plan for climate change.

This could give us breathing room and more time to adapt.
miamiherald.com
New U.S. sea rise projections are lower but still forecast grim future for Florida
As attention and urgency ramp up around the world over the looming dangers of climate change  a major new federal report released on Tuesday offers a surprising forecast: It actually reduces the...
3
31
81";31;post_1266
@SenFeinstein;"Glad to see the Biden administration is working to help the American manufacturing industry reduce carbon emissions and produce cleaner products  including through green hydrogen. This set of actions will help spur this transition and advance efforts to confront climate change.
Quote Tweet
The White House
@WhiteHouse
 · Feb 15
Actions include:
-Accelerating clean hydrogen
-Supporting clean  American-made materials
-Rewarding clean manufacturing through trade policy
-Advancing responsible carbon capture  utilization  & sequestration technology
-Supporting equitable innovation

https://whitehouse.gov/briefing-room/statements-releases/2022/02/15/fact-sheet-biden-harris-administration-advances-cleaner-industrial-sector-to-reduce-emissions-and-reinvigorate-american-manufacturing/…
Show this thread
19
7
61";7;post_1267
@Holland4Kansas;"Continuing to show zero interest in governing  Republicans refused to show up to work today. The stalling tactic was aimed at Sarah Bloom Raskin who has drawn opposition from Republicans for arguing that financial regulators should consider the risks posed by climate change.
Quote Tweet
Senate Democrats
@SenateDems
 · Feb 15
1:54
“Republicans have fled the room—hiding rather than voting on an experienced nominee.”

—Banking Chairman @SenSherrodBrown on Republicans refusing to show up to vote on critical nominees to the Federal Reserve.
2
11
18";11;post_1268
@HayzelMedia;"Replying to 
@cathywilcox1
'Twas merely a distraction from the bin fire of aged care crisis  Covid numbers  ICAC  climate change  women's issues  text messages  immigration detention  Djoka  Jenny  60 mins  Bongs ...the list is endless.
16
139";16;post_1269
@timnitGebru;"When you have papers like this full of privileged men who are known to suppress scientific voices in their companies  among other things  ask yourself what information about ML + climate change isn't coming out of these companies.
4
19
78";19;post_1270
@ChrisCoons;"Industry accounts for nearly a third of US emissions—cleaning it up is key to addressing climate change. 

Here's how:
Support the innovative tech that's needed  like clean hydrogen and carbon capture
Create demand for low-carbon products through procurement & trade policies
Quote Tweet
Gina McCarthy
@ginamccarthy46
 · Feb 15
Today our Administration is announcing major new actions to reduce emissions across the industrial sector – while creating good-paying  union jobs in clean manufacturing and advancing environmental justice for communities long overburdened by pollution. https://whitehouse.gov/briefing-room/statements-releases/2022/02/15/fact-sheet-biden-harris-administration-advances-cleaner-industrial-sector-to-reduce-emissions-and-reinvigorate-american-manufacturing/…
7
13
21";13;post_1271
@colinelvy11;"@PressClubAust
 @simonahac
 
To all who wish to know the facts and data behind Climate Change  don’t miss Simon Holmes a Court press club address today on ABC
@Loud_Lass
 @annaclarity1
 @BelindaJones68
 @jmil400
 @RBJRON
 @bruce_haigh
 @mrngunnawal
4
13
38";13;post_1272
@Florin_Uncovers;"Liar Peter Jacobs just blocked me for calling him a liar because he lied about Viral coauthor Matt Ridley being a climate change denier.

Matt is not a climate denier.
Peter  PhD is a zoonati liar.
@stuartjdneil
 is also same lie liar. With 
@STWorg
 they just smeared us in 
@sciam
!
5
8";5;post_1273
@NOAAFisheries;"#ClimateScience #WhaleWeek Climate change is impacting ocean ecosystems  resulting in many challenges for a variety of marine species  including whales. Whales are particularly vulnerable as the effects can be magnified toward the top of the food web: https://go.usa.gov/xte9s
3
10";3;post_1274
@FelipeGarciaE;"President 
@IvanDuque
 spoke with the European Parliament’s main political groups. He thanked them for supporting Colombia on issues such as the fight against climate change  digital transition  and Peace with Legality. 
@Europarl_EN
7
15";7;post_1275
@KentPage;"#Education is a #HumanRight. 

Yet +128M children are being denied this basic right due to conflicts  forced displacement & climate change-induced disasters around the.

Unacceptable. 

Learn how #ECW+partners are reaching them: http://bit.ly/3nGDe1K
@Sida
 @Cooperazione_it
18
36";18;post_1276
@BirdWatchDaily;"ICYMI: Many North American migratory birds are shrinking in size as temperatures have warmed over the past 40 years. Research into birds’ brain sizes links cognitive power to a physical response to climate change. Learn more:
birdwatchingdaily.com
Study suggests trouble for warblers  thrushes
Research into birds’ brain sizes finds that smaller-brained species like warblers and thrushes will fare worse due to climate change.
8
22";8;post_1277
@nashthomas;"GW Parks Manager so great on carbon funded restoration:

“Farmland will revert to wetlands  peatlands and forest. Habitats will be created for native plants and animals to flourish. Climate change and the risk of flooding will be mitigated and we will have cleaner air and water.”
2
1
23";1;post_1278
@SurlyAmy;"It was 90 degrees two days ago and now it’s hailing.  I’m sure it’s fine and not climate change related.
3
26";;post_1279
@WBG_Climate;"#DYK more than half of all South Asians  or 750 million people were affected by one or more climate-related disaster in the last two decades? Read more about how the 
@WorldBank
 is helping the region combat climate change. http://wrld.bg/xayq50HTbA3 #SouthAsia4Climate
18
24";18;post_1280
@CIRESnews;"Next Wed (2/23) from 2-3pm MT: Join 
@ConversationUS
 for the webinar ‘Climate change is front and center’ featuring CIRES/
@NSIDC
’s 
@twilamoon
. Register now: https://us02web.zoom.us/webinar/register/WN_53wVOa97TpmkSugEeAPUqQ…
7
8";7;post_1281
@GeoffSimonSays;"Replying to 
@DawnTJ90
So now heavy snow in the Himalyans is caused by climate change? That's amazing versatility. It can be on both sides at the same time.
cnbc.com
Himalayan glaciers are melting at an extraordinary rate  research finds
Rapid ice melt from the Himalayan glaciers threatens agriculture and water supply for millions of people in South Asia.
4
10
26";10;post_1282
@voxdotcom;"Climate change is making artificial snow increasingly critical for the Winter Olympics and the future of winter sports more broadly. 

Its continued use  though  could worsen the climatic conditions that have resulted in less snowfall.
2
12
22";12;post_1283
@deanrabbidge;"$6b for climate change virtue signaling…. How the hell do we pay for this one when the only sector currently payable of paying for it will more than likely be crippled by it. Corrupt. 
@jamespeshaw
 @FedFarmers
 @TheCountry
 @TheMusterShow
1
1
22";1;post_1284
@childofnovelty;"Replying to 
@IsabelOakeshott
 @GBNEWS
 and 
@Nigel_Farage
Net zero pays for itself in reduced costs to deal with climate chaos and deaths from poor air quality  as well as lack of food caused by increased desertification and climate refugees. Climate change deniers are as clueless as flat earthers.
4
10";4;post_1285
@GWpublichealth;"Join 
@gwclimatehealth
 & 
@Climate4Health
 on 2/18 for  “Climate change and mental health: Research to action.” Learn & discuss how climate change impacts on mental health are being addressed in clinical practice and societal solutions. Register here: https://bit.ly/CCMentalHealth_Feb18…
2
6";2;post_1286
@__ohdear__;"Replying to 
@RFHKerry
Also  the irony of using a high-carbon-emission method to assess the damage being caused  in large part  by climate change ....
29";;post_1287
Bryn Davidson @Lanefab;"Not actually referring to 
@MontePaulsen
 in the corner  but rather the 5 storey passive house  w supported balconies  but monte is a climate change fighting machine too
2
1
17";1;post_1288
@Bescumberage;"Replying to 
@guy_freire
 and 
@jacksonhinklle
The only time a city in North America has been burned down in recent memory is because of wildfires caused by climate change
21";;post_1289
@EliotJacobson;"Replying to 
@JustCollapse
 and 
@ClimateHuman
Yes -- it is beyond frustrating that these smart folks (including Mann & Hayhoe) have so little understanding that the problem is not fossil fuels or climate change  it is overshoot and overpopulation. At some point one has to think that their misdirection is intentional.
5
4
20";4;post_1290
@selc_org;"Mature trees and forests store huge amounts of carbon and are a straightforward climate solution. We’re joining dozens of other groups in calling on 
@POTUS
 to act and use these forests to fight climate change. #LetTreesgrow

https://climate-forests.org
5
22";5;post_1291
@CAPAction;"Today the Biden Administration announced their push to advance clean manufacturing—a major move in our fight against climate change!
thehill.com
Biden administration announces green manufacturing push
The Biden administration announced a series of steps on Tuesday aimed at promoting green manufacturing and taking on climate change contributions from the industrial sector.A new fact sheet from th…
7
13";7;post_1292
@PeterGleick;"Replying to 
@curious_founder
Well  gee. 1980. Led to my 1986 dissertation: ""Regional Water Availability and Global Climate Change: The Hydrologic Consequences of Increases in Atmospheric Carbon Dioxide and Other Trace Gases""
1
3
47";3;post_1293
@ADB_HQ;"“The battle against climate change will be won or lost in Asia and the Pacific.”
@ADBPresident
 Masa Asakawa is now on Twitter and sharing his insights on some of the most challenging development issues facing Asia and Pacific.
Quote Tweet
Masatsugu Asakawa
@ADBPresident
 · Feb 16
It’s a pleasure to write for @TIME about the most critical issue in our lifetime: climate change. Many millions of people in Asia & the Pacific are living with its impacts right now. Through powerful collaborations we can solve this crisis. https://time.com/6132380/davos-powerful-collaborations/…
4
8
16";8;post_1294
@PacificForest;"Leveraging natural systems  as PFT does through our Healthy Watersheds California approach  is key to mitigating the impacts from climate change. Great piece by 
@FeliciaMarcus
 in 
@GOVERNING
.
governing.com
Confronting Drought With the Tools of Nature
There are successful models for leveraging natural systems to improve water quality and supplies  enhance biodiversity and blunt the ravages of wildfires. There’s even something we can learn from...
4
7";4;post_1295
@Amyris;"A new report by 
@GlobalLandP
 called on policymakers to develop sustainable and equitable solutions to mitigate the impact of climate change and protect #biodiversity. #Synbio can transform our manufacturing approach with sustainability at the forefront.
phys.org
New land use approaches required to address climate change  biodiversity and other global crises
A new report released today in the Proceedings of the National Academy of Sciences of the United States of America (PNAS) is a call to action for policymakers worldwide seeking to develop sustainable...
4
23";4;post_1296
@TRF_Climate;"Military and civil conflicts could intensify along the Bay of Bengal coastline  fuelled by climate change-linked #migration  land loss and displacement   researchers warn in a new report  
@Clingendaelorg
 @IPCSNewDelhi
 @angshuman_ch
 #climatemigration
news.trust.org
Climate migration worsens conflicts in Bay of Bengal region
Climate change pressures are pushing people from their homes and exacerbating tensions over control of valuable but shrinking natural resources like land  water and minerals  says new report
1
9
12";9;post_1297
@CKummer;"""I am not a scientist or a climate-change expert; I’m just a lady who likes 
@BeyondMeat
 burgers and thinks shaming consumers for individual choices (or culturally imbued distaste for bugs) is a dubious strategy for fighting climate change.""cc 
@TamarHaspel
:
nymag.com
Let’s Fight Climate Change Without Eating Bugs
The New York Times says if we want to save the planet  we need to reduce demand for meat: “That’s where insects come in.” What’s wrong with beans?
2
1
9";1;post_1298
@OccupyDemocrats;"BREAKING: President Biden is expected to reinstate California's authority to enforce stricter tailpipe emissions standards after Donald Trump stripped the right away because he thinks climate change is a hoax. RT IF YOU'RE RELIEVED TO ONCE AGAIN HAVE A PRO-SCIENCE PRESIDENT!
62
1 684
4 577";1684;post_1299
@RefusnikClaz;"Before anyone posts I'm 54  I have seen numerous storms  been in a flood (Penrith) a tornado (Fleetwood) it's not climate change its just the weather as has been for donkeys years. Storms come in winter with spring tides. It's normal
31
74
471";74;post_1300
@jilevin;"We are the last generation that can do something about climate change.
14
175
283";175;post_1301
@LXXXIX1;"Climate change has nothing to do with saving the planet. Its a business model to compete with the oil industry.

If it were about saving the planet there would be solar panels on every roof top. Electricity would be cheaper
3
5
16";5;post_1302
@CAPAction;"70% of voters say they want the government to take action on climate change.

It's time Congress listens.
6
18
42";18;post_1303
@BlackRadAnarcho;"China and Russia will save us from climate change

Me: no they ain't
8";;post_1304
@ECOWARRIORSS;"This is what they wanted all along the death of the Arctic
The Arctic could see ice-free summers by 2035  reshaping global shipping routes 
Not a word about how this will impact marine life and even more business growth to fuel catastrophe climate change
cnbc.com
The Arctic could see ice-free summers by 2035  reshaping global shipping routes
Arctic transit today is no small feat and is still highly unpredictable  but climate change could make shipping easier — and more common — in the years ahead.
11
99
139";99;post_1305
@carlafrancome;"It’s a sad day when you realise that car storage for about 10 individuals is prioritised over a safe cycle Lane for thousands in a day. And there’s just no space for you on a road. 

Weird when we’ve got the only #netzero vehicle. Do people want to tackle climate change or not?
4
12
39";12;post_1306
@CanadaDev;"Climate change impacts us all and we all have a role to play in creating #SustainableSolutions.  

Tomorrow  you can join Minister Sajjan for a panel discussion on climate change adaptation and the power of nature-based solutions.
ALT
2
19
27";19;post_1307
@zalisteggall;"We need to have an orderly closure of legacy plants. It highlights the need for a proper transition plan for workers. Major parties have their heads on the sand on this  that’s why we need the Climate Change Bill. #climateactnow #EnergyTransition
abc.net.au
Australia's biggest coal power plant to close as its economics become 'unsustainable'
Origin Energy plans to shut Australia's largest coal-fired power plant seven years early  in 2025  with plans to replace it with a big battery on the same site.
43
86
466";86;post_1308
@UFUHQ;"Take away message from Professor Myles Allen - “We cannot solve the climate crisis without the farming community.” 

He actknowledges the dedication of farmers to solving the ultimate problem. 

Farmers are up for the climate change challenge.
1
6
29";6;post_1309
@RowanResearch;"Arctic Ocean water holds clues to climate change  but scientists must venture to find them. Meet Dr. Lauren Kipp  environmental scientist: https://bit.ly/3uWoikD #RowanResearch #ClimateChange
4
21";4;post_1310
@UFUHQ;"In relation to MLAs ignoring the scientific evidence on climate change  
@pmccann_IFJ
 uses the example of COVID-19  asking where we would be right now if we had of ignored expert advice the way MLAs are currently doing on reducing emissions?
1
2
16";2;post_1311
@fascinatorfun;"Interesting (& worrying)  

Also flagging the likely significant migration from countries badly affected by the consequences of climate change.  Not “economic migrants”

Countries that have done little to contribute to it.

Unlike the USA and the West  India now China.
Quote Tweet
Dr Mike Martin
@ThreshedThought
 · Feb 16
So everyone has been paying attention to Russia and Ukraine recently. 

But  in my opinion  there is a bigger strategic play going on by Russia. More significant. More long term.

A thread.
Show this thread
10
14";10;post_1312
@financialjuice;"THE UNITED KINGDOM AND AUSTRALIA WILL DEEPEN THEIR RELATIONSHIP IN DEFENCE  SECURITY  CLIMATE CHANGE  AND COMMERCE  ACCORDING TO A STATEMENT RELEASED BY THE UK GOVERNMENT.
1
4
18";4;post_1313
@WBUR;"In the Northeastern U.S.  trees around the edges of urban forests grow faster  and the soil gives off less carbon dioxide  than scientists expected and may play an outsized role in combating climate change:
wbur.org
Urban forests may store more carbon than we thought  study finds
In the Northeastern U.S.  trees around the edges of urban forests grow faster  and the soil gives off less carbon dioxide  than scientists expected and may play an outsized role in combatting climate...
12
30";12;post_1314
@bubblytest;"Replying to 
@smh
 and 
@NickToscano1
If only we had a Federal Government that took climate change seriously
2
4
9";4;post_1315
@lauritadianita2;"Between COVID & global climate change  can we just acknowledge and somehow account for the fact that parents are having a lot more workdays in which they have to accommodate for kids being home?
1
1
11";1;post_1316
@ClimateActionMB;"""56 per cent  say businesses aren't doing enough to combat climate change  while 49 per cent and 48 per cent respectively say more work needs to be done to re-skill workers and to tackle economic inequality."" #CDNpoli #MBpoli
bnnbloomberg.ca
Canadians want companies to do more to tackle climate change  wealth inequality - BNN Bloomberg
Canadians do not believe businesses are doing enough to address the societal challenges of our time and want more engagement from their business leaders  a new survey has found.
3
5";3;post_1317
@CybrMagazine;"EARTH 2070 DAO - DROP 02 is now available on 
@objktcom
   Join our spider friend here in joining the DAO and help us fund clean energy and technologies to fight climate change.  

Website: https://earth2070.com 
Collection: https://objkt.com/collection/KT1PKoQUby2xDjfcA7tE46rYs4dGBGtWLVwU…

#tezos #CleanNFT
6
10";6;post_1318
@YaleEJC;"“We’re done waiting for our institutions to take the threat of climate change seriously. Action must come now.”

Check out this powerful op-Ed by our comrades at 
@DivestPrinceton
 about why we are asking our state AGs to investigate our university’s fossil fuel investments.
Quote Tweet
The Nation
@thenation
 · Feb 16
Why We Filed a Legal Complaint Against Princeton https://bit.ly/3sMZCbr
3
15";3;post_1319
@Joanne13Harding;"Very well done to 
@LongfordSarah1
 on her maiden speech this evening talking  about all the positive work we at 
@Trafford_Labour
 ARE doing on climate change. Of course there is more to be done but Trafford Labour are making a difference 
1
1
13";1;post_1320
@NeilJacobs;"What voters say is the most urgent issue facing America today:

Inflation (27%)
Immigration (12%)
COVID (10%)
Climate change (9%)
Election laws (8%)
Racial inequality (7%)
Crime (7%)
Health care (6%)
Foreign policy (4%)
Unemployment (2%)
SCOTUS (1%)

- Quinnipiac Poll

#bitcoin
6
5
25";5;post_1321
@extinctsymbol;"""Corporate media and government at the national and global level often implicitly or explicitly represent climate change as the only current dangerous environmental phenomenon  or at least the only one deserving attention.""
dailycampus.com
Climate change is only one of many environmental problems
Our understanding of the relationship between humans and the non-human world is frustrated by exclusive focus on fossil fuels as the main form of pollution. Corporate media and government at the...
4
14";4;post_1322
@BenDowningMA;"We have everything we need to prevent the worst impacts of climate change - the only thing missing is political leadership. The problem is  without that ingredient  the rest - all the solutions - can't be used to their greatest public benefit. #ActOnClimate #mapoli
Quote Tweet
David Abel
@davabel
 · Feb 16
By the middle of the century  sea levels in Boston and elsewhere in the Northeast are likely to be about 16 inches higher than they were in 2000 — a much more significant increase than over the previous century  according to a new federal report.

https://bostonglobe.com/2022/02/15/science/northeast-likely-experience-more-than-centurys-worth-sea-level-rise-2000-2050-report-finds/?event=event25…
Show this thread
3
12";3;post_1323
@ThagTCDweller;"Replying to 
@ezralevant
Why would climate change do this
3
1
70";1;post_1324
@shanermurph;"Look at 
@joerogan
 doing what the corporate press would never do in a million years: bring on someone to directly contradict his previous guest’s statements on climate change. He’s now intentionally giving his audience a counterpoint. Coolio!

Full: https://open.spotify.com/episode/5SvYrFlHAU2QbGamJebp3B?si=Ylhk_0FZSSeBNwwGWmZqwg&context=spotify%3Ashow%3A4rOoJ6Egrf8K2IrywzwOMk…
0:25
191 views
4
10";4;post_1325
@Eevachu;"Replying to 
@Chirurgic
 and 
@korybing
Web3 witch grifters be like:

“summoning circle  hope this works”

                     
                         
                                
 
     climate change     

                                
                         
                     
1
12
250";12;post_1326
@SethDKlein;"Environment Canada scientists link B.C. floods to human-caused climate change https://nationalobserver.com/2022/02/16/news/environment-canada-scientists-link-bc-floods-human-caused-climate-change… via 
@NatObserver
nationalobserver.com
Environment Canada scientists link B.C. floods to human-caused
Human-induced climate change “contributed substantially” to the atmospheric river and ensuing floods that devastated B.C. last year  a new study by Environment Canada scientists confirms  warning
10
11";10;post_1327
@ebizarch;"Replying to 
@gtconway3d
 @DavidAFrench
 and 
@judgeluttig
It’s been going on much longer than 6 years. Climate change denial  anti-intellectualism  silence when right wing media peddled conspiracy theories  lies & demagoguery for decades.. it may be worse today  but the past 2 decades laid the groundwork for what became acceptable today
3
18
131";18;post_1328
@jacobjerickson;"Academia: how do we deal with climate change?

Everyone: give the land back  decolonize and take holistic steps to reduce carbon that include retrofitting buildings   travel reduction  environmental impact analysis  LCAs  curriculum review  etc. 

Academia: we recycle spoons now!
Quote Tweet
Jes Battis
@jesbattis
 · Feb 16
Academia:  how do we decolonize?

Everyone:  give the land back 

Academia:  *creates Dean of Decolonization*
Show this thread
1
9";1;post_1329
@LancashireAlc;"Another brilliant example of #parishpower and great work by 
@MaghullTownHall
 and partners in improving their local community  environment and tackling climate change  
@AssocMalc
 @NALC
Quote Tweet
Maghull Town Council
@MaghullTownHall
 · Feb 16
Great example of partnership work today at Bobby’s Wood with  MTC staff  Mersey Forest & FOMD undertaking tree planting  green space.  This learning will be applied to another 7 sites across Maghull after councillors agreed to plant a further 90 trees. Thanks to all involved
ALT
2
7";2;post_1330
@M_Publishing;"Climate change will dramatically alter species distributions. This study examines potential climate-mediated breeding range shifts among North American wood-warblers 
@UMichEEB
: https://doi.org/10.7302/4ryq-p419…
3
5";3;post_1331
@McKessackJohn;"Replying to 
@BootstrapCook
Love that image Jack - well actually I don’t love it but you know…I was having a conversation with my granddaughter about climate change and its implications and she said “that’s amazing grumpies you care about that and you’ll be dead soon”.
Thanks sweetie.
1
78";;post_1332
@eLife;"Extreme weather events can have very different effects on infection rates and disease outcomes depending on the average background temperature  making it increasingly difficult to predict the consequences of climate change as it worsens. https://elifesciences.org/articles/72861?utm_source=twitter&utm_medium=social&utm_campaign=organic_pr2022…
ALT
3
4";3;post_1333
@CharlotteJPerry;"Replying to 
@Kit_Yates_Maths
Eventually storms will just become endemic and part of our regular weather. 

<oh…climate change kind of breaks the sarcasm on that one >
1
40";1;post_1334
@LewisRebeccaC;"Replying to 
@Omz2468
Looking forward to pounding the pavements of Wycombe delivering Labour leaflets. There is no argument that my MP Brexit hardman Steve Baker has been on the right side of. Brexit  Covid  climate change  you name it.
5
1
34";1;post_1335
@Sneapster;"Replying to 
@ThatGayVegan1
I’m more worried everyone’s meat consumption will mean we die from the next pandemic or climate change. I’ll take my chances on a vegan diet thanks.
1
1
15";1;post_1336
@RhysCar18;"Replying to 
@drewheineman
 @GoodPoliticGuy
 and 
@chrislhayes
Do you want to talk about Biden’s actual record on climate change? 
28";;post_1337
@LPCapitalChi;"Replying to 
@jyn_urso
Dangerous generalizations:
- meat diet did not cause benzo addiction. I myself was addicted to benzos for years and had no diet
- doesn’t think climate change is a hoax  he asks ppl to understand the risks of ditching fossil fuels quickly
- wanting wife to raise kids isn’t bad
2
40";;post_1338
@MandyHager;"Replying to 
@Allison683etc
I guess they're trying to avoid a riot that would play into the protestors' narrative. Rather than hassle the police  I think we should be grateful they're respecting the right to protest - and hope they extend this to other more vital protests  like future climate change actions
8
3
27";3;post_1339
@broomstick33;"Replying to 
@whereisdaz
 and 
@MarieColemanAO
and is climate change forcing the slow southern migration of sharks along the coast  into more populated areas .. we can see this happening with birds  the rainbow lorikeet is moving south into suburban areas where they have never been seen before
2
2
5";2;post_1340
@Chris74747755;"Replying to 
@LanceForman
 @mikegalsworthy
 and 3 others
Climate change is long past debate Lance. Waiting for further debate on the scientific realities of climate change will never happen  it’s overwhelmingly agreed. The only real discussion now is how best to address the problem
2
4
11";4;post_1341
@RockyMtnView;"Replying to 
@GDThor1
 @kristyshl
 and 46 others
I want a progressive Congress. We can’t keep doing middle of the road. It’s too expensive  especially when the smart solutions are cheaper and more effective.

Yes  blue is better than purple or red  but it remains insufficient for healthcare  wealthcare and climate change.
3
3
4";3;post_1342
@ChristineMilne;"There is no agreed policy between them on climate change but a commitment to address it so independents are better candidates than the incumbents. But as a climate activist  I want to know whether they oppose any new coal or gas. Simple yes or no. #auspol
abc.net.au
$7 million war chest to challenge sitting Liberals on climate comes with 'no strings attached' ...
The man behind campaign funding for several independents contesting high-profile Liberal seats on climate change says the money comes with ""no strings attached"" and the candidates are free to vote as...
2
6
21";6;post_1343
@DailyMailUK;"Woke headteacher who banned punishments at children forces pupils to go VEGETARIAN 'to stop climate change'
dailymail.co.uk
Fury as primary school bans MEAT from lunchboxes and canteen
Barrowford Primary School in Lancashire banned meat from lunchboxes and its canteen. Headteacher Rachel Tomlinson said the move would demonstrate how small changes can make 'positive impact'..
33
15
18";15;post_1344
@TheNewDailyAu;"The ascension of Tony Abbott was truly one of Australia’s greatest economic disasters  writes 
@AlanKohler
. Not only did he and the Coalition cynically weaponise climate change - they did it to tax reform as well. #auspol https://thenewdaily.com.au/finance/finance-news/2022/02/17/tax-reform-tony-abbott-alan-kohler/…
3
9
15";9;post_1345
@hannahnicklin;"We’re also stoked to have brought 
@afterclimate
 into the mini track  author of the forthcoming DIGITAL GAMES AFTER CLIMATE CHANGE to speak on what meaningful action indies can take in the context of climate crisis
schedule.gdconf.com
Independent Games Summit: Making Room for Climate Justice
Tuesday March 22 5:30pm - 6:00pm - A thirty-minute talk that offers practical advice on meaningful action all indie game studios and professionals can take...
1
3
8";3;post_1346
@kcarruthers;"How Tony Abbott killed tax reform | It wasn’t only climate change that Tony Abbott and the Coalition cynically weaponised a decade ago – they did it to tax reform as well. | 
@AlanKohler
thenewdaily.com.au
Alan Kohler: How Tony Abbott killed tax reform in Australia
It wasn’t only climate change that Tony Abbott and the Coalition cynically weaponised a decade ago – they did it to tax reform as well  writes Alan Kohler.
1
7
6";7;post_1347
@EnvDefenseFund;"The message is loud and clear...ignoring climate change is bad for business. But what’s not clear is how companies can go from the status quo to net-zero. That’s where we come in. EDF is taking the guesswork out of going green in just 5 simple steps.
forbes.com
CEOs  It’s Time To Act: 5 Pathways To Net Zero
Climate leadership has finally become a business imperative  but as report after report has shown  many companies are still setting goals in a vacuum. Here are five ways they can turn their pledges...
2
6";2;post_1348
@AndrewDFish;"Meanwhile  every government for decades has been allied with the powerful agribusiness industry  which is deforesting the country and contributing to climate change. None has been more brazen than Bolsonaro. These are not unrelated facts. https://www1.folha.uol.com.br/cotidiano/2022/02/fortes-chuvas-matam-ao-menos-34-pessoas-em-petropolis-rj.shtml…
1
5
11";5;post_1349
@MaxZorin17;"For some people  the high winds is because of climate change.
For everyone else  it's February.
66
580
3 362";580;post_1350
@JeffMerkley;"The states in the Southwest are facing the worst drought in over 1 200 years.

This is Code Red. We have to address climate change before it's too late.
22
102
454";102;post_1351
@TonyHussein4;"The Netherlands National Football Stadium runs on solar power. Shouldn't all new stadiums be built this way? 

It has 4 200 #solarpanels on its roof  and is 100% #solar powered  & sells excess energy to the grid.

We have solutions to climate change. Demand change. 

#DemVoice1
Quote Tweet
Mike Hudema
@MikeHudema
 · Feb 17
This stadium in the Netherlands has 4 200 #solarpanels on its roof and is 100% #solar powered. Shouldn't all buildings be this way?

We have the solutions. Demand your govt implement them. #ActOnClimate

#climateemergency #climatecrisis #climate #energy #renewabels #GreenNewDeal
3
90
125";90;post_1352
@WWF_Antarctica;"The #SouthernOcean is critical habitat for #whales that feed on #krill –key species of the Antarctic food web. As #climatechange shifts krill south  migrating whales face potential long-term negative impacts.
We must act now to #ProtectBlueCorridors & establish #MPAs 
@WWF_Whales
1
113
241";113;post_1353
@realchloenicole;"“Climate change” is demonic. Just because of this I’m going to have 20 kids  sorry!
Quote Tweet
Wittgenstein
@backtolife_2023
 · Feb 16
The poster reads: ""Future or Climate killer?""
6
7
52";7;post_1354
@TheCMIAE;"Next week we'll welcome Dr. Colin Mahony who will present his new work on climate change projections & bioclimatic shifts in the Columbia Mountains. He'll also discuss the limitations of climate analogue approaches & strategies for facing our uncertain future. Don't miss this!
2
4
6";4;post_1355
@SummerForPA;"Dope to be included in 
@cityandstatePA
's Power of Diversity: Black 100!

Every issue we're tackling—climate change  housing  healthcare  education  jobs—is a racial justice issue.

When I become PA's first Black Congresswoman  I'll make sure all 434 of my colleagues know that.
ALT
3
18
87";18;post_1356
@KahlonRav;"The last few years have been hard on British Columbians. People are getting left behind  & the impacts of climate change surround us. 

The StrongerBC Economic Plan tackles these challenges through inclusive & clean growth. 6 missions outline govt priorities to meet these goals
10
8
24";8;post_1357
@Bowenchris;"Labor is happy to have a debate on national security. 

 6 defence ministers in 8 years 
 Massive cost blowouts and delays 
 2 failed submarine deals  now a 3rd go
 no climate change and security strategy.

From ⁦
@QandA
⁩ 
14
104
318";104;post_1358
@sciam;"Urban noise pollution is getting worse. Wildfires are growing more severe. And climate change is disrupting the timing of natural events and the life cycles of plants and animals all over the world.
scientificamerican.com
Noise Pollution  Wildfires Top U.N. Report on Emerging Environmental Threats
Climate-driven mismatches in the life cycles of plants and animals were also cited as a major concern
2
32
65";32;post_1359
@MarkGraham_Akl;"I  too  am 60 and was at the Olympics with Coutts in 1984. Marched for Gay Rights  anti-John Banks  Climate Change  would have protested the Tour if I’d been in the country  protested for gun laws in the US and plenty more. I’m guessing Coutts is like Key-wasn’t concerned.
Quote Tweet
EJoy
@swintersections
 · Feb 17
So Russell Coutts says this is the first time he’s felt so compelled to protest for human rights in his life. In nz.

He’s 60 years old.

Let that sink in. 

He’s 60 years old. 

Way to score an own goal Russell.
1
1
18";1;post_1360
@ACC_National;"“THE” solution to climate change doesn’t exist.

There is no single solution to protecting our planet.

It will require a mix of individuals  businesses  and governments caring for the environment.
1
4
13";4;post_1361
@Nas_k27;"Under the leadership of 
@ImranKhanPTI
 Pakistan is contributing a very positive influence on the world
PM’s programs on fighting climate change protecting the environment
human and economic development for social progress and human rights stability & peace in the region r Amazing
Quote Tweet
Bill Gates
@BillGates
 · Feb 17
Thank you @ImranKhanPTI for the productive discussions on the steps being taken in Pakistan to eliminate polio. I’m encouraged by the country’s commitment to eradication and am optimistic that if everyone remains vigilant  we can #endpolio.
2
13
44";13;post_1362
@Living4Earth;"World leaders call for 'monumental transformation' to tackle climate change https://climateactionaustralia.wordpress.com/2022/02/18/world-leaders-call-for-monumental-transformation-to-tackle-climate-change-businesstoday-climatecrisis-ecologicalcrisis-tellthetruth-fundourfuturenotgas-coralnotcoal-aus/?fbclid=IwAR0-atDV6sp2-_ekftmJd-2IHSN9qoxNLpl8qTXCozCnhccpCI0b8u6-qEw… #TellTheTruth
#UprootTheSystem
#PlanetNotProfit
#ClimateActionNow
#TheGretaEffect
climateactionaustralia.wordpress.com
World leaders call for ‘monumental transformation’ to tackle climate change  – BusinessToday...
At the TERI World Sustainable Development Summit  world leaders like John Kerry  US government’s Special Envoy for Climate  and many others assembled to chalk out a path towards a sustainable…
5
4";5;post_1363
@UniSouthPacific;"“Climate change and sea-level rise are deadly and existential threats to Tuvalu and low lying atoll countries. We are sinking and so is everyone else"".
Honourable Simon Kofe  Tuvalu’s Minister for Justice  Communication  and Foreign Affairs.

#YourIdeasChangeMyWorld #USP
6
8";6;post_1364
@madcitygal5;"Replying to 
@lisagabbott
 and 
@LeChatNoire4
Start by electing new Senators. Ones that believe in science and climate change. In other words  Democrats.
1
6
41";6;post_1365
@ClimateandCap;"EXCLUSIVE: No 
@McKinsey
  it will NOT cost $9TN a year to solve #climate change - Rept vastly underestimates growth of #solar & #wind deployment & overestimates the cost of #solutions by 
@OneEarth
's Karl Burkart  
@greendig
 #greenfinance #climateeconomy 
https://climateandcapitalmedia.com/no-mckinsey-it-will-not-cost-9-trillion-per-year-to-solve-climate-change/…
1
5
13";5;post_1366
@TheAusInstitute;"A new report by the Australia Institute is predicting five times as many extreme heat days in West Sydney if there's no action on #climate change.

Nine News reports.
@SwelteringCity
0:28
3 665 views
6
27
30";27;post_1367
@choptopmoseley;"Imagine Putin turning his swords into plough shares and leading a green revolution to save the earth from catastrophic climate change
16
55";;post_1368
@notalibtar_d;"Replying to 
@michael_puskas
 and 
@nationalpost
what else do you consider  privileges' and not a right?  breathing? going to work?  you prob support a social credit score in the name of climate change too.  Big government is here to save us and the world.  The new religion!
1
27";;post_1369
@StokesRJ2;"Replying to 
@EliseStefanik
 and 
@GOP
Got any policies on roads  bridges  crumbling schools  income tax disparity  poverty  climate change  pollution  funding Social Security  etc  etc?

None  eh?
1
2
6";2;post_1370
@Wilderness_Aus;"Today is #BrambleCayMelomysDay. We pay tribute to the small rodent that lived and loved on Bramble Cay in the Torres Strait. It was the first species to be driven to extinction due to climate change—and not the last to get there due to government inaction.
canberratimes.com.au
How Australia failed the Bramble Cay melomys
We had all the warnings we could have needed  but we simply refused to act.
1
6
12";6;post_1371
@JeffAndDonkeys;"9. Everyone knows what made all those not-very-bright people socially useless: the same crap that causes climate change. Every climate changing machine was invented and put to work to put some human out of work. We know this. We act like God wrote the directions in stone:
1
1
34";1;post_1372
@neocentrist;"3. (forgot to label the first two).

The progressive wing of the democratic party is inadvertently fighting FOR climate change. Their solution (GND) didn't contain the *actual* solution (carbon taxes) and just convinced Republicans that the climate is just a political issue.
3
5
25";5;post_1373
@IFC_org;"As vice chair of 
@globalcompact
 & former CEO of 
@Unilever
  
@PaulPolman
 knows more than a few things about the power of partnerships. Read his thoughts on how govts  CSOs & businesses can partner to address climate change  poverty & inequality: http://wrld.bg/I7mj30saPso #IFCinsights
1
12
19";12;post_1374
@PeterGleick;"My podcast interview at Foreign Policy on water  climate change  and environmental conflict. Take a listen!
foreignpolicy.com
Adapting to a Drier Planet
An exploration of the wider ramifications of water scarcity and what’s being done to help those affected.
2
13";2;post_1375
@RepWexton;"Our Bipartisan Infrastructure Law is delivering a historic investment in EV chargers  unlocking new opportunities for EV development & making EVs a more convenient option for families.

It's a major step towards meeting our goals to tackle climate change.
nbcnews.com
U.S. to provide $5 billion to help states build network of EV charging stations
“These are taxpayer dollars  so it can’t just be a blank check ” Transportation Secretary Pete Buttigieg said.
7
6
15";6;post_1376
@AGRobBonta;"California is already seeing the effects of climate change.

We will continue to push forward on bold environmental policies to stave off the worst of the climate crisis  but we can't do it alone.
latimes.com
Western megadrought is worst in 1 200 years  intensified by climate change  study finds
The West is experiencing its most severe megadrought in a millennium  according to a new study. Scientists say climate change is playing a major role.
5
5
9";5;post_1377
@Serrels;"Very cool 
@StephPanecasio
 story about the ways Minecraft is being used to teach school kids about the impact of climate change.
cnet.com
How Minecraft Is Teaching Kids to Face the Threat of Climate Change
Meet the geography teachers and developers using Minecraft to teach climate science.
4
10
39";10;post_1378
@GeorgeHeyman;"Today we launched our long-term economic plan for a more inclusive and innovative province. A plan that provides an all-of-government approach to combat climate change while supporting people as we move to a low-carbon future. 
@KahlonRav
 @jjhorgan
 @AnneKangMLA
 #CleanBC
Quote Tweet
Ravi Kahlon
@KahlonRav
 · Feb 17
After months of meeting with BCians  @jjhorgan & I are excited to launch our plan. 

We’re taking all we’ve learned over the last few years  especially from the pandemic  and making sure that we build a strong economy that works for all!

#StrongerBC

https://news.gov.bc.ca/26272
1
2
25";2;post_1379
@julesprom;"Replying to 
@guidetogrowth
 and 
@LucyWeather
Welcome to the new normal because of climate change and also late stage capitalism where the ultra wealthy own everything

Sorry you had to find out this way
2
22";;post_1380
@KGeorgieva;"Three decisive steps to help #Africa emerge from the pandemic & unleash its potential.

 Equitable access to comprehensive C19 toolkit.

 $285 billion financing to fight COVID. Twice this to help growth catch up.

 Address region’s acute need to adapt to climate change.
3
7
14";7;post_1381
@rhonda_harbison;"Replying to 
@thehill
 and 
@RepBoebert
https://toolkit.climate.gov/case-studies/charting-colorado%E2%80%99s-vulnerability-climate-change…
Charting Colorado's Vulnerability to Climate Change
1
16";1;post_1382
@CFR_org;"The truth of climate change may be scarier than we thought  writes 
@StewartMPatrick
 in 
@WPReview
.
worldpoliticsreview.com
Tipping Points Make Climate Inaction Even More Catastrophic
Evidence is mounting that the climate could be approaching tipping points that  when crossed  would have disastrous and potentially irreversible consequences for nature and humanity. Faced with this...
10
13";10;post_1383
@jkemsley;"@CHogue
 covers climate change and pollution. Did you know that at one point smugglers made more money smuggling CFC-12 than they did cocaine? https://cen.acs.org/environment/greenhouse-gases/HFC-smuggling-undermines-climate-efforts/99/web/2021/11…. Her office wall covered with PFAS structures inspired our database:
cen.acs.org
A guide to the PFAS found in our environment
Chemical structures and origins of per- and polyfluoroalkyl substances that are polluting our world
1
3
25";3;post_1384
@FrankPallone;"I applaud 
@FERC
 for taking action today to ensure climate change and #EnvironmentalJustice are core considerations of its natural gas pipeline certification process. This is a significant step towards tackling one of the defining challenges of our time.
energycommerce.house.gov
Pallone Applauds FERC’s Decision to Consider Climate  Environmental Justice in Natural Gas Certif...
Chairman Pallone applauds FERC's orders to incorporate climate change  landowner protections  and environmental justice considerations in the natural gas certification process.
2
4
7";4;post_1385
@blairmiller;"New bipartisan polling released Thursday shows most Coloradans have increasingly growing concerns about climate change  more intense wildfires  decreasing water levels and worsening air quality  as do people across the American West.
thedenverchannel.com
Poll shows Coloradans' increasing concerns over climate change  wildfire  water
New bipartisan polling released Thursday shows most Coloradans have increasingly growing concerns about climate change  more intense wildfires  decreasing water levels and worsening air quality  as...
1
6
4";6;post_1386
@SteveSisolak;"Nevada has the largest solar economy in the nation!

Not only are we protecting our environment and combating climate change  but also creating good-paying jobs for our clean energy economy.
33
14
54";14;post_1387
@wef;"How the US commitment to lower emissions will affect the fight against climate change https://wef.ch/3uYhnrd
43
26
57";26;post_1388
@vegashibbs1;"WEF= Have a covid scamdemic and climate change hoax. Then:::= fear=depopulation=
enslavement=totalitarianism 
Social credit system = Removal of private ownership.
1
6
6";6;post_1389
@PeterWMurphy1;"Morrison Govt News Release
Things to Fear:
• China
• Albo
• Women
Things Not to Fear:
• Climate Change
• Covid Pandemic 
• Bushfires
• Koala Extinction
• Govt Corruption
• Pork-barrelling 
• Sexism and Misogyny 
#auspol #ausvotes #Election2022
6
16";6;post_1390
@niais;"Especially as climate change means conditions are unpredictable (but really all the time)  please remember when you are enjoying nature to take it easy  come overprepared  and don't over do it. Maps & compasses are your friend! You can never have too much water!
1
5
49";5;post_1391
@MenryWY;"Looks like I'll officially be teaching Climate Change and Colonialism again next fall; in the spring  it's a toss-up between Petrocultures or a water course  ostensibly based on my book. Hmmmmmm....
3
1
51";1;post_1392
@juliaschoenMD;"I’m grateful for the opportunity to highlight the importance of climate change to trainees at #AUR22
Quote Tweet
Reed Omary  MD
@ReedOmary
 · Feb 18
Just had a great conversation w/ @juliaschoenMD about her upcoming plenary talk at #AUR22.

She is an accomplished expert in climate change & sustainability.

Plus as a #RadRes  she has lots of knowledge about the importance of climate change to our future workforce in radiology.
1
1
19";1;post_1393
@Channel4News;"Executive Director of Operations at the Environment Agency  John Curtin tells 
@JackieLongc4
 that “we're going to have many more storms due to climate change” and we need to change “faster than the climate” in order to deal with them.
channel4.com
Storm Eunice: ‘More storms to come as a result of climate change’  says Environment Agency director
We spoke to John Curtin  the Executive Director of Operations for the Environment Agency and began by asking him if he could give a sense of what the situation was like across the country.
14
41
86";41;post_1394
@Maggie_Hassan;"From rising sea levels to extreme weather  climate change is threatening New Hampshire's Seacoast.

That's why I secured vital funding for coastal resiliency measures in the bipartisan infrastructure law  helping to protect vulnerable communities.
nhpr.org
Ocean water along U.S. coasts will rise about one foot by 2050  scientists warn
Sea levels are rising even faster on the East Coast and Gulf Coast. And advances in climate science mean we can see the future clearly for the first time.
57
29
65";29;post_1395
@roles_michael;"Thx 
@BrandonPotterRI
. #greenhealthyschoolsri = improving health & education outcomes for future generations of kids  fighting climate change  increasing access to quality jobs for ppl who need them  and allowing districts to redirect dollars to other necessities
Quote Tweet
Rhode Island House of Representatives
@RIHouseofReps
 · Feb 18
@BrandonPotterRI: ""This is an incredible opportunity  not only to invest in students and their education but to do so in a way that reflects our values and priorities.""

More information: https://rilegislature.gov/pressrelease/_layouts/15/ril.pressrelease.inputform/DisplayForm.aspx?List=c8baae31-3c10-431c-8dcd-9dbbe21ce3e9&ID=372363…
Show this thread
3
9";3;post_1396
@MayorMikeDuggan;"20 years ago  the EPA Administrator was concerned with finding solutions to combat human-made pollution - but today  climate change has become a much greater concern. This is something that Detroiters have felt the impact of first-hand  following the heavy rain last summer.
2
3
4";3;post_1397
@Authoroux;"within 20 minutes #HorizonForbiddenWest unequivocally states that billionaires are monstrous dirtbags who will flee the catastrophic effects of climate change  eat their own  and happily leave earth to burn 
4
57";;post_1398
@EPAMichaelRegan;"I had such a great time taking over the 
@WhiteHouse
 Twitter in Detroit today!

I hope you keep following along  as EPA continues delivering on our mission to tackle climate change  advance environmental justice  and protect communities.

We’re just getting started. 
Quote Tweet
The White House
@WhiteHouse
 · Feb 18
I’m signing off for today  but it was great to join you all  especially during #BlackHistoryMonth  to talk about @EPA’s work to protect ALL communities and advance environmental justice. Keep following along with us at @EPAMichaelRegan or @EPA! 
10
9
57";9;post_1399
@Soilfit;"There’s still some places available for our 
@RoyalSocEd
 on line debate with 
@FBurnettCropDoc
 @SRUC
 Roger Crofts  Michael Davies and Des Thomson 
@nature_scot
 .. Hear about how we will help tackle region #Climate Change challenges in #Scotland 
@SEFARIscot
 #Leadingideas
Quote Tweet
Royal Society of Edinburgh
@RoyalSocEd
 · Feb 17
Next week  our panel takes a look at regional climate challenges faced across Scotland  and will provide possible solutions to tackle them.

 Tuesday 22 February  16:30-17:30 
 Online 
 Free 
 https://eventbrite.co.uk/e/combatting-scotlands-regional-climate-change-challenges-tickets-250161769587?aff=twitter…
3
10";3;post_1400
@abcnews;"Climate change is coming for your hydrangeas and rhodendrons – what do you do now?
abc.net.au
Don't throw out the succulents with the cacti  advises this gardener for the rich and famous
Celebrated landscape designer Paul Bangay wants you to rethink your garden. Here's how.
43
13
30";13;post_1401
@statepress;"University water experts and its cutting-edge Decision Theater could work to model desalination as part of the solution to drought and climate change.
statepress.com
ASU may have a key role in Arizona's $1B water investment - The Arizona State Press
Arizona State University's independent student-run news organization covering Tempe  Phoenix  Mesa and Glendale.
1
6
13";6;post_1402
@eddie_petryshen;"Lichens play a crucial role across the worlds ecosystems. They’ve survived asteroids and ice ages. 

But human induced climate change is threatening to disrupt their health and survival on a global scale.
scientificamerican.com
Lichens Could Need More Than a Million Years to Adapt to Climate Change
The composite organisms  formed from the symbiotic relationship between fungi and algae  are crucial members of myriad ecosystems
4
9";4;post_1403
@Samoskal;"Replying to 
@murpharoo
Suggest as per US Trump his/LNP purpose is to gain permanent power in office  which of course benefits the far RW donors  esp fossil fuel proliferation. Authoritarianism  the #socialdecay it brings with it and accelerating climate change  is quite a grim mix to put it bluntly
2
19";2;post_1404
@EFrost_Wildwood;"12/ In this era of worsening climate change  megafires & biodiversity loss 
protecting old trees should be a 'no-brainer'. There are many compelling reasons to do so & few to none for continuing to log them -- even at much reduced rates than in the past. https://mountainjournal.org/former-senior-official-in-forest-service-questions-forest-service-thinning-in-time-of-climate-change…
1
7
14";7;post_1405
@LisaJohnson2002;"Replying to 
@hughriminton
So It's Labors fault Craig Kelly isnt quite sane  Barnaby is incoherent   Canavan is incapable of climate change  Tudge slept with staff   Porter was accused of rape  Ruston doesn't believe in poverty...Labor don't need policies to win  they just have to NOT be these guys
2
20";2;post_1406
@PaulEDawson;"The highlight of my week was 
@MichaelEMann
 joining our book club for a discussion.

We had just finished reading the brilliant New Climate War: The fight to take back the planet by Prof Mann.

Click if you want to read a book a month on climate change. https://getrevue.co/profile/ClimateSolutionsBookClub…
1
16
51";16;post_1407
@SevenDeviled;"That we see creationism  anti-abortionism  climate change deniers & anti-vaxxers collide in this moment shows the devastatingly successful assault of the RW on scientific knowledge in arguably the world’s most scientifically advanced nation. Undoing this will take twice as long.
1
6";1;post_1408
@JoshOhMyGosh2;"Replying to 
@SenSanders
 and 
@griffin_rick
It is beyond belief that in 2022  as we face challenges like covid & climate change  any national leader would start a war that could kill thousands & create millions of refugees. There is a diplomatic solution to this crisis. It is tragic that Biden seems intent to reject it.
1
3
31";3;post_1409
@Roelvelde;"Replying to 
@TufferB
Wait for the climate change deniers to say that Abergavenny is not on the coast.
9";;post_1410
@mclaudebibeau;"Today  my colleague 
@FrancisDrouin
 announced an investment under #AgCleanTech for 4 projects across Eastern  ON.

Through this program  our gov’t is supporting farmers in their efforts to reduce emissions & develop technology to adapt to climate change.
1
5
8";5;post_1411
@ClimateBecky;"To be clear  the warming trend doesn’t cheer me up. It’s looking at data that cheers me up. 

I may not be a fan of cold weather  but I’m really not a fan of abrupt climate change.
1
12";;post_1412
@honigmaydl;"Replying to 
@afrosabi
That  first of all. The people trashing I see trashing Boomers are young white people who resent that their parents/grandparents  as they see it  had better economic opportunities than they do  with an extra helping of 'why didn't you end racism  poverty and climate change?""
2
18";;post_1413
@claudferraz;"Will climate change increase frequency of events like this and induce politicians to invest more in prevention or will reduce accountability as politician can always blame climate change?
apnews.com
Brazil’s deadly mudslides reflect neglect  climate change
RIO DE JANEIRO (AP) — The landslides that devastated Petropolis this week demolished houses and ripped families apart  scarred hillsides and hearts  left at least 136 dead and more than 200 missing.
1
1
12";1;post_1414
@Variety;"James Gunn on the Butterflies' complaint that humans are ""anti-science"" in the #Peacemaker finale: ""It’s not believing people who are experts in their fields  whether it’s with vaccinations or climate change or whatever.""
variety.com
‘Peacemaker’ Season Finale: James Gunn on Pulling Off [SPOILERS’] Shocking Cameo
""Peacemaker"" creator James Gunn talks pulling off a massive cameo in the season finale and why he took so long to agree to make Season 2.
1
1
53";1;post_1415
@gwencystic;"Replying to 
@bbabyjazzy
I'd never support tomfoolery  trolling  or even memeing in order to stop cataclysmic and devastating effects of climate change from making our planet uninhabitable.
1
2
8";2;post_1416
@ThinkGlobalHlth;"""Pocket parks"" are more than just oases in urban Athens. They’re also part of the city’s strategy to combat climate change. Here’s how Greece's capital city is fighting rising temperatures by making the city greener—literally.
thinkglobalhealth.org
How Athens Plans to Beat the Heat | Think Global Health
An interview with Athens Mayor Kostas Bakoyannis on how Europe's oldest capital will deal with rising temperatures
2
3";2;post_1417
@Austen;"Replying to 
@nathanielpopper
What about the environmental/climate change effects of mining crypto?
19
1
31";1;post_1418
@colorcoalition;"When it comes to climate change and extreme heat  ""we have to create a plan  a strategy that is going to answer the short-term needs while building the long-term future."" —
@candaceforpdx
  Executive Director of 
@Verde_NW
Hear more about #ORleg heat relief:
npr.org
Oregon lawmakers debate heat safety measures
After last year's deadly heat wave  Oregon lawmakers are debating new measures to keep people safe. They include funding and legal rights for air conditioning.
12
21";12;post_1419
@ArcticBasecamp;"The Feb 18 
@WSJopinion
 @WSJ
 article “Greenland’s Melting Ice is no Cause for Climate Change Panic” is filled with disinformation including misrepresentation of a graph by 
@mankoff
. See our full response:
#BelieveTheScience https://arcticbasecamp.org/media/
6
16";6;post_1420
@RyanMaue;"Moreover  while the video isn't factual  the messaging is ""Don't Panic"" which is counter to the more extreme narrative that the planet is on fire -- Panic.  It's political opinion.  And  most importantly  you can believe everything about climate change and not endorse panic!
1
2
12";2;post_1421
@Supernova_Style;"Replying to 
@sciencequiche
I have the same views I had for the last 2 years. A few things need to be answered before I would change.

One problem right now is there are many doctors that are paid to spread misinformation and doubt  just how some scientists were paid to throw climate change doubt
1
1
4";1;post_1422
@business;"The temptation to use the Fed to battle climate change is understandable  says 
@karlbykarlsmith
  but doing so would be dangerous
bloomberg.com
The Fed Is Not the Right Place to Fight Climate Change
Sarah Bloom Raskin’s ideas about how to combat global warming would threaten the central bank’s independence.
2
7
14";7;post_1423
@WimThiery;"How Climate Change Will Hit Younger Generations: 

'It seems intuitive that younger generations will feel the effects of climate change more than older ones. But quantifying this phenomenon reveals just how stark the disparities are.'

https://scientificamerican.com/article/how-climate-change-will-hit-younger-generations/… via 
@sciam
scientificamerican.com
How Climate Change Will Hit Younger Generations
A new analysis shows that people born later will experience vastly more severe weather events
2
13";2;post_1424
@CUEngineering;"How can Colorado become the nation’s leader in climate change? Well  it starts with concrete. 
@CUBoulder
 Professor Dr. Wil Srubar's article in the 
@DailyCamera
 discusses concrete's huge carbon footprint and how we can lessen its impact.

Read more:
colorado.edu
Dr. Wil Srubar: Concrete has a colossal carbon footprint and we can
Wil Srubar has written a column for the Boulder Da
4
7";4;post_1425
@kambugueliya;"Let's face it  when we talk about racism and climate change being intertwined we are talking about who has caused climate change and who is suffering its effects the most
@guardian
 @EU_Commission
  @UNFCCC";;post_1426
@YardleyShooting;"Brexit  climate change  BLM  the gender agenda  'covid' - did you think it all happened by accident? Don't you think it's odd that it's all taken place in such a short time frame? Then add this 'Great Reset' into the equation & digitisation of everything. It's beyond suspicious.
92
419
1 589";419;post_1427
@a_separate_sky;"ofc nobody actually wants Guy out.

It’s a contradiction of message. 

Sure  he isn’t the band and his actions are his own  it just feels odd to have a group that is pushing to combat climate change etc  have a member do something that’s _unnecessary_ and goes against that cause
1
11
70";11;post_1428
@jospeakstruth_;"Don't celebrate mandates are being lifted. You can't trust abusers! The next plan on the agenda is ""climate"" change! These people have an agenda all the way to 2030 & beyond! Plus why we celebrating our ""parents"" getting us out of timeout(punishment)?  #Plandemic2020 #StoptheNWO
3
14
43";14;post_1429
@SaleemulHuq;"Role of governance in mitigating the effects of climate change
thedailystar.net
Role of governance in mitigating the effects of climate change
Bangladesh is regarded globally as one of the most vulnerable countries to climate change impacts.
9
30";9;post_1430
@litecoin_bull;"You are NOW well inside the chess game

And in this chess game White Hats know the outcome  but Black Hats make the final moves: Sacrifices  Death  Climate Change distractions before the inevitable END_GAME.

Covid narratives shift to war and #ClimateGate Scams. 

Not surprising.
12
49";12;post_1431
@energyisle;"Political inaction & resulting #Climate change anxiety in our youth is a form of child abuse. We can stop it by mass action to tackle the #climatecrisis
4
8";4;post_1432
@stevenjfraser;"I think climate change is big business but i do believe in climate cycles caused by crustal displacement which happens about every 10k yrs.  The way we are getting snow now is like we did when i was a kid.  Thats not climate change its a cycle.  Nothing we do will stop the cycle
2
5
20";5;post_1433
@RepBarbaraLee;"With 
@ClimateEnvoy
 & 
@BettyMcCollum04
 at the Munich Security Conference!

Climate change must be part of any discussions regarding our national and global security. #MSC2022
28
22
151";22;post_1434
@LizWebsterLD;"This govt doesn’t care about producing food to feed the British people.

It wants imports to feed us. Despite the fact that climate change and Russian/Chinese aggression are real threats to food globally.

This govt doesn’t care if we starve.
Quote Tweet
Save British Food
@SaveBritishFood
 · Feb 19
Lost amid all the greenwash/guilt is fundamental imperative to produce ourfood sustainably  with highest standards of animals welfare and supported by local supply chains. When we talk about farmland value we rarely talk about it in terms of its primary value: feeding the nation.
6
34
46";34;post_1435
@TheDisproof;"@GeraldKutney
 @MichaelEMann
 Remember that crazy dark money funded human induced climate change denial group  that has links to the Heartland institute? Well guess who just turned up at one of their conference discussions. Judith Curry. It was a car crash discussion.
11
24
78";24;post_1436
@revoltinghippie;"Replying to 
@snb19692
Good seeing you again Steve  like climate change deniers I now ignore them as its not worth the time
2
23";2;post_1437
@TIME;"The megadrought deepened so much last year that it is now the driest in at least 1 200 years.

It is a worst-case climate change scenario playing out live  a new study finds https://ti.me/3gX1k4t
11
48
85";48;post_1438
@deniseshrivell;"I’m popping along to 
@KyleaTink
 launch event this morning from 10.45. 

Will share pics & live stream some of the action. 

Together  let’s change the climate in Canberra! #IndependentsDay #auspol #Insiders #NorthSydneyVotes
5
17
88";17;post_1439
@BIFoRUoB;"#PhDopportunities: Understanding Tree Anchorage to Make Forest More Resilient to Climate Change at University of Birmingham
jobs.ac.uk
Jobs | Job Search | Job Vacancies on jobs.ac.uk
Start your UK & international job search for academic jobs  research jobs  science jobs and managerial jobs in leading universities and top...
4
5";4;post_1440
@NCHRD_UG;"#Uganda This week we joined 
@SEATINIUGANDA
 for structured dialogues on business & human rights. Importantly a discussion on the proposal by 
@GovUganda
 to ratify  Energy Charter Treaty in the light of Climate change concerns & other CSO reservations on the ECT gaps 

#HumanRights
1
6
25";6;post_1441
@IISD_ENB;"On Saturday  #IPCC Working Group II ended its first week of consideration of the Summary for Policymakers

Talks focused on mid to long-term risks  observed impacts from climate change  and future #climateadaptation options and their feasibility

Read  https://enb.iisd.org/55th-session-intergovernmental-panel-climate-change-ipcc-55-12th-session-working-group-II-19Feb2022…
2
8
32";8;post_1442
@OurRevolution;"""Any hope of international cooperation to address global climate change and to address future pandemics would likely suffer a major setback."" 
@BernieSanders
 #NoWarInUkraine
3
15
41";15;post_1443
@TomCurle;"⁦
@AOC
⁩ wait  wait. Why worry about 10years from now  you said we’re all going to be dead in just 8 more years  4 years ago  cause  you know Climate Change... ps I don’t want to sleep with you. https://patriotedition.com/southerners-enraged-by-what-a-top-democrat-said-about-them/…
4
5";4;post_1444
@Living4Earth;"Scientists agree: Climate change is real and caused by people » Yale Climate Connections https://yaleclimateconnections.org/2022/02/scientists-agree-climate-change-is-real-and-caused-by-people/… #TellTheTruth
#UprootTheSystem
#PlanetNotProfit
#ClimateActionNow
#TheGretaEffect
yaleclimateconnections.org
Scientists agree: Climate change is real and caused by people » Yale Climate Connections
Scientific academies  professional societies  associations  governmental and nongovernmental organizations and published research worldwide are aligned.
1
8
9";8;post_1445
@Dragofix;"Stop Exploiting Kangaroos! Victorian kangaroos face endless survival challenges due to habitat loss  climate change and road accidents. #AnimalRights #wildlife #kangaroo #kangaroos  https://ajpvic.org.au/stopexploitingkangaroos…
11
8";11;post_1446
@Dramfire;"He and Boofhead think a Petrovian China Affair will deflect from their failures in:
#FederalICAC
Australian Bushfires
Vaccine Roll-out
Lying
Mysoginy
Defunding the Audit Office
Sports Rorts
Car Park Rorts
Aged Care see Lying 
Foreign Affairs see Lying
Climate Change see Lying
1
2
4";2;post_1447
@jolson321;"The Aguán River  near the Caribbean Sea. 

The campesinos of the Aguán live through the confluence of A) deadly  militarized land+resource wars  B) high level drug trafficking (w/ ~alleged~ state and corporate complicity)  C) and catastrophic flooding caused by climate change.
2
9";;post_1448
@coldplay_HQ;"“Guy's unnecessary carbon contributions not only encourage others to do the same but also completely goes against the band's mantra towards climate change.” DRAGGED 
Quote Tweet
Coldplaying
@coldplaying
 · Feb 19
Unanimous disappointment from fans as Coldplay bassist @guyberryman shares his latest NFT purchase.

This comes at the same time Coldplay have pledged to make their upcoming tour as ""sustainable and low-carbon as possible""

https://coldplaying.com/news/articles/coldplay-fans-react-to-guy-berrymans-tone-deaf-purchase-of-nft-r33/…
21";;post_1449
@QuestBlackbeard;"Replying to 
@SenWhitehouse
 and 
@ShannaPettegre1
Crushing the EPA during Climate Change... that's some satanic-like shit!
6
24";6;post_1450
@dzoolander85;"Replying to 
@prairiecentrist
Ontario saw the same happen to 
@Kathleen_Wynne
. The lengths corporations will go to screw over workers apparently know no bounds. They'll do anything to have sycophants elected; their only job is to cut taxes for multinationals  ignore climate change & privatize.
7
21";7;post_1451
@Craigpa20;"We must use #climate change as an opportunity to not only reduce emissions but also our material throughput by transitioning our #economy to a 
@SteadyStateEcon
. This will ensure we operate within our planetary limits and have a economy in the future. 
@martinrev21
6
8";6;post_1452
@Sierra_Magazine;"Climate change is forcing wildlife to search for new  more hospitable landscapes.
sierraclub.org
Invasive Species Aren’t Always the Bad Guys
For some plants struggling to keep up with climate change  invasive species may be the lifeline they need
4
7";4;post_1453
@great_thunberg;"Central Park to launch an open-air laboratory for studying climate change - Gothamist
gothamist.com
Central Park to launch an open-air laboratory for studying climate change
The iconic green space will become the site of a study on the impacts of climate change and the best mitigation practices for urban parks across the country.
1
3
6";3;post_1454
@KevinDM;"Replying to 
@LetsFishSmarter
I’m tired of this being the reality. That with all we’ve learned in two years  THIS is where we are.

We are screwed  and I’m not talking about just the pandemic. Confronting climate change is going to take more than this and we’re not going to be able to “be tired of it.”
5
5
36";5;post_1455
@BluAngelMerri;"Replying to 
@Kyleheman
 and 
@disclosetv
And climate change
1
1
106";1;post_1456
@AndyBrown1_;"Climate change: US sea levels to rise as much in 30 years as in previous hundred  study warns
news.sky.com
Climate change: US sea levels to rise as much in 30 years as in previous hundred  study warns
The authors hope the near-term predictions will help communities plan for sea level rise and flooding  but also urge that cutting emissions now can lower future risk.
4
7";4;post_1457
@cuillin_glen;"Replying to 
@RogueCoder250
 @CompoundAye
 and 16 others
Sturgeon’s bizarre virtue signalling stance on Cambo has deterred investment  undermines investor confidence  risking jobs & at the same time is making no difference to climate change. She should realise populist dog whistling has an impact.
2
6
9";6;post_1458
@bigbuzdz;"Replying to 
@KevinDM
 and 
@LetsFishSmarter
I've been thinking of this as a test run for public reaction to climate change events. Fires  floods and bad air quality are the norm in Western Canadian summers now.
1
2
16";2;post_1459
@AidanCTweets;"You said once that  in fact  climate change was your most important issue (I agree  that's the ballgame) and yet recently you've been saying that you're not sure you can trust the Left on climate change. Look at all the anti-vax people around you. Keira Bell etc.
2
1
44";1;post_1460
@SafetyPinDaily;"Brazil's deadly mudslides reflect neglect  climate change || Via AP
apnews.com
Brazil’s deadly mudslides reflect neglect  climate change
RIO DE JANEIRO (AP) — The landslides that devastated Petropolis this week demolished houses and ripped families apart  scarred hillsides and hearts  left at least 136 dead and more than 200 missing.
2
7";2;post_1461
@DuncanHenry78;"Replying to 
@VoteAndyBrown
 and 
@ShahrarAli
And statements like “owns the truth” and “complex issue” is exactly why we have climate change deniers. So well done enabling those ppl who seek to conceal reality because they don’t like it 
1
4
72";4;post_1462
@transparency_a1;"Replying to 
@hyphenTab
Think we are seeing what the climate change sociologists studying the future effect of a decaying environment have speculated on. We are destroying hope of a better future and the hopelessness is fracturing civilization.

We want the past not the future
1
10";;post_1463
@WeatherCee;"BBC News - Climate change: Covid shutdown linked to record rainfall in China
bbc.co.uk
Climate change: Covid shutdown linked to record rainfall in China
An abrupt drop in emissions due to the pandemic played a key role in record rainfall in China in 2020.
1
1
6";1;post_1464
@Hontas_Farmer;"Replying to 
@jonatha25631619
 and 
@catturd2
We already did.  That's the issue with the pipelines. They have Oil  Gas  Gold  and farmland that after climate change will be the new IOWA.  

Canada is both the cause of and solution to Americas climate change problems.
113
6
2";6;post_1465
@Miss604;"Up next is 
@simondonner
 ""Climate change is a failure of the imagination  we have been unwilling or unable to see the world in a new way."" You don't have to travel halfway around the world to see its effects  it’s right outside your door. #TEDxSurrey 
@SurreyTEDx
1
5
16";5;post_1466
@foe_us;"Carbon markets have a decade-long track record of failing to stem greenhouse gas emissions  while harming Black and brown communities.
@SpeakerPelosi
  we need to reject false climate solutions and instead help farmers mitigate climate change.
foodtank.com
Agricultural Carbon Markets Are Not a Climate Solution
Carbon markets have a track record of failing to stem greenhouse gas emissions  but truly ecologically regenerative solutions already exist.
1
6
10";6;post_1467
@NewsroomGC;".
@NewsroomGC
: Minister Fortier tables the Supplementary Estimates (C)  seeking voted spending to support Canadians’ priorities such as public health  infrastructure  and climate change.
http://ow.ly/ovG5103pEgl
3
3
5";3;post_1468
@GBHNews;"A recent federal report estimates New England will experience up to a foot of sea level rise by 2050.
Hear what the experts have to say about climate change on the latest Under the Radar with 
@CallieCrossley
.
wgbh.org
Environmental Roundtable: Boston's boom in green transportation  climate change and activism
These stories and more on our latest show.
1
2
5";2;post_1469
@OWHnews;"“Over time with climate change  they are coming earlier ” said Andy Caven from the Crane Trust. “Climate change and winter food availability. We increasingly get good numbers in February  which didn’t used to happen.”
@mduceyOWH
 has more:
omaha.com
Even though it's February  sandhill cranes are flowing into central Nebraska
Around 27 500 cranes were counted on the Crane Trust's first aerial survey on Feb.14. The report also listed 23 200 dark geese  73 trumpeter swans and seven bald eagles.
2
6
3";6;post_1470
@WCHumanright;"Climate change denial on Facebook YouTube  Twitter and TikTok is ‘as bad as ever
@algore
@UNFCCC
usatoday.com
Climate change denial on Facebook  YouTube  Twitter and TikTok is ‘as bad as ever’
Climate change lies  hoaxes and conspiracy theories still rampant on Twitter  Facebook  TikTok and YouTube despite pledges to crack down  report says.
1";1;post_1471
@natlawreview;"""Red States Move to Penalize Companies That Consider Climate Change When Making Investments"" #Environment #Companies 
@UNFCCC
 https://bit.ly/3I1oRgT
1";;post_1472
@Grimnien;"Hillary  I think you will find  should you wish to research  that there is an immense amount of scientific evidence and peer reviewed studies dating back to the 1800s in reference to climate change. #ClimateCrisis #ClimateEmergency #ClimateBrawl.
7
12
23";12;post_1473
@PeterSweden7;"How long until they have climate change lockdowns to lower the amount of C02 in the atmosphere?
544
2 140
11.8K";214;post_1474
@BeckettUnite;"3 storms in a week.

End fossil fuel dependency. Climate change is real.
332
719
3 672";719;post_1475
@patgagnon_75;"I don't know about you but I have a really hard time taking the Conservative Party of Canada seriously when they use science to try to undermine vaccine restrictions let's not forget this is the same party that not so long ago voted against recognizing that climate change is real
22
194
1 084";194;post_1476
@MarcDavenant;"I wonder how many of the people who are so upset by the massive disruption caused by extreme weather events linked to climate change are the very same people who are outraged by the relatively minor disruption caused by the climate change activists who are trying to stop it.
1
56
208";56;post_1477
@AwakeinBelfast;"A vote for SF the SDLP or the Alliance party is a vote for four years of ongoing lock ups jabs & climate change bollocks with heartache for our children. Remember that when you cast your vote in May.
12
54
179";54;post_1478
@philritz1;"This fights climate change
4
47";4;post_1479
@KellyMartin_UK;"I’m beginning to feel more suspicious. In the UK we don’t normally get storms lasting this long.  Conveniently timed to move from the Covid fear porn to Climate change. We all knew the script change  add war to it & the already programmed by extreme fear buy into it. #EUNICE
7
13
36";13;post_1480
@Welsh_Scarlet;"Replying to 
@TheTwatRises
.....classic example of building on a flood plain........ BUT .....muh climate change!!
2
15
28";15;post_1481
@JTSmith1014;"I would just LOVE to pull up outside a silly wokey   climate change conference  n rev the hell out of a very dirty diesel engine 
There ya goo  ya silly cunts 
9
4
35";4;post_1482
@PandoraEternaI;"lean  ireland  marine and island life  taurus-scorpio nodal axis  tme enbies  climate change
2
6
23";6;post_1483
@UNDRR;"This is how climate change could make rare tsunami events more common 

 https://bit.ly/3mrlep3
0:53
2 033 views
1
49
78";49;post_1484
@ThePr0diga1S0n;"“Biden… will suspend or delay new federal oil & gas leasing following a court ruling against the process by which it calculates the social cost of climate change…”

The Biden Regime is not serious about neutering Russian aggression or inflation. 

https://thehill.com/policy/energy-environment/595113-biden-administration-to-delay-oil-and-gas-leasing-amid-legal-appeal…
1
17
17";17;post_1485
@DianeGalpin;"New Tory policy  we need to learn to live with :
Covid 
Fuel poverty  
Food Poverty  
Inflation
Climate ChAnge and self serving Tories.There was a time when Govt had drive and ambition to fight disease and poverty and inequality.Not anymore   let the people suffer is the plan …
Quote Tweet
Boris Johnson
@BorisJohnson
United Kingdom government official
 · Feb 20
Covid will not suddenly disappear  and we need to learn to live with this virus and continue to protect ourselves without restricting our freedoms. 1/3
Show this thread
7
4";7;post_1486
@Vectoor;"Replying to 
@earlducaine
 and 
@AlecStapp
If you shut down nuclear power plants while you are still running coal plants you are prioritizing shutting down nuclear power over climate change  it's that simple.
7
250";7;post_1487
@petersgoodman;"Larry Fink: stakeholder capitalism is going to help save world from climate change. Also Fink: BlackRock eager for more investment in fossil fuels. Also: we are going to use stakes to transform industry: also: we’re just passive  managing other people’s $
cbsnews.com
BlackRock touts investment in fossil fuels after threat from Texas official
The world's largest money manager is pushing for zero emissions. It's also pledging to continue investing in oil and gas.
6
47
155";47;post_1488
@gimleteyeLA;"Replying to 
@MichaelEMann
A Venn diagram of “truth” social adopters  climate change deniers and anti-vaxxers would be a perfect circle.
2
2
33";2;post_1489
@ShabbirLakha;"Sure  it’s new for 3 major storms to hit the UK in one week (we’re going to see more of this because of climate change)  but EVERY YEAR there is flooding in some of the poorest parts and every year the govt say they will spend more on flood protection but clearly don’t #Franklin
1
3
11";3;post_1490
@kellycucca;"the ice cream truck is in my neighborhood in mid February. climate change is real  gang.
19";;post_1491
@GlblCtzn;"A space ship? A cheese sculpture? Close! It’s an installation that will record climate change data.
globalcitizen.org
Earth’s New ‘Black Box’ Will Record Every Step of Our Climate Disaster
Earth’s Black Box will record the unfolding climate crisis from journals  atmospheric data  climate pledges  and more.
2
16
41";16;post_1492
@athenaesc;"i’m sorry this has to be a joke…you have to be trolling at this point. yes eat your salad is a song about climate change but it also has extremely rotted lyrics about having a bigger sausage and jiggling that peach so ofc people are going to criticize those aspects of it
Quote Tweet
Levi
@eurolevision
 · Feb 20
Replying to @jamesverige
so u think global warming is not a serious issue to sing about? ok climate change denier
1
1
11";1;post_1493
@yungneocon;"As climate change worsens i predict we’re going to See the Comeback of internal colonies & charter cities—agricultural communes in newly fertile regions  villages based around accessible solar & wind power  & towns on newly accessible river junctions & inland water bodies
1
1
23";1;post_1494
@_garrettcharles;"the population isn’t going to die bc climate change or gay ppl it’s going to die bc gen z thinks flirting is predatory
12";;post_1495
@redshiftsinger;"Replying to 
@isntdave
The decline of society will be caused by… uhm… taglines mentioning how you prefer to be referred to  specifically in emails  for some reason. That is the single biggest problem in the world. Climate change who? Pronoun emails are the real crisis! /s
1
1
88";1;post_1496
@EvalYouth_India;"#Adaptation and #Resilience to Climate Change  Lessons from #Evaluations! 

Join our discussion at the 3rd APEA Conference & EvalFest 2022!  https://bit.ly/jtconfreg

#JTConf2022 #Eval4Action #APCHub 
@APEAeval
 @ECOI_India
 @gefieo_tweets
7
9";7;post_1497
@emmalincolnblog;"On the couch working on my novel about capitalism and climate change and motherhood while my husband watches some Marvel movie on FULL BLAST and I should get a MAN BOOKER PRIZE JUST FOR NOT LOSING MY MIND RN.
2
1
29";1;post_1498
@DavidToovey;"Climate change has tragically claimed the lives of 50 Rwandans this year  a marked increase on the same period last year.

More needs to be done to build resilience as climate disasters are predicted to worsen. 
 https://newtimes.co.rw/news/government-sheds-light-two-month-disaster-status-blames-climate-change#.YhKy0k5tBhd.twitter… via @GreenNewsRw
newtimes.co.rw
Government sheds light on two-month disaster status  blames climate
5
19";5;post_1499
@AaronBastani;"Now is the time in the middle of the housing crisis  climate change and disintegrating public services for socialists in england  Scotland and wales to call for…a Ukrainian left party 
12
5
79";5;post_1500
@CT12;"Replying to 
@ProfPCDoherty
Two billionaires in the headlines this morning. One is channeling his fortune to tackle climate change. The other is using his money to wreak havoc on Australia's democracy. Could the contrast be any greater?
2
20
46";20;post_1501
@Deb_Prothero;"Replying to 
@munakadri
 and 
@Debalap
#IStandWithTrudeau despite the onslaught of bots promoting negative reaction and CPC demonizing of the action  I remain strongly in support of PM Trudeau. We have to get through this pandemic so we can get to work on climate change and fixing income inequality.
13
5
54";5;post_1502
@SimpleSoul10;"Replying to 
@Veritatem2021
All the fear mongering about the effects of climate change start from an acceptance that the pre industrial climate was perfect  and hence any change from it must automatically be a bad thing. Why?

If you remove the hype  might a warmer climate actually be a good thing?
2
1
5";1;post_1503
@AdsMac;"Replying to 
@LauraMiers
There is no cure for it. There may never be?! Yet  in time  millions around the globe could be faced with it - in all its debilitating forms. 

Humans are not smart collective thinkers are they!  Guess climate change shows this too.
1
6
69";6;post_1504
@Pat88181680;"Replying to 
@DawnTJ90
 @JustHereAgain5
 and 2 others
Fact: There is no empirical evidence linking CO2 to global climate change. None.
Empirical evidence is THE standard in science. Directly measurable  repeatable and verifiable. Polling is not
And yes  I am an atmospheric scientist/paleoclimatologist with over 35 years experience.
1
14
31";14;post_1505
@bb_mcdoodles;"Replying to 
@Qualifyfor
One of the Green's main platform planks is the carbon fee and dividend (so basically what the federal Libs enacted). This is a market friendly approach to mitigating climate change. So  many within the Greens have historically had conservative values.
1
6
5";6;post_1506
@RichardHills_;"See you soon Tāmaki Makaurau. Off to Ōtata - one of the Noises islands.

Myself & 
@pippacoom
 feel lucky to be invited in our role as Chair & Deputy Chair of the Environment & Climate Change Committee. Pippa is also co-chair of the Hauraki Gulf Forum. 
@chamfy
 @max_tweedie
5
1
52";1;post_1507
@BeeAsMarine;"Replying to 
@vic_environment
 @HarrisSamaras
 and 9 others
No Vic  it's 
1/ #neonics
2/ Destruction of their habitat 
3/ Asian Hornet 
4/ Climate Change.
Don't always mind bee = honey. It concerns one species among 20 000 and other pollinators are as important.
Don't mind  no bee no food  it's no bee  no life on the Earth.
THE way = 
2
5
10";5;post_1508
@ManuSaunders;"Climate change stories come in many forms. One of the greatest songs  with a long history as an environmental anthem  re-recorded for a new era
rollingstone.com
Watch Led Zeppelin’s John Paul Jones Re-Record ‘When The Levee Breaks’ With Musicians From Around...
John Paul Jones (Led Zeppelin  Them Crooked Vultures) has re-recorded ""When The Levee Breaks"" with musicians from across the globe.
3
10";3;post_1509
@belet_seri;"Replying to 
@SophNar0747
It also contradicts their own message because something like an asteriod is inevitable and unstoppable while something like climate change due to pollution and waste is manageable and solvable.
3
52";;post_1510
@nytimesworld;"In a city in northeastern Syria  climate change can be seen in the city’s daily bread.
nytimes.com
Conflict and Climate Change Ravage Syria’s Agricultural Heartland
Drought and a decade of war have brought failing crops and poverty to a region once known as Syria’s breadbasket. Even the bread has changed.
3
5
13";5;post_1511
@UbongAndyUsoro;"Our rivers are drying up at an alarming rate. The impact of climate change stares us in our face. Can we solve this problem. YES WE CAN
@CCL_Africa
 @TerungwaMike
 @miketerungwa
 #ClimsShow2022 
@citizensclimate
 @ClimatePowers
 @ClimateReality
 @UNFCCC
1";;post_1512
@FCNL;"""Let us invest in the nonproliferation and verification programs that will help make disarmament a practical reality. And let us invest in solving problems like poverty and climate change rather than fueling a problem like a new nuclear arms race.""
time.com
President Biden Should Let His Faith Guide Him Toward Nuclear Disarmament
""It strikes me as a subtle form of blasphemy that we human beings have created weapons that can utterly destroy our planet""
12
11";12;post_1513
@19thnews;"The increase in women IPCC authors is a promising sign that recent efforts to bring gender parity to one of the foremost authorities on climate change are working.
19thnews.org
More women than ever are contributing to the next IPCC climate report
Ahead of the release of the next installment  a survey gives insight into the challenges of being a woman author for the highly anticipated report.
3
15";3;post_1514
@globeandmail;"Climate change is shortening the already short list of Winter Games venues
theglobeandmail.com
Climate change is shortening the already short list of Winter Games venues
Among cities where the Olympics have been held  only nine would be ‘reliable’ hosts for winter sports by midcentury – and that’s if Paris Agreement emissions targets are met
17
4
16";4;post_1515
@NYTScience;"Not just an archaeological expedition: Researchers aboard will be studying ice for clues about the effects of climate change.
nytimes.com
The Search Has Begun for an Antarctic Pioneer’s Lost Ship
Explorers have started combing the Weddell Sea for one of the most revered ships in the history of polar exploration  Ernest Shackleton’s Endurance  which sank in 1915.
1
7
13";7;post_1516
@NasdaqExchange;"In a discussion exploring the financial sector’s role to address climate change  
@Nasdaq
’s Bjorn Sibbern offered key insights during the #COP26 Conference:

 Standardizing Climate Data
 Managing Risk
 Changing Rules and Values

Learn more: http://spr.ly/6017KpScZ
5
3
8";3;post_1517
@WNYC;"A new partnership aims to turn Central Park into an open-air laboratory for scientists studying the impact of climate change on NYC. Information gained can help the city build new nature-based strategies for staving off the harms of climate change.
gothamist.com
Central Park to launch an open-air laboratory for studying climate change
The iconic green space will become the site of a study on the impacts of climate change and the best mitigation practices for urban parks across the country.
3
5";3;post_1518
@paulgambill;"Left wing environmentalists are their own worst enemy (partly because the Right has failed at advancing any good enviro policies). To reverse climate change we *must* reform & make it easier to build nuclear and other clean energy 

By 
@TedNordhaus
wsj.com
For a Clean-Energy Future  We Need Deregulation
Environmental protections from decades past are blocking the infrastructure urgently needed to combat climate change
2
3
16";3;post_1519
@DevEconNetwork;"According to the UN Framework Convention on Climate Change  climate finance refers to local  national  or transnational financing that supports mitigation and adaptation efforts to address climate change (UNFCCC). 
@AnisChowdhury
 @COP26
 @UNFCCC
 @CharlesAbugre
 @Jayati1609
1
3
2";3;post_1520
@ActualKahuna;"Replying to 
@big_hjw
 @guy_freire
 and 
@DumbGuypod
They had ""climate change is real but it's too late so why bother"" as message.

And the billionaire trying to save the world had mind control chips and tried to depopulate the earth.

They had Elon Musk as the villain.
2
1
80";1;post_1521
@insideclimate;"The 
@FERC
 is looking into how it might change the rules of electricity grid planning and how costs of adding new transmission capacity are allocated. There’s a lot at stake for the country’s economy and response to climate change.
insideclimatenews.org
New Faces on a Vital National Commission Could Help Speed a Clean Energy Transition - Inside...
Only a few years ago  the federal agency that regulates the transmission of electricity  gas and other energy matters was looking into ways to prop up coal  in line with former President Donald...
4
8";4;post_1522
@stephhodginsmay;"The Billionaires won't save us. Coal is still cheap  because the price doesn't include the cost of the destruction of the barrier reef  the particles we inhale or the homes we lose to climate change. Pass it on.
91
506
1 669";506;post_1523
@A_shady_clark;"I will never understand people who shrug at climate change  poverty  homelessness  and massive social problems but when told hospitals won't have unvaccinated staff endangering patients are suddenly so outraged they go camping with Action Zealandia
2
29
139";29;post_1524
@catherine___c;"Multi-billionaires think their money suddenly turns them into experts on everything from climate change to plant-based diets to epidemiology science. Which coincidentally makes us plebs sicker & poorer.
41
66
438";66;post_1525
@NuclearAnthro;"The worst that could happen:

 -(unlikely but now less so) large-scale thermonuclear war. 

-prioritization of national power squabbles & militarization over prevention & mitigation of catastrophic climate change. This is already happening.

-enormous suffering & death.
GIF
ALT
3
6
37";6;post_1526
@tarlos_fever;"Ronen is beautiful inside and out. I really encourage watching that live about climate change on his IG page. 
3
19";3;post_1527
@prrsimons;"Eliminating gas is an essential part of action on climate change.

Fortunately there are so many things we can electrify from our homes to industry and transport.

Victoria is well placed to lead on this front 
Quote Tweet
Lily D'Ambrosio MP
@LilyDAmbrosioMP
 · Feb 22
Electrification is an incredible opportunity for Victoria - slashing our emissions  cutting our bills and creating thousands of new jobs. I was so pleased to join @GriffithSaul to discuss his new book and share Victoria's nation-leading electrification agenda.
15
15";15;post_1528
@doglips13;"Ohio  after years of corruption are you ready for a change?

Sam Lawrence has a fresh perspective & new ideas.

Environment & climate change
Affordable healthcare
Expanding Ohio’s economy
Quality public education

Elect @Sam_Lawrence14 
#OhioHouseDistrict44
#DemVoice1
6
27
36";27;post_1529
@MarcforOregon;"House Healthcare Committee meeting today to discuss #SB1529  sneaky gut & stuff bill for MORE Power! Emissions? Climate Change? Eating Red Meat? Gun Safety?

 Register for live testimony BEFORE 2:15 https://bit.ly/3sPeSEU
 Submit testimony BEFORE 3:15 https://bit.ly/3v4up6m
3
9
22";9;post_1530
@peters_malcolm;"Communities torn apart as a fight over horses descends into 'madness'
More National party magic pudding stuff ignore science  Koziusko   MDBA flood plain harvesting & climate change. If keep stripping the guts out everything they eventually run out.
abc.net.au
Communities torn apart as a fight over horses descends into 'madness'
People are being subjected to vicious online abuse  vandalism and even death threats as brumby activists resist any moves to remove horses from Australia's high country.
3
7
29";7;post_1531
@RealIrishCONS;"#cblive blaming the bit of bad weather the last few days on climate change 
8
2
48";2;post_1532
@kendalljamaal;"hey writers  can you stop using one character (usually a gen z-er) represent every single intersection of progressiveness. 

the one teenager in every show can't always be the climate change crusading  non-binary  socialist wise-cracker.
1
3
24";3;post_1533
@POLARCanada;"Save the date! POLAR is hosting a Knowledge Sharing Webinar series this March. Featured topics include Arctic char  caribou  climate change and more.
1
5
13";5;post_1534
@rpancost;"Can #UUK please step back from their manufactured ideological pension crisis so we can get back to work on tackling climate change and injustice? We've got amazing students to teach  colleagues to co-create with and research to do!! #OneOfUsAllOfUs
Quote Tweet
UCU
@ucu
 · Feb 21
The USS scheme's deficit has shrunk by around 80% which means an already weak justification for cutting pensions has now evaporated

If vice chancellors don't withdraw their cuts  they'll be responsible for one of the biggest ever robberies in higher education

#OneOfUsAllOfUs
Show this thread
ALT
6
24";6;post_1535
@AJUpFront;".
@Refugees
 is reporting increasing “incidents of violence and serious human rights violations” against  migrants at EU borders.

Recently  we spoke to 
@FilippoGrandi
 about the “pushback” of migrants amid crises  including climate change.

Full interview: https://youtu.be/PNTWdO9Q3zM
7
29
68";29;post_1536
@UNmigration;"Climate change has impacted how  when  and where people migrate.  
 
If we do not take #ClimateAction  more than 200 million people could become internal climate migrants by 2050.
1
6
19";6;post_1537
@AntiquityJ;"Here is a tiny clay fired cow figurine. It was made by early herders in Kenya  who spread through the region during extreme climate change ~5 000 years ago.

 from our #African #Archaeology collection () https://buff.ly/2PdlQAT
5
16";5;post_1538
@alan_john_moran;"Killing coal by 2030  Joel Fitzgibbon's mea culpa  ""Consumers' rage should be directed at the political class  which has spent the past 20 years weaponising climate change.""
afr.com
Cannon-Brookes plans to kill coal by 2030  invest $20b in renewables
Atlassian co-founder Mike Cannon-Brookes would shut AGL Energy’s coal-fired power stations by 2030 and invest $20 billion in renewables  if his bid with Brookfield for AGL is successful.
3
7
10";7;post_1539
@ABCGMA3;"#GMA3 anchor 
@AmyRobach
 is in the Galapagos Islands with the latest on how climate change is affecting local wildlife.
2
4
11";4;post_1540
@ClimateConnie;"Do you find it hard to talk to people about climate change? 
@FlightFreeUK
 is holding an online event this Wednesday 23rd Feb to help people communicate what can be a challenging topic. It's free to attend – full details and registration here! https://fb.me/e/13ElFagYo
1
7
13";7;post_1541
@climatecouncil;"As with the Great Barrier Reef  while the Antarctic faces multiple threats  climate change is by far the most significant.
3
6
31";6;post_1542
@Atolagbe_Emma;"Conventionally  farming relatively consumes lots of lands  water  contributes largely to climate change  and also its maintenance activities through chemical methods releases toxins to the environment. 
@Atolagbe_Emma
 @Samsonprolific
 #climate #environment
1
5
23";5;post_1543
@KatyMackay;"Replying to 
@RachelNotley
Stop destroying higher ed! An educated  skilled  flexible population is our way through the pandemic  resource diversification  climate change  and social upheaval. Post-secondary education is the key.
2
8
77";8;post_1544
@joshuarudyochoa;"I’m so sick & tired of right-wing Democrats talking the talking about how important it is to fight climate change  & THEN VOTE TO ACCEPT FOSSIL FUEL MONEY. If you don’t reject their money  you’re part of the problem & should be ashamed. #climatecrisis #divestfossilfuels 
@CA_Dem
Quote Tweet
CADem Progressive Caucus Chair
@AmarShergillCA
 · Feb 21
Here's how @CA_Dem Party Officers voted yesterday when asked to ban all fossil fuel money in the Party:

 Chair @rustyhicks 
 Vice-Chair @BettyYeeforCA 
 Vice-Chair @DavidCamposSF 
 Secretary @Melahat 
 Controller April Verrett

Remember that when they need your vote. twitter.com/AmarShergillCA…
Show this thread
1
6
16";6;post_1545
@climatecouncil;"The Federal Government is fond of finding funding to pump up its environmental credentials while doing very little to tackle the biggest of all problems  climate change.
1
6
29";6;post_1546
@aurajenn;"Replying to 
@JordanSchachtel
Concern for climate change needs to be focused on land use  toxic ingredients in air  water  and soil  and habitat for animals. Focus on CO2 is wrong.
8
8
77";8;post_1547
@bhandel58;"Replying to 
@natsechobbyist
We don't need this but we cannot appease aggression. Wish the world could focus on climate change and environmental sustainability but instead we have to stop an amoral man seeking greed and power. We need to stop Vladimir Putin. Democracy must triumph.
1
9
53";9;post_1548
@CNBC;"The Scottish meat industry is worth more than $1.7 billion. But with global beef consumption trending downwards and a climate change emergency to contend with  can the home of Angus diversify in time? (via 
@CNBCi
)
From 
CNBC International
6
7
14";7;post_1549
@SierraClub;"It’s time for Congress to pass historic levels of investment to communities struggling with the interlocking crises of climate change; public health; economic inequity; & racial  gender  & environmental injustice. Do we have a deal yet? http://sc.org/countdown #SOTU #SealTheDeal
1
3
10";3;post_1550
@nychange;"NYCC members  
@weact4ej
  
@foodandwater
  and NYC climate activists at the democratic nominating convention urging 
@GovKathyHochul
 to enact an immediate ban on gas in new construction. 

We need to
fight climate change 
cut pollution 
and create good jobs!
LET’S GO!!

#GasFreeNy
5
18";5;post_1551
@WFSJ;"#fellowship #worldwide 

Climate change media mentorship: applications now open! (
@ClimateTracking
)
climatetracker.org
Climate change media mentorship: applications now open! (global) - climatetracker
Climate change media mentorship: now accepting pitches from around the world! Apply TODAY for this publishing-training-networking combo!
8
6";8;post_1552
@A_Liberty_Rebel;"Spot-on analysis by 
@Sherelle_E_J
. 
We are reaping the consequences of Western 'liberal' elites wasting 3 decades in navel-gazing self-abnegation over wokery & 'climate-change'  while neglecting defence  security & economic fundamentals.
telegraph.co.uk
The Ukraine crisis is the final nail in the coffin of the Western liberal order
Divided  compromised and gormless  the West has abandoned its post-Cold War guiding mission
18
30";18;post_1553
@accidentalflyer;"Replying to 
@Noahpinion
Had Western countries moved away aggressively from fossil fuels in the last 2 decades  not only better chance at combating climate change but would have defanged Russia as well. Really missed opportunity here.
4
47";;post_1554
@DeepSpaceErmine;"Replying to 
@DeepSpaceErmine
 @_pem_pem
 and 
@klausnkrieg
Finally  I don’t consider this story trivial. As climate change and habitat destruction accelerate  wildlife conflicts like this are likely to increase as more large carnivores are driven off of their home ranges.
1
1
10";1;post_1555
@mylesdavies;"Replying to 
@LBC
They’ve also fixed climate change  there’s no longer such a thing as ‘world hunger’  and everyone will soon have their very own pet unicorn.
Well done Tory Government!!!
2
2
25";2;post_1556
@blackarrowxv;"Replying to 
@sustainableuni1
 @IanPChristie
 and 7 others
New York Post is very biased and has links to fossil fuel type people. They don’t want to solve climate change 

Don’t forget this  as one tiny little side note of many on the situation.
nationalgeographic.com
Hidden Costs of Climate Change Running Hundreds of Billions a Year
A new report warns of a high price tag on the impacts of global warming  from storm damage to health costs. But solutions can provide better value  the authors say.
4
8";4;post_1557
@TheTexanNews;".
@exxonmobil
 is suing multiple California cities in the Texas Supreme Court alleging a coordinated litigation effort against oil and gas companies calling for billions of dollars for ""climate change mitigation"" projects.
thetexan.news
Texas Oil Company and California Cities Face Off in Climate Change Spat Before the State Supreme...
A Texas-based company is suing California municipalities in the Texas Supreme Court over litigation efforts filed in other states.
1
6
11";6;post_1558
@robinsonmeyer;"This remains the most enlightening article I’ve read about Russia’s geopolitical position and climate change. By 
@OSullivanMeghan
 and 
@JasonBordoff
:
nytimes.com
Opinion | Russia Isn’t a Dead Petrostate  and Putin Isn’t Going Anywhere
The transition to cleaner energy will make it possible for petrostates to wield significant geopolitical and economic power.
4
9
26";9;post_1559
@WCHumanright;"The World Food Supply is Made Insecure by Climate Change 
@WFP
We need to combat the negative impacts of climate change on food security in many different ways:by decreasing greenhouse emissions to reduce the climate change that will occur 
@UNFCCC
eos.com
Climate Change And Agriculture: Strategies To Mitigate Risks
Agriculture and climate change: interrelation  mutual effects  farming strategies to adapt and mitigate negative consequences.
1";1;post_1560
@richardzussman;"Robinson notes climate change as first budget priority. This is response to destruction from floods and fires. ""It is substantially increasing the impact on people's lives."" #bcpoli
4
4
17";4;post_1561
@globeandmail;"B.C. budget to focus on challenges of climate change  says finance minister
theglobeandmail.com
B.C. budget to focus on challenges of climate change  says finance minister
B.C. Finance Minister says the province was battered by forces driven by climate change  and also dealing with COVID-19 pandemic and an opioid overdose crisi
5
6
9";6;post_1562
@dylan390y;"Replying to 
@GBNEWS
Here we go  pandemics over  behavioural scientists moving on to terrorise us on climate change and to accept net 0
2
1
43";1;post_1563
@ethanclynne;"BREAKING: In a HUGE blow to Youngkin  Virginia Senate Democrats kill the RGGI repeal bill  which would’ve undone years of progress on fighting climate change
215
4 242
27.7K";4242;post_1564
@GunnelsWarren;"I want cable news to cover the child poverty rate in America going up 41% last month  Starbucks illegally firing pro-union workers  the existential threat of climate change and 745 oligarchs in America becoming $2.1 trillion richer during the pandemic as much as it covers war.
179
5 418
20.3K";5418;post_1565
@ScottAdamsSays;"The guy who called climate change a Chinese hoax would have kept domestic energy production high and put us in a better situation for climate  the economy  and Ukraine. Funny world.
175
739
5 084";739;post_1566
@luisbaram;"The last thing YOU should worry about is climate change.
10
81
388";81;post_1567
@thomas_gaudin;"Even if you don’t care about divesting from fossil fuels because you care about climate change (you should absolutely care about it from this perspective  but beside the point)  current events show just how important fossil fuel divestment is in geopolitics.
3
21
100";21;post_1568
@NanaiaMahuta;"Proud to represent  at the Indo-Pacific forum in Paris. There was a common aspiration to take strategic action and partner for impact on critical priorities. Also pleased to co-chair a global issues roundtable on climate change  biodiversity  health and our oceans. #mahitahi
The following media includes potentially sensitive content. Change settings
View
1
22
99";22;post_1569
@CHIZMAGA;"Why are Liberals so scared of Covid  we’re all dead in 10 years from Climate Change anyways. 
6
50
204";50;post_1570
@yungblackmaoist;"Fight for socialism  fight against climate change!
The following media includes potentially sensitive content. Change settings
View
2
23";2;post_1571
@patgagnon_75;"Dear Canada do you really want the party that voted against recognizing that climate change is real to be entrusted with our overall wellbeing/to be the voice of reason of our entire nation? I don't want anyone including those I disagree with to experience any of that.
23
70";23;post_1572
@TheLastRefuge2;"Western Leaders Blame Russia-Ukraine Conflict for Energy Prices  Deflecting from G7 Build Back Better and Climate Change Agenda
theconservativetreehouse.com
Western Leaders Blame Russia-Ukraine Conflict for Energy Prices  Deflecting From G7 Build Back...
The agenda really is quite transparent when you stop and look at it overall.  Riddle me this… Why would the Biden administration announce yesterday they were cancelling new oil and gas leases if they...
4
61
119";61;post_1573
@Corinacakess;"Is this a joke? 
Republican's platform on climate change:

 ""The weather is always changing.""
7
13
24";13;post_1574
@ominousrabbit = @feistyarmy;"We have to switch to carbon-free renewables so we can shut down the lunatic petro-authoritarians around the world trying to kill us before climate change does.
1
8
26";8;post_1575
@Jess_Panegyres;"Hi friends  bit of personal news. This week I start as Head of Clean Energy Transition at Greenpeace. I’m very excited to work for positive change with the fantastic people at 
@GreenpeaceAP
 & all Australians who want climate action. Farewell to my wonderful colleagues @ AEGN.
23
32
571";32;post_1576
@TricksyRaccoon;"Nothing more colonial than a white British academic telling people in the Global South that's it's too late for them re:climate change and that don't need vaccines.
2
11
61";11;post_1577
@JennMcClellanVA;"Yesterday  
@VASenateDems
 killed House GOP bills to repeal or gut the Virginia Clean Economy Act.

The VCEA took Virginia from the bottom of the pack to a national leader in clean energy. We won't stop working to fight climate change and create clean energy jobs.
16
136
671";136;post_1578
@MAVERIC22440705;"AUS HUGE national debt is  . . . a much bigger problem (NOT challenge HA HA !) for aussies than - Climate Change  COVID-19  Abbo FLAG etc & the sexually confused (LGBTzzzz) ! 
1
5
14";5;post_1579
@svenbiggs;"This year  the impacts of climate change will cost BC billions of dollars – that number is going to spiral out of control unless we take dramatic action to get our emissions under control. Unfortunately  today’s budget still fails to take on the industries driving that crisis.
Quote Tweet
Stand.earth
@standearth
 · Feb 23
BREAKING: @standearth reacts to B.C. climate-focused budget #bcpoli 
https://stand.earth/latest/Canada-climate-energy/canadas-climate-leadership/standearth-reacts-bc-climate-focused-budget…
3
26
54";26;post_1580
@lizgulaz;"I will be moderating a session on #Youth & #ClimateChange set for the 24th of February 2022 at 10:00am CAT. The webinar will be held under the theme: Interrogating how the Zimbabwe Climate Policy and National Climate Change Response Strategy Accelerate Youth Climate Action.
1
6
34";6;post_1581
@vademocrats;"Republicans announced plans to slash hundreds of millions in funding for critical environmental programs. 

Yet Senate Democrats’ budget prioritizes the fight against climate change and makes generational investments to protect and preserve our environment.
10
50
161";50;post_1582
@KetanJ0;"It's wild that  in parts  ""biased in favour of resolving climate change"" is still considered to be ""activist journalism"" or that guests are disqualified on the same grounds. It's less so than it was a decade ago but sometimes I'm reminded that it's still a widespread problem
7
28
190";28;post_1583
@VinnyVinny6644;"You clowns keep pushing this same old BS. 

Global Climate Change is a lie. This is all part of your Communist BS agenda. 
Electric vehicles utilizing lithium ion batteries does more damage to the environment than a diesel truck. 

You idiots cant even manage your water supplies!
Quote Tweet
Gavin Newsom
@GavinNewsom
Governor candidate  CA
 · Feb 22
Thank you  @POTUS!

Lithium Valley could be a huge game changer for the world in the fight against climate change.

This is what a clean energy economy is all about - creating good jobs  advancing economic justice  and manufacturing climate solutions - right here in California. twitter.com/POTUS/status/1…
3
12";3;post_1584
@ezraromero;"Doing some research on race and climate change. I have some ideas  but have any thoughts on anyone dissecting this nexus in the Bay Area?
8
6
20";6;post_1585
@beach_token;" $BEACH 
The circular economy is a systems solution framework that tackles global challenges like climate change  biodiversity loss  waste & pollution
Join $BEACH today
#DeFi #Crypto #NFTs #CircularEconomy #ClimateAction #BlueCarbon #Metaverse
https://buff.ly/3C5tYc6
1
11
23";11;post_1586
@CANPacificIs;"Member of PICAN family  
@MaoniaBelyndar
 asks COP26 President 
@AlokSharma_RDG
 “What is your message to people in the remote island communities of the Pacific who have no idea of COP level discussions  but are battling climate change everyday in their lives?”
#RoadtoCOP27
12
23";12;post_1587
@TahliaJenni;"I’m old enough to remember when CliMate ChanGe meant no rain 
Quote Tweet
Darren
@Daz_boy
 · Feb 22
This is climate change in action  right here in Marrickville Sydney. This took less than 20 minutes of rain to disrupt this whole street.
#ClimateCrisis #ClimateEmergency #ClimateActionNow
Show this thread
0:10
12.5K views
4
2
13";2;post_1588
@VelvetIsCake;"Replying to 
@dreamwastaken
 and 
@tommyinnit
I can’t believe... you saved her... 

I’ve always believed in you and your powers  but now I know my shrine and daily dream worship was not in vain. 

Don’t you see? 

Dream came to save us and use the revive book on earth to stop climate change 

Hallelujah! He has risen! 
156
265
15.5K";265;post_1589
@TransitErwin;"We will never properly address climate change until people internalize that electric vehicles are not a sustainable mode of transportation.
1
4
29";4;post_1590
@AnnaSLangford;"It's going to be a roaster today. How do workers in different industries experience climate change impacts?

If you're a hospo  retail  fast food or health worker  you can take one of our Climate Impacts at Work surveys in the links below to share your experiences.
Quote Tweet
Act on Climate Vic
@ActOnClimateVic
 · Feb 22
ATTN: Hospo  retail and health workers. It's going to be another hot one today. 

We're conducting research with @RMIT and six unions to understand how workers in different industries are already experiencing climate impacts on the job in our Climate Impacts at Work project.
Show this thread
12
12";12;post_1591
@Tristanshouts;"I’m listening to White House press briefing w/ 
@PressSec
 & am horrified at the questions. Reporters are already demanding proof the sanctions—announced just hours ago—will work;asking why Americans should care about Ukraine; & if climate change is still #1 issue even w/RU crisis.
3
10
41";10;post_1592
@DempseyTwo;"Point 11 cont.  I will give Sen Scott credit for admitting the Earth is round.  However  we have global problems such as climate change that I noticed was nowhere in this 11 point summary.  There’s a lot of I got mine so fu€# you in it though.
3
23
100";23;post_1593
@bcndp;" Bold action on climate change
 Reducing child care costs
 Funding housing & tackling homelessness
 Strengthening healthcare

Our BC NDP govt's 2022 budget is about moving forward together to build a stronger BC. Read the full speech:
bcndp.ca
Action today  with a plan for tomorrow: Read the BC budget speech
Tackling climate change  funding childcare  supporting people  and more.
82
23
37";23;post_1594
@JoelMCurzon;"I support the use of nuclear power  because I think we need it if we are going to have any chance of tackling climate change. But calling it “safe and clean” is just B.S. It’s a much better option than fossil fuels  but let’s not pretend it has no risks.
Quote Tweet
Alec Stapp
@AlecStapp
 · Feb 22
Stunning chart here:

Annual change in the number of nuclear reactors in the US

A safe and clean source of baseload energy shriveling up before our eyes
Show this thread
5
2
10";2;post_1595
@IndianapolisZoo;"Commit today to making one simple change to help save wildlife. Whether it's unplugging to combat climate change or skipping plastic straws to reduce pollution  our choices make an impact! Get more examples → http://bit.ly/2VpWpAh #NationalWildlifeDay
3
48";3;post_1596
@JulieESegal;"Canada's financial sector is not doing so hot on climate change. All talk (via net-zero commitments) but no walk (via reductions in real financed emissions). 

Cheers to 
@Woodsideful
 and 
@NatObserver
 for turning that heat back on!
Quote Tweet
John Woodside
@Woodsideful
 · Feb 22
We're launching a new series on @NatObserver called Financing Disaster that is taking a close look at the relationship between fossil fuels and the financial sector. 

This money pipeline is crucial to understanding Canada's awful climate record. 
https://nationalobserver.com/2022/02/22/news/climate-resolution-forces-rbc-reckon-greenwashing…
Show this thread
1
8
27";8;post_1597
@Grumpyoldwombat;"Replying to 
@bill_dobell
 and 
@Daz_boy
Has nothing to do with councils not maintaining storm water drains right? But yeah  climate change. What a load of bullshit.
4
17
52";17;post_1598
@Nadokoulu;"The evidence of the impacts of climate change on health in our small island states is explicit. I echoed these sentiments while opening the Climate Change & Health Workshop at the Pearl Resort this morning. Whilst facilities are vulnerable to storms  Cyclones our people are also.
2
13";2;post_1599
@LuvSustainables;"Frustrated with the Australian government’s inaction on climate change  software king Mike Cannon-Brookes is trying to buy several big coal plants so he can shut them down in favour of renewables.
newscientist.com
Can a tech billionaire squash Australia’s coal industry by buying it? | New Scientist
Frustrated with the Australian government’s inaction on climate change  software king Mike Cannon-Brookes is trying to buy several big coal plants so he can shut them down in favour of renewables
1
5
8";5;post_1600
@marcelo_aizen;"It is not climate change  what is then?  Read it at
https://link.springer.com/article/10.1007/s10841-022-00384-5…

Another 
@EcoPol_Arg
 study led by 
@CaroMorales_eco
 (alias ""Carito"")
link.springer.com
Does climate change influence the current and future projected distribution of an endangered...
Journal of Insect Conservation - Cold-adapted bumblebees are vulnerable to climate change (CC). South American Bombus dahlbomii  the southernmost bumblebee worldwide  has strongly declined since...
13
42";13;post_1601
@UbongAndyUsoro;"Nature is the best architect ever  its beauty is incomperable  elegant and eye catching...
Let's protect nature with all we have.
I am a Climate Change Advocate.
@miketerungwa
 @CCL_Africa
 #ClimateCrisis #ClimateAction #ClimateEmergency #ClimateStrike #ClimateActionNow 
@UNFCCC
2
2";2;post_1602
@Maggie_Hassan;"As climate change threatens NH communities  we must act now to protect future generations. I'm grateful to have the support of 
@NRDC_Action
 – together  we can end tax breaks for Big Oil  address the climate crisis  and build a clean energy future for NH and the country.
Quote Tweet
NRDC Action Fund
@NRDC_Action
 · Feb 22
.@Maggie_Hassan has helped secure funding to get clean drinking water into homes and maintain public lands across New Hampshire. We’re proud to support her re-election as she continues her work to grow the state’s clean energy economy and take on polluting Big Oil companies.
Show this thread
40
23
67";23;post_1603
@lewis_goodall;"Though there are continuities in American foreign policy stretching from Obama to Trump (and before) but 3 massive differences between Biden and Trump which meant those takes were all way off the mark

1) climate change 
2) role of Western alliance
3) rules based order
4
10
100";10;post_1604
@Josie_Osborne;"BC's local governments are on the front lines of the climate emergency  and #Budget2022 supports #localgov as we build on the work we're doing together to take bold actions to fight climate change. Thank you  
@ubcm
 for your advocacy!
Quote Tweet
Gary MacIsaac
@GaryMacIsaac
 · Feb 22
Seeing a significant number of items in today's BC budget that responds to @UBCM advocacy. Emergency preparedness  replacement and enhancement of CARIP funding and rural connectivity and more. Special Compass edition coming this afternoon.
12
22";12;post_1605
@craigtimes;"Hey  remember when 
@SenRickScott
 was #Florida's governor & people would point out evidence that #climate change was happening & he'd say  ""I'm not a scientist""?
Quote Tweet
Adam Weinstein
@AdamWeinstein
 · Feb 22
""The nuclear family is crucial to civilization  it is God's design for humanity  and it must be protected and celebrated. To say otherwise is to deny science.""

Rick Scott's ""Plan to Rescue America"" has a most mysterious understanding of ""science""
Show this thread
4
5
35";5;post_1606
@PeterOB24979769;"Replying to 
@Daz_boy
Climate change?
I prefer the older term.......rain.
1
1
31";1;post_1607
@AkermanisJohn;"Replying to 
@GeraldKutney
I suspect it is the same domestic terrorists that occupied Ottawa are likely climate deniers as well. Their trolls have been working overtime on many fronts. Next protest will be climate change is taking their freedoms away.
#ClimateBrawl #ClimateCrisis #ClimateEmergency
GIF
ALT
2
5
21";5;post_1608
@evansmithhist;"Replying to 
@MatthewBevan
This may be of interest (or not). The Communist Party of Australia's newspaper reporting on climate change in 1939. https://trove.nla.gov.au/newspaper/page/22659942#…
1
13
26";13;post_1609
@Madrabbitohpj;"Replying to 
@EddyJokovich
Friggen amazimg isnt it !
When it comes to climate change  it is a case of we are.such a small country and us reducing will make no difference at all.
As soon as a war starts...cant wait to jump in with our 2 bobs worth !
 "" we punch above our weight we send a signal blah blah
5
17";5;post_1610
@BernWoodsPlacky;"Our changing weather is the primary way that people experience climate change. TV meteorologists are on the front lines  helping communities understand the challenges & solutions.#ClimateMatters 
@CODanSchwartz
 @TheAtlantic
 @KBTXShel
 @JimGandyWX
 @MaibachEd
theatlantic.com
The One Group of People Americans Actually Trust on Climate Science
Local meteorologists are better positioned than anyone else to talk their communities through the facts about climate change.
1
18
56";18;post_1611
@Rob_Fleming;"Budget 2022 makes life better for British Columbians. We're building transit systems  highways  bridges  schools  childcare spaces  and housing that BC needs while supporting bold actions to fight climate change and making life more affordable.
bcbudget.gov.bc.ca
Budget 2022  Stronger Together
Building a stronger B.C. where no one is left behind.
3
10";3;post_1612
@ProfSteveKeen;"Replying to 
@MGSchmelzer
This paper gives a thorough background to how appallingly bad the work of Neoclassical climate change economists has been. They cannot be trusted to give relevant advice on climate change
tandfonline.com
The appallingly bad neoclassical economics of climate change
Forecasts by economists of the economic damage from climate change have been notably sanguine  compared to warnings by scientists about damage to the biosphere. This is because economists made thei...
2
6
22";6;post_1613
@NikkeiAsia;"CLIMATE CHANGE | GREENER SUPPLY CHAINS

From plastic to steel  some of Japan's top makers of industrial materials have ramped up efforts to achieve net-zero carbon dioxide emissions.
asia.nikkei.com
Japan materials makers embrace carbon neutral production
Mitsubishi Chem and Nippon Steel work to slash emissions footprint
8
15";8;post_1614
@HumAdGrp;"Our latest case study with 
@WorldVisionAus
 & 
@AusHPship
 explores climate change adaptation & #DRR integration in  to inform strategies & strengthen community-level outcomes. 

Read: http://ow.ly/u9JI50I1FS1
@CAREAustralia
 @PlanAustralia
 @CaritasAust
 @OxfamAustralia
 @SaveAusNews
4
5";4;post_1615
@womenslibrary;"Come along to 
@womenslibrary
 for a fun  free & collaborative zine making workshop that will allow you to creatively engage with the topic of women & climate change facilitated by students from 
@UofGGUEST
Saturday 12th March  12.30 - 15.30
#zinemaking 
https://womenslibrary.org.uk/event/women-and-climate-change-zine-making-workshop/…
1
9
16";9;post_1616
@MichaelSpring17;"Whenever other countries say “do something about climate change” #ScottyTheAnnouncer says no  we’re not the problem. When it’s in not our problem in Ukraine #ScottyFromPhotoOps says “it is our problem “. Scott really doesn’t know what is in our national interests. #Vote1Labor
18
168
643";168;post_1617
@DarnelSugarfoo;"The damage to the Canadian banking system is permanent. By going along with Trudeau's madness  they have shown Canadian depositors that they live in a country where their money can be seized for dissent  and probably ""climate change."" 

I wouldn't leave a dime in a Canadian bank.
10
84
191";84;post_1618
@BillofRight7;"American politicians blithely throw around the term “existential threat”. Whether it’s climate change or China or Russia or whatever. You know what’s a REAL existential threat? Being a resident of Ukraine today. So pols need to stuff their alarmist statements and get real.
5
7";5;post_1619
@MelanieLatest;"The green dream goes lethal
Through its obsession with “climate change ” the west handed Putin his greatest weapon

https://melaniephillips.substack.com/p/the-green-dream-goes-lethal?utm_source=url…
15
167
321";167;post_1620
@JGademski;"Once the Ukraine Russo war escalates we in Australia will see the green labor dream in action in Europe  no gas  blackouts  starving people  hospitals overrun  except for green leaders and politicians who willed fat and tell us how lucky we are in fighting climate change.
2
6
28";6;post_1621
@NASAJPL;"Do you want to advance Earth science? 
@NASA
 is engaging minority serving institutions with a prize competition that seeks new information technology ideas to address climate change. 

Learn more here: http://go.nasa.gov/3H8aLsN
31
170
1 201";170;post_1622
@JimBair62221006;"Another day  another torrent of red flags on climate change & food security for politicians to ignore as we  destabilize our climate towards conditions as of yet unseen by humankind

“There were whole farms where they just weren’t able to harvest anything”
eastidahonews.com
‘Really tight water year’: Drought  low snowpack may foretell Idaho’s climate future - East Idaho...
BOISE (Idaho Statesman) — Much of Southern Idaho  cut through in scythe-like fashion by the Snake River Plain  relies on the frozen water stored in the state’s mountains to fill its rivers. When...
2
46
66";46;post_1623
@freshprince_iv;"this climate change hitting a lil extra today
2
9";2;post_1624
@UxbEconomist07;"I’m not sure we should worry about this #Ukraine invasion Folks? I mean quite clearly #Russia #China aren’t really important. It’s quite clear to me biggest danger we face is Climate Change! I mean it’s going to be 0.3C cooler by 2100 if we spend $131Tn. Come on!  #NetZero
4
14
34";14;post_1625
@Marcel4Congress;"I am FURIOUS! 
@OlufemiOTaiwo
  a first generation Nigeiran-American  thinks he can tell Black Americans (#Freedmen) what #reparations should be? He wants us to focus on matters like ""climate change"". Get the HELL out of our business if you do not support the PAYMENT we are owed!
26
91
202";91;post_1626
@marieelephant;"yes  there are bigger  more obvious reasons we need to stop climate change  but my personal motivation is to reduce weather-related small talk at work.
2
16";2;post_1627
@raquelbenascop;"Representing Spain in the European school for female leadership in the digital age 
@EuLeadership
  Discussing about tech  policies  climate change and gender with so many amazing and inspiring people! Can't wait for what's next to come #NextGenChangeMakers
5
9
32";9;post_1628
@gvdgoot;"Please RT . Lots of travel is not essential  necessarily  to academic success . In times of climate change let’s rethink our habits
Quote Tweet
Moshe Vardi
@vardi
 · Feb 22
Feynman on academic travel :-)
7
22";7;post_1629
@Doug415510330;"If trump was president today he'd rename the military ""peacekeepers"" have them swear a personal oath to him  then dissolve congress &the electoral system. 

no health care plan  no infrastructure. Massive tax cuts to the already rich to continue.  Climate change is just weather
Quote Tweet
The Guardian
@guardian
 · Feb 23
Australia news live updates: Marise Payne says calling Russian troops peacekeepers is ‘obscene perversion’ https://theguardian.com/australia-news/live/2022/feb/24/australia-news-live-updates-ukraine-russia-coronavirus-covid-omicron-scott-morrison-nsw-victoria-queensland-weather?utm_term=Autofeed&CMP=twt_gu&utm_medium&utm_source=Twitter#Echobox=1645648971…
3
4";3;post_1630
@climaconsensus;"Climate change disproportionately impacts the economically disadvantaged  women  and people of color.
The fight against climate change must also include the fight for climate justice!
#ClimateJustice #ClimateActionNow
earth.org
What is Climate Justice and Why Is It Important? | Earth.Org
Climate justice illuminates the impacts of capitalistism and consumerism on the planet  and how they affect the rich and the poor very differently.
2
5";2;post_1631
@NHCAN4;"ironic that ski mountain owner fails to draw connection between increasingly wipsaw winter weather-- downpours  sixties  and snowfall in a 72 hour span.

donors pay him to look the otherway in face of climate change?
Quote Tweet
Chris Sununu
@GovChrisSununu
 · Feb 23
A bit windy  but it’s a beautiful day at the State House in Concord!

Are you looking forward to snow this Friday? 
1
3
9";3;post_1632
@Ben_Scallan;"If war does kick off I look forward to the government using it as a scapegoat explanation for poor performance. First Brexit filled that role  then Covid  the HSE cyber attack  climate change  etc. - the more disasters the easier it is to explain failure in this or that area.
Quote Tweet
Gavan Reilly
@gavreilly
 · Feb 23
The Taoiseach has asked all Government departments to develop contingency plans in response to the Ukraine/Russia crisis - a move last done in advance of the Brexit referendum  and exceptionally rarely otherwise. Another pessimistic signal from Dublin about the events ahead.
3
4
47";4;post_1633
@clayandbuck;"Peter Doocy Exposes Psaki On Climate Change And Russia
""It is not the case that the biggest threat in #America today is global warming or climate change  right? That's just laughably absurd."" - 
@ClayTravis
 #PeterDoocy #Psaki #ClimateChange
https://clayandbuck.com/peter-doocy-exposes-psaki-on-climate-change-and-russia/…
1
9
35";9;post_1634
@MTabarrok;"If climate scientists spent more time figuring out how to actually control the climate rather than fishing for citations with doomer carbon predictions we could avert climate change and have nice weather all the time.
2
2
15";2;post_1635
@Guerilla_baby;"Michael Cannon-Brookes has dug a pit in front of Scott Morrison  which the PM seems quite happy to step into.
Between them  AGL Energy and the Coalition have been among Australia’s biggest emitters of nonsense about climate change…

The New Daily
thenewdaily.com.au
Alan Kohler: What the AGL takeover bid is all about
Michael Cannon-Brookes has dug an AGL-sized pit in front of Scott Morrison  which the PM seems quite happy to step into over energy transition.
9
17";9;post_1636
@apagut;"I told you. The excuse will be “climate change”
Quote Tweet
TT
@alquemius
 · Feb 24
The EU is looking to ban all crypto that utilizes PoW (Proof of Work) by 2025  under the flag of a  maybe ""valid""  environmental concern.
https://u.today/eu-on-track-to-ban-bitcoin-report…
5
4
22";4;post_1637
@JoePorterUK;" Tonight we've approved our 
@StaffMoorlandDC
 Budget for providing essential services for Staffordshire Moorlands residents at £10.8m for 2022/23. Our sound financial position means we're able to invest in frontline services  climate change  sport & leisure  culture and tourism.
5
4
16";4;post_1638
@Sitdownaj;"This SATURDAY daytime (Time TBC) I am teaching a FREE dance class with an easy to learn  seated routine suitable for dancers of all abilities for 
@BritishRedCross
  - It’s an ‘Ecoreography’ awareness about climate change video that’s fun and I need volunteers. Interested? Pls RT
5
10
17";10;post_1639
@Nate_Manis;"“We need to elect a government that will work to fight climate change  build the homes we need  & bring affordable childcare to Ontario.”
@KotzerJonah
 killed it in his speech to #EglintonLawrence Liberals! So inspired by his vision & priorities for our community.

#EgLaw #onpoli
4
13";4;post_1640
@BuildingBack_US;"The Bipartisan Infrastructure Law's investments in electric vehicle charging stations will help: 

Tackle climate change
Create good-paying union jobs
Prepare us for the future
5
11";5;post_1641
@AsmJoseMedina;"#CALEG update: In my final year in the Assembly  I am leading #20legitems that will help small businesses  housing  climate change  teacher retention  and debt free college. Excited to be back at work! #bills
1
2
16";2;post_1642
@lanapopham;"Our budget is taking action to tackle climate change  strengthen public services  and build on our strengths to prepare us for the challenges and opportunities of tomorrow. Checkout my blogpost below to read about some of the highlights  #bcpoli 

https://saanichsouth.blogspot.com/2022/02/bcs-budget-2022-is-taking-concrete.html…
3
9";3;post_1643
@Lady_Star_Gem;"Snow in L.A. County & unseasonably hot temperatures in N.Y. today

But let's do nothing about climate change amiright 
2
1
29";1;post_1644
@RichardSsuna;"Replying to 
@ECOWARRIORSS
Climate change is real and very dangerous
6
16";6;post_1645
@amyepeden;"Great thread here on our recent state of the art review 
@IP_BMJ
 exploring the links between climate change and #Drowning #OpenAccess
Quote Tweet
Dr Becky Sindall
@BexSindall
 · Feb 23
What does 1.5°C have to do with how many people drown? A whole lot more than you might think as we show in our new paper linking drowning and climate change. Read on for the summary or access the full text here: 1/n https://injuryprevention.bmj.com/content/early/2022/02/22/injuryprev-2021-044486…
Show this thread
1
2
7";2;post_1646
@AmyEPope;"@UNmigration
 works with people displaced by climate change to provide life-saving support  but there is so much more to do to implement sustainable development in this region and prevent future displacement.
5
13";5;post_1647
@PaulEDawson;"I learn so much from reading great books about climate change; if you would like to read more books on climate change and meet up with friends from around the world to discuss on Zoom  consider joining my climate change book club.
Climate Solutions Book Club
Newsletter
·
768 Subscribers
Climate Solutions Book Club
1
8
24";8;post_1648
@UnsilencedOrg;"""The Biden administration is using financial regulation as a weapon to incorporate its 'woke' climate change agenda into banking decisions  according to [Rep. Andy Barr (KY-06)].""
washingtonexaminer.com
GOP lawmaker blasts Biden administration's 'woke' climate finance agenda
The Biden administration is using financial regulation as a weapon to incorporate its ""woke"" climate change agenda into banking decisions  according to a top GOP lawmaker.
3
6";3;post_1649
@JJKALE2;"Replying to 
@ScottMorrisonMP
It's a pity Scott Morrison couldn't act as quick with the vaccine  RAT tests  climate change and everything thing also he has done in responding to Russia!

Call me a skeptic  but its all a distraction for his endless failures.

#Jeff141
1
8
44";8;post_1650
@yalepeabody;"There's still to register for tomorrow's ""New Tools to Fight Climate Change"" Science Café at 4pm!

Don't miss a fascinating conversation between two 
@Yale
 faculty  a chemist and an ecologist  working at the front lines of climate change research:
https://yale.zoom.us/webinar/register/1516443503855/WN_xaPuQtexRFatbJtj1_ZaDw…
3
5";3;post_1651
@ShariBell;"Excellent story by 
@CODanSchwartz
 on the role TV weathercasters play in keeping us informed and safe when it comes to the risks and impacts of climate change. #ClimateMatters 
@ClimateCentral
Quote Tweet
Dan Schwartz
@CODanSchwartz
 · Feb 22
My first feature in @TheAtlantic is out today! What's it about? Some third of American adults don't worry much about climate change---that's about 77 million people  folks---but their local meteorologist can probably make them care. 

https://theatlantic.com/science/archive/2022/02/weatherman-climate-change/621630/…
Show this thread
2
2
6";2;post_1652
@hennyonmylips;"Replying to 
@phylwx
 @NCrosshair
 and 3 others
we’re literally living during one of the biggest mass extinctions in earths history & mfs still deny climate change
2
3
227";3;post_1653
@tariqahmadbt;"An important catch-up 
@UN
 with friends from  to discuss our #Commonwealth and tackling climate change together.
 
The UK is supporting Small Islands Developing States  to enhance their financial resilience to the impacts of climate change.
4
11";4;post_1654
@PaulEDawson;"If you found this thread valuable:

1. Toss me a follow for more threads on climate change.

2. And sign up for my monthly newsletter on climate solutions.
Climate Solutions
Newsletter
·
2 288 Subscribers
Climate change is a big problem  and there is no one single solution. However  the good news is that there are many solutions that  if combined  could solve climate change. Each edition of this...
1
1
16";1;post_1655
@pareetjshah;"Replying to 
@DownerSanderson
 @HFLabour
 and 
@JoannaBiddolph
3000 people out of a population of around 183000...that's not even 2% of the borough's population. 

Serious question though  what's your solution to tackle congestion  road danger  air pollution and climate change?
3
4
21";4;post_1656
@rockinfabblue;"Replying to 
@mirza_sqb
 @OT3_Mix
 and 3 others
Where are they gonna put the drink they already took a couple sips out of during a pandemic? Give it to a stranger?

Also  one person throwing their plastic cup away with a drink in it isn't furthering climate change  it's corporations letting oil leak into bodies of water.
3
1
24";1;post_1657
@ER1CH;"Replying to 
@ER1CH
 and 
@RileyPhotoLDN
Saying many “medical professionals are concerned about this” is just muddying the waters  like climate change denialism does when it says “many scientists don’t believe that global warming is caused by human activity.”
26";;post_1658
@AGavrielatos;"""
@JaneCaro
 speaks passionately about the need for action on climate change  public education and health funding  and gender equality.""
smh.com.au
‘We’re heading in precisely the wrong direction’: Jane Caro chases Senate spot
The feminist commentator  author and former advertising guru will run for the Reason Party in the upcoming federal election.
1
8
16";8;post_1659
@cf75;"Thanks to 
@BenjiBacker
 and 
@vanderbiltlaw
 Professor and #environmental governance expert 
@michaelvandenb6
 on a highly relatable  solution-oriented convo on #climate change. Love the shout out to 
@WalmartInc
 Project Gigaton as model for success. Watch:
youtube.com
Climate Change and Sustainability
Professor Michael Vandenbergh  David Daniels Allen Distinguished Chair in Law  director of the Climate Change Research Network and co-director of the Energy ...
3
9";3;post_1660
@karinkirk_mt;"Replying to 
@GovGianforte
 and 
@montanastate
So  when students & researchers show you how climate change threatens Montana's agriculture  do you tune out  or sing songs in your head  or just nod politely while ignoring them?

There's no evidence that you appreciate research. 
There's lots of evidence you shill for Big Oil.
1
1
18";1;post_1661
@Science_Academy;"IPCC webinar: what policy frameworks are needed to ensure a resilient and prosperous future for Australia? Following the release of the next Intergovernmental Panel on Climate Change (
@IPCC_CH
) report  join our online forum on Tues 1 March at 12pm AEDT.
science.org.au
Climate change impacts  adaptation and vulnerability – IPCC 6th
  View the event recording above.   
1
8
10";8;post_1662
@euronewsgreen;"“Meta keeps claiming it cares about climate change  but they have failed to stop the spread of misinformation about climate change on their platform ” says 
@Imi_Ahmed
.
@CCDHate
 is calling for 
@Meta
 to release data on the effectiveness of its labels. 
euronews.com
Over 50% of posts from climate change deniers not labelled on Facebook
""Meta keeps claiming it cares about climate change  but they have failed to stop the spread of misinformation about climate change on their platform.""
2
6";2;post_1663
@representus;"Walmart  Amazon  AT&T  Uber  and Citigroup have all pledged to reduce emissions and fight climate change — yet they keep donating to politicians who are actively undermining climate policies and regulations.
https://washingtonpost.com/politics/2022/02/23/top-companies-are-undermining-their-climate-pledges-with-political-donations-report-says/… 
@maxinejoselow
 w/ 
@vanessamontzz
 @washingtonpost
washingtonpost.com
Analysis | Top companies are undermining their climate pledges with political donations  report says
Some of the nation's best-known corporations are undermining their promises to slash emissions by donating significant sums to elect Republican attorneys general  who have emerged as frequent...
2
11
10";11;post_1664
@enginyigt;"A scene from a Climate Summit held in Turkey. People seems to celebrate the climate change instead of discussing it. 

Reminder: Real academicians and intellectuals are in prisons in Turkey. 
@UNFCCC
 @ClimateEnvoy
 @ClimateReality
 @ClimateGroup
 @nytclimate
Quote Tweet
Akif Koçak
@kocakiff
 · Feb 23
Konya'da düzenlenen iklim şurasından bir görüntü
Buzullar eriyor aman
Kuraklık da artıyor oh oh
Kalkın oturmaya mı geldik ohohohoh
0:05
4 564 views
1";;post_1665
@KpeibeeS;"Replying to 
@Jnwamson
 @operpetualhelp
 and 10 others
The fight against climate change is a quest for a sustainable environment and a healthy world for everyone.

Enough of pledges!  Now it is the time for everyone to take action.
1
3";1;post_1666
@Liz_Gardiner;"B.C. Ministry of Environment & Climate change: Time to stop the antlerless Whitetail deer general open season - Sign the Petition! https://chng.it/GKLn46g2 via 
@UKChange
change.org
3 932 people signed and won this petition
Time to stop the antlerless Whitetail deer general open season
3
7";3;post_1667
@enginyigt;"A scene from a Climate Summit held in Turkey. People seems to celebrate the climate change instead of discussing it. 

Reminder: Real academicians and intellectuals are in prisons in Turkey. 
@UNFCCC
 @ClimateEnvoy
 @ClimateReality
 @ClimateGroup
 @nytclimate
Quote Tweet
Akif Koçak
@kocakiff
 · Feb 23
Konya'da düzenlenen iklim şurasından bir görüntü
Buzullar eriyor aman
Kuraklık da artıyor oh oh
Kalkın oturmaya mı geldik ohohohoh
4 564 views
0:02 / 0:06
1";;post_1668
@helen;"this headline… the buzzfeedification of climate change
6
53
1 933";53;post_1669
@brihoang;"SF has such a strong history of saying no to freeways and converting roads into parks  even before the implications of climate change were so well known. it is embarrassing how much we have to fight in 2022 for just so little.
3
13
188";13;post_1670
@LeAdderNoire;"World War
Cold War
Ice Age
Ozone Layer
Global Warming
Climate Change
Covid
WWIII

What’s next on the agenda of fear as we march towards global tyranny?
68
39
293";39;post_1671
@LeAdderNoire;"When the sun engulfs the earth and renders it a cinder I’ll accept that climate change is real. Until then shove your ecoloonery and Greta worship up your hoops.
14
32
296";32;post_1672
@BougieBlackGurl;"Wars  climate change  an attempted coup  income inequality  and a pandemic! It feels like we lived through 200 years of world history in two years.
3
44
132";44;post_1673
@careisthekey;"Just wait till the climate change campaign really gets going.
3
13
29";13;post_1674
@shoebil57672266;"Is it only me or do others believe the only nations on the ascendancy are those that don’t pray at the alter of climate change #auspol
2
9
29";9;post_1675
@JamesBradleyCA;"Hey MSM  nevermind #RussiaUkraineWar  what happened to climate change  white supremacy and the pandemic?
3
13
62";13;post_1676
@MTabarrok;"This makes me very sad.
If nuclear had kept on its growth path the world would be so different now. No climate change worries  cheaper faster shipping and energy and much more. Seems far away now.
Quote Tweet
Brian Potter
@_brianpotter
 · Feb 24
Reading a book on shipbuilding published in 1960  apparently at the time folks thought that nuclear-powered ships might become commonplace  and the industry was gearing up to build them:
Show this thread
16
74";16;post_1677
@nickgillespie;"OK  this is the worst take so far today and it's by 
@JohnKerry
  who hopes that fears of climate change will snap Putin into withdrawing from Ukraine.
From 
MEMRI
43
73
264";73;post_1678
@DeeTwoCents;"US: Attacks on trans youth in TX. Don't say gay in FL. Trump being let off the hook in NY? & DOJ? Republicans praising Putin. Police. Voting.
 
Europe: Russians wages war

Africa: War raging in Ethiopia 

World: Pandemic and Climate Change

I can't focus. I feel insane. #WokeAF
11
20
144";20;post_1679
@Sheltieman3;"Let's see if I have this right. Biden shuts down XL pipeline  stops leases on drilling. We are buying millions of barrels of oil from Russia. Prices are going up. 
No fossil fuels for the US because we have to stop the climate change that China  Russia  and India ignore.
Hmmm?
6
7
42";7;post_1680
@scottklogie1;"So when's North Korea invading South Korea and China invading Taiwan?

If they want to fuck the world up after Covid killed millions just go full tilt and get it done with before climate change kills us anyway.

Soz  but my confidence in 'elite' hoomans is at a low lately 
1
2
16";2;post_1681
@TheTyee;"“B.C. is struggling to meet its climate targets  and all the while is logging old growth  subsidizing fossil fuels and generally not tackling the cause of climate change nearly aggressively enough.”

https://thetyee.ca/News/2022/02/24/BC-Budget-Fails-To-Deliver-Climate-Change/?utm_source=twitter&utm_medium=social&utm_content=022422-1&utm_campaign=editorial… #bcpoli
thetyee.ca
BC Budget Fails to Deliver on Climate Change  Say Experts | The Tyee
$1 billion in new climate spending is welcome but falls short of what’s needed  they say.
12
47
101";47;post_1682
@DwTenterden;"There are so many challenges facing the world today. Tackling climate change  poverty  sustainable development all needing urgent global solutions. But today we see revanchism & delusions of imperial grandeur tragically again unleashing war in Europe. #StandWithUkraine
7
8";7;post_1683
@BrianFragaNCR;"My story for 
@NCRonline
""For nearly two hours  Pope Francis listened to Catholic university students from across the Americas who shared with him their personal experiences  insights  frustrations and ideas pertaining to climate change and migration.""
ncronline.org
Pope Francis takes notes during two-hour dialogue with students across the Americas
For nearly two hours on Feb. 24  Pope Francis listened to Catholic university students from across the Americas who shared with him their pers...
3
32
142";32;post_1684
@Byron_Wan;"John Kerry is such a joke! 

Ukrainians are dying and all he cares about is working with Putin to fight climate change?
dailymail.co.uk
John Kerry urges Putin to help fight CLIMATE CHANGE during invasion
President Biden's climate envoy said frozen Russian land is 'thawing' and urged Putin to 'help us to stay on track with respect to what we need to do for the climate.
4
20
35";20;post_1685
@espinsegall;"“A just state is a state that has ample authority to protect the vulnerable from…pandemics  natural disasters  and climate change  and the …corporate power that contributes to these events.” Can’t argue with 
@Vermeullarmine
’s new book about that!
2
8
32";8;post_1686
@Dragofix;"Earth’s coldest forests are shifting northward with climate change #environment #forest #forests #Climate #ClimateChange
sciencedaily.com
Earth’s coldest forests are shifting northward with climate change
New research shows rising temperatures are causing Earth's coldest forests to shift northward  raising concerns about biodiversity  an increased risk of wildfires and mounting impacts of climate...
2
5
8";5;post_1687
@nnp_bc;"The Role of Nursing in Climate Change: Actions for Nurses in a Changing World – Learn more about preparing for climate change events  implementing greener choices & advocating for sustainability: https://nnpbc.com/pdfs/policy-and-advocacy/issues/Role-of-Nursing-in-Climate-Change-Guide.pdf… 
#NursingKnows
9
9";9;post_1688
@pauladobbyn;"The Honoapiilani highway is one of the world's most scenic roadways. It hugs the coast of West Maui  offering motorists stunning views of mountains and the Pacific Ocean. It is critically endangered by #climate change. This story focuses on state plans to address the threats.
Quote Tweet
Honolulu Civil Beat
@CivilBeat
 · Feb 24
The Honoapiilani Highway is the main artery in and out of West Maui and keeping it open is considered crucial for public safety  commerce  tourism and other transportation needs. https://buff.ly/3M9qVWy @pauladobbyn #HInews
1
4
6";4;post_1689
@Bakehouse2016;"If we had not buried our heads in the sand over climate change and had properly invested in home grown green energy  we would not be having an energy crisis now.
#Newsnight
3
4";3;post_1690
@BrenUCSB;"""By better understanding these mechanisms we can better understand the changes due to climate change that we are facing today."" PhD student 
@iso_cali
 presents a short talk at the 2022 PhD Symposium  Fri 2/25 at 1pm PT. Join us online or in Bren Hall 1414. https://bren.ucsb.edu/events/2022-phd-student-symposium…
ALT
4
9";4;post_1691
@NewsHour;"Climate scientists have warned that without steep  immediate reductions in emissions of carbon dioxide and methane  the world will miss its chance to avert the deadliest and most destructive effects of climate change.
pbs.org
Even as calls for climate action grow  actual greenhouse gas emissions higher than official reports
Oil and gas operators in Texas and a dozen other U.S. states have flared  or burned off  at least 3.5 trillion cubic feet of natural gas over much of the last decade  according to an analysis of...
4
21
19";21;post_1692
@stephen17859135;"Replying to 
@prudinx
yeh but this is a long  way from here  we wont have troops involved  theres far more issues here  like debt  rorts  corruption  low pensions  indue card  health  aged care crisis  lies  deceit  climate change inaction  medicare cuts  women  rape protection war wont get votes now.
3
5
15";5;post_1693
@HargreavesBC;"It's time to go beyond social & emotional learning & talk about well-being. Remove tests that cause ill-being. End excess screen-time. Increase learning outdoors. Arouse kids' emotions about peace  democracy  & climate change 
@rweingarten
 @RichLouv
 @facinghistory
 @joelwestheimer
Quote Tweet
NEPC
@NEPCtweet
 · Feb 24
""When it comes down to the quality of our kids’ lives  we need to go all in."" @valeriestrauss @HargreavesBC @dennisshirley https://bit.ly/3BLQNTo
4
20
54";20;post_1694
@WorldBankWater;"Oceans play an integral role in climate change mitigation absorbing

some 23% of human-caused carbon dioxide emissions 
more than 90% of the excess heat created by human-caused greenhouse gases.

Learn more: http://wrld.bg/Q0P750I2VRH #PROBLUE_Oceans
1
13
15";13;post_1695
@great_thunberg;"Climate change drives rise in extreme lake water temperatures
phys.org
Climate change drives rise in extreme lake water temperatures
The world's largest lakes are hit by severe lake heat waves—when water temperatures soar far above normal—six times as frequently as they were about two decades ago  according to a new study. Nearly...
1
5
2";5;post_1696
@askthebugman;"Replying to 
@Kris_Sacrebleu
And we are an Endangered Species. With a worldwide pandemic  and we are destroying the environment by causing climate change and we fight wars. We won’t last much longer unless our children do a better job running the world.
3
7";3;post_1697
@novelteeth;"Replying to 
@kristinadeckert
Hello  I am a multimedia artist & birds are a favorite subject of mine. I think climate change themes would be cathartic to work on. My artwork is more geared toward surrealism/fantasy rather than realism  but I appreciate the consideration. My work email is novelteeth@gmail.com
2
14";2;post_1698
@TheInstituteDH;"Can digital health technology help in the battle to reduce the impacts of climate change on planetary health? An article by A/Prof Zerina Lokmic-Tomkins. 
@AIDH_NaM
 https://bit.ly/3BR8KjK
#digitalhealth
9
10";9;post_1699
@7amkickoff;"Germany shut off their nuclear power and now are dependent on Russian coal  gas  and oil. 

This is the ""acute risk aversion"" problem: humans are highly averse to acute risks even when very clear chronic risks pose a much greater existential threat.

See also: climate change
Quote Tweet
BITCOIN
@Cipherhoodlum
 · Feb 24
Replying to @adam3us @BTC_Proponent and @antoguerrera
In March 2011  an earthquake and tsunami triggered the worst radiation release since the Chernobyl accident in 1986. Unlike other world leaders  Angela Merkel is a trained scientist  with a Ph.D. in physics. She reached the momentous decision to phase out nuclear power by 2022.
1
15";1;post_1700
@C3SolutionsNews;" NEW from 
@ACC_National
: The polling found that only 39% of respondents aged 18-30 approve of the Biden administration’s handling of climate change.
c3newsmag.com
Young Americans Still Searching for Real Climate Leadership  According to New ACC Poll
The American Conservation Coalition (ACC) has released new polling on climate change. “Despite climate policy remaining a divisive topic in Congress  our survey showed that some solutions are hugely...
1
4";1;post_1701
@Sammy_Roth;"Chaser: Fifteen years later  researchers say the Bureau of Reclamation continues to underestimate how much Lake Powell will fall as climate change saps Western water supplies.
coloradosun.com
Federal water projections for Lake Powell and other reservoirs are “too rosy "" new analysis finds
Colorado River researchers found a widely-read study from the Bureau of Reclamation was consistently too optimistic.
2
4
17";4;post_1702
@TheRealNews;"In the face of neoliberal austerity  rabid militarism  and climate change  former UK Labour Party Leader 
@jeremycorbyn
 argues that the left needs to focus on mobilizing communities and thinking globally.
W/ 
@RadDesai
therealnews.com
Jeremy Corbyn: 'The left needs to work on a much more global basis'
In the face of neoliberal austerity  rabid militarism  and climate change  former UK Labour Party Leader Jeremy Corbyn argues that the left needs to focus on mobilizing communities and thinking...
9
17";9;post_1703
@TheUfoJoe;"46 Lue: ""Korean War or Vietnam. They haven't stopped us right now w/Ukraine. They haven't stopped Covid  they haven't stopped global climate change  they haven't stopped global famine. So  to suggest that a UAP may be here for the benefit mankind  that really has yet to be seen.
2
20";;post_1704
@jjhorgan;"As we continue the fight against climate change and build a cleaner  low-carbon economy  this is a critical investment in stronger protection and preparedness for future climate-related disasters.
news.gov.bc.ca
Protecting people  communities from climate-related disasters
Budget 2022 provides more than $2.1 billion to help people recover from the devastating floods and wildfires of last year and to better protect communities against future climate disasters.
25
5
17";5;post_1705
@meganromer;"""Let's use resources to make our infrastructure more resilient to climate change and not do new wars for oil since they make the whole oil thing worse"" 

Oh my GOD you idiot LEFTISTS shouldn't you be REPLACING THE TARP ON YOUR ROOF in preparation for the influx of REFUGEES
1
24";;post_1706
@ninaleejohnson;"Replying to 
@andizeisler
Wow  so the climate change crisis that is the root cause of some of this human suffering will be worsened by the AP selling NFTs  which means more newsworthy photos they can sell and profit off of. This is fine. 
13";;post_1707
@ProfitGreenly;"Replying to 
@AukeHoekstra
I would honestly love it if the mountain ridge I see out my kitchen window had wind turbines on it. Sure they help reduce climate change and the power of antagonistic  murderous petrostates  but on a more primal level they just look cool!
1
17";;post_1708
@bad_takes;"listening to this show is like watching a 60 year old man try to stuff a square peg into a round hole  then calling the round hole ""climate change cultist new green deal socialist democrats."" might as well be 3 hours of him drooling over a mic until it shorts out
1
10";;post_1709
@foe_us;"Facebook failed to label HALF of the climate change denial posts on its platform. 

Despite claims to take action  FB continues to exacerbate the climate crisis by spreading disinformation.
reuters.com
Facebook did not label posts from top climate change deniers  report says
Facebook did not add labels to half of posts pushing content from top climate change deniers  according to an analysis from the Center for Countering Digital Hate.
1
6
9";6;post_1710
@sapinker;"The Climate Game  Think with Pinker. How flaws in the way we think make it harder to tackle climate change. Bill Gates  philanthropist & technologist  and Hannah Fry  mathematician  discuss the psychology of judgement and decision making.
bbc.co.uk
BBC Radio 4 - Think with Pinker  The Climate Game
How flaws in the way we think make it harder to tackle climate change.
1
23";1;post_1711
@KA_Nicholas;"Facts: next #IPCC #ClimateReport launches Mon  Feb 28. It will say: climate change is harming places & life around the world; there are limits to adaptation  beyond that is suffering. I'll answer your climate questions live on March 1 at https://wecanfixit.substack.com.
wecanfixit.substack.com
We Can Fix It
Actionable advice from a climate scientist on facing the climate crisis with facts  feelings  and action. Click to read We Can Fix It  by Kimberly Nicholas  a Substack publication with thousands of...
1
1
8";1;post_1712
@DanRDimicco;"Replying to 
@movement_usa
 and 
@WarrenPlatts
Worrying about Ukraine but not his buddies in China..definitely not serious about ‘Climate Change’ if you let China get away with gaming the climate change issue you are not serious Kerry and they have in every way possible.
2
4";2;post_1713
@AmericanForests;"The impacts of climate change are here — and no one knows this better than America’s forest landowners. A new 
@BPC_Bipartisan
 report provides practical  viable solutions to the barriers that prevent climate-smart practices in forestry #Forests4Climate
americanforests.org
Helping Forest Landowners Lead on Climate Solutions - American Forests
Investing in our forest landowners pays the nation back many times over in diverse environmental  social and economic benefits.
3
10";3;post_1714
@NCRonline;"For nearly two hours Feb. 24  the pope listened to Catholic university students from across the Americas  as they shared personal experiences  insights  frustrations and ideas pertaining to climate change and migration.
@brianfraga
 @brianroewe
ncronline.org
Pope Francis takes notes during two-hour dialogue with students across the Americas
For nearly two hours on Feb. 24  Pope Francis listened to Catholic university students from across the Americas who shared with him their pers...
1
2
13";2;post_1715
@DanRDimicco;"Worrying about Ukraine but not his buddies in China..definitely not serious about ‘Climate Change’ if you let China get away with gaming the climate change issue you are not serious Kerry and they have in every way possible.
Quote Tweet
TheMovementUSA Join Gab.com
@movement_usa
 · Feb 25
Replying to @DanRDimicco and @WarrenPlatts
Do these people live in some other world?  Simply bizarre.  And now Kerry is worried about how Ukraine will effect the climate crisis  I am becoming convinced the Left lives in some alternative delusional world.
1
2";1;post_1716
@zbris6;"My kid - like thousands of others - started her teens with a Brexit she didn’t get any say in and is finishing them with a potential world war  plus she’d a deadly global pandemic shoved in the middle. All underscored by climate change. It’s all heavy and it’s shaping them.
94
611
3 190";611;post_1717
@LoveHerMo;"The global climate change issue is suspended until the war ends in Ukraine.
40
52
247";52;post_1718
@dubsndoo;"John Kerry just said we shouldn’t let the war in Ukraine distract us from the fight against climate change. The current recognition that everyone needs them and wants fossil fuels should send Kerry a clear message. The climate change scam is about to come crashing down
24
92
362";92;post_1719
@GideonSpevak;"We should boycott Russian oil. Actually  the only country’s oil we shouldn’t boycott is our own. 

We should be the top oil producer in the world.

The fact is  no country is going to stop producing oil due to climate change  and neither should we.

#cdnpoli #BoycottRussia
4
11";4;post_1720
@WRAMckay;"""Yeah I think the goverments lying about covid and climate change and they're probably controlled by a sinister cabal of creepy old banker guys BUT this war in Ukraine seems totally legit to me  they wouldn't lie about that!!"" - There are some confused people out there.
1
5
40";5;post_1721
@UN_Women;"1 in 3 women experience violence in their lifetime. 

A failure to end violence against women poses a risk to climate change mitigation  adaptation & resilience. 

We cannot address the climate crisis without ending violence against women. #SDGs #OrangeDay
unwomen.org
UNiTE by 2030 to End Violence against Women campaign
The UN Secretary-General’s UNiTE by 2030 to End Violence against Women Campaign (UNiTE Campaign)  managed by UN Women  is a multi-year effort aimed at preventing and eliminating violence against...
26
121
228";121;post_1722
@SandyForLiberty;"Biden cancels the Keystone pipeline. Supported the Russian pipeline and started buying from Russia.  

Now Biden pauses new oil and gas leases amid legal battle over cost of climate change as Russia invades Ukraine. 

#BidenIsADisgrace    #BidenIsARusianAsset
2
16
20";16;post_1723
@Almagro_OEA2015;"Countries of the Americas face four existential threats: climate change  security – violent death  corruption  and dictatorship. The path forward is multilateralism  democracy  and better governance. 
My words at Yale’s “Latin American Policy Speaker Series.” (1/3)
6:54
4 318 views
9
25
45";25;post_1724
@EarlWeeks6;"I’m at my wit’s end too  Matt Walsh.  Kerry laments the focus on war  instead of climate change & Joy Behar is so old she may never see Venice because Of war in Europe.  The Ukrainians could just stop dying so the more important problems can be solved.  Is that too much to ask?
Quote Tweet
Matt Walsh
@MattWalshBlog
 · Feb 25
We’ve thrown everything we have at Putin: 

-A celebrity recited a poem

-John Kerry warned that war will cause more global warming 

-Joy Behar announced that she needs the conflict to end so that she can vacation in Italy

If these measures don’t work  what else can we do?
3
10";3;post_1725
@tms_s14;"The emperor STILL has no clothes.National Security champion is SloMo’s latest pretend role but he never performs on anything
No bushfire money
No submarines
No ICAC
No RATs
No action on climate change 
No change women’s rights at work
#auspol #CallTheElectionDickhead #AusPol2022
Quote Tweet
Bee
@BelindaJones68
 · Feb 25
Morrison has been very quiet about India failing to condemn Putin's invasion of Ukraine.

He was quick to condemn China  but not India?

Hmmm

Morrison reckons he's good mates with PM Modi  but clearly they're not both on the same page on this issue 'eh?

#auspol #insiders
3
7";3;post_1726
@shermanpeppers1;"Replying to 
@eugene_finkel
Beautifully written. Even as an American I feel responsible. We(because of climate change madness) import tons of oil from Russia. It is insanity. We can produce our own. And we could supply Europe with natural gas and not make them dependent on Russia. We are all culpable
2
27";;post_1727
@alyssaaroberts;"Transportation Secretary Pete Buttigeig  senators Bennet and Hickenlooper talked climate change during visit to Glenwood Canyon 
postindependent.com
Transportation Secretary Pete Buttigieg  senators Bennet and Hickenlooper talked climate change...
U.S. Secretary of Transportation Pete Buttegieg’s visit to Glenwood Canyon Friday morning triggered plenty of focus on how lawmakers can help prevent future disasters like 2020’s Grizzly Creek Fire —...
3
14";3;post_1728
@dropoutninja;"the universe said

""have a war
inside
a pandemic
inside
a climate change crisis""

an apocalypse within an apocalypse within an apocalypse

apocalyptic nesting dolls  as it were
1
3
12";3;post_1729
@RayDubicki;"If your current planning and zoning is based on 20 year old documents that mention “business climate” more than “climate change ” it’s time to reconsider the basis for your city’s policies.
theurbanist.org
Neighborhood Plans are High Minded Gatekeeping
Having attended a number of community meetings around Seattle  I can say that there are few things worse than watching a newcomer with ideas get shut down for not having done the reading. Oh  you d…
8
28";8;post_1730
@ProjectVirginia;"The leftist crusade against energy independence in the name of ""climate change"" has come home to roost

everyone needs Russian oil and gas now and nobody has any real leverage
7
28";7;post_1731
@704afge;"Climate change is a slippery slope. That’s why Michigan ski resorts are embracing new ways to make winter more “green.” #ClimateFriday
secondwavemedia.com
Michigan ski areas embrace ""green""
4
4";4;post_1732
@LifeguardsWB;"Call for presenters (5 min online pitch presentations) - Impact of Climate Change on Drowning - Setting The Research Agenda. - Or join us in person in Waterford  Ireland. We hope to hear from ALL sectors  not just resuscitation science.
idra.world
Impact of Climate Change on Drowning: Setting the research agenda
3
4";3;post_1733
@samuelsandoval;"Suelos  Ecología Política y Agua  what a great conversation with 
@aaberhe
 about soils  climate change  the hostile obstacle course and more! What a pleasure learning from her
Quote Tweet
Water Talk
@podcast_water
 · Feb 25
We were honored to talk with @aaberhe @ucmerced about her work as a soil scientist and political ecologist. Trust us when when we say this is an episode you don't want to miss! Subscribe and download where you get podcasts or listen at http://watertalkpodcast.com.
ALT
2
9
17";9;post_1734
@bramaccimmyt;"It was a pleasure to discuss #MaizeforColombia and agricultural research priorities in the midst of a climate change reality with 
@ZeaNavarro
  Minister of Agriculture of Colombia.
4
16";4;post_1735
@DoctorKarl;"Ignore the Doomism by Big Fossil Fuel. It’s still not too late. We can reverse rising CO2 levels & Climate Change with today’s technologies 
@MichaelEMann
 @KHayhoe
Quote Tweet
Covering Climate Now
@CoveringClimate
 · Feb 26
A revision of climate science buried in the last IPCC climate report finds that global temperatures can be reduced faster than we thought. Read the op-ed by @markhertsgaard
@SaleemulHuq and @MichaelEMann https://washingtonpost.com/outlook/2022/02/23/warming-timeline-carbon-budget-climate-science/…
Show this thread
3
43
179";43;post_1736
@Gizmodo;"Vatican Calls for a 'Cultural Revolution' to Fight Climate Change http://dlvr.it/SKgQMc
2
13
41";13;post_1737
@AundreBum;"“We have a lot of work to do to address the rising cost of living  tackle climate change and support our small businesses while attracting new ones to this beautiful and diverse area that I am proud to have called home my entire life ” Bumgardner said.
theday.com
Bumgardner announces he will run for 41st House District seat
Groton — Town Councilor Aundré Bumgardner announced he will again run for the state House seat he won at age 20 as a Republican — the youngest person elected to the General Assembly — but this...
1
6
8";6;post_1738
@SumMatch;"Replying to 
@Havenaar64
The next move of Putin may be Crypto Currency  to hold the US dollar to ransom  to control too hard sanctions. China has a Partnership without limits with him.
Congratulations to the ones that  weakened the west by supporting Climate Change  Woke trans identity and all that crap
2
6";2;post_1739
@uvaair1;"Replying to 
@firastopher
maybe I missed something  but I’m pretty sure COVID k!lled every demographic of person. also pretty sure the effects of climate change can penetrate any tax bracket  and that 9/11 affected nearly every American. these are also historic events everyone’s talking about.
15
9
107";9;post_1740
@sierraclubmd;"Happening now! Hearing on HB 829  the Zero-Emission Truck Act sponsored by 
@SaraLove4MD
. By
accelerating the electrification of trucks & school buses  this bill would help combat pollution that makes us sick and contributes to climate change. #CleanTrucksMD #MDGA22
ALT
1
5
12";5;post_1741
@ConversationEDU;"For many years  scientists believed southern Tasmania's forests had a reasonable buffer of safety from climate change  due to the cool  moist environment.

Unfortunately  new 
@UTAS_
 research shows they're closer to the edge than was hoped.
theconversation.com
In heatwave conditions  Tasmania’s tall eucalypt forests no longer absorb carbon
Southern Tasmania’s cool climate was thought to be a climate refuge for tall forests. But that may no longer be true.
16
21";16;post_1742
@MikeNelson247;"Climate Change & Wildfires! Hear the segment I did featured on Colorado Public Radio.
https://cpr.org/show-segment/the-convergence-of-weather-climate-and-wildfire-risk/…
@DenverChannel
 @NWSBoulder
 @ametsoc
 @CPRNews
 @ClimateCentral
 @CC_Yale
 #climatechange #globalwarming #cowx #MarshallFire #Colorado
13
25";13;post_1743
@blberridge;"Replying to 
@1ittlesanctuary
 @BorisJohnson
 and 
@RishiSunak
It will have something to do with the obsession we have for climate change thankfully Boris is being encouraged to start fracking & produce our own oil & unlimited supply of gas again  it’s quite disturbing when you consider Germany are still mining coal.
2
29";2;post_1744
@markoftheD;"Climate change: Covid shutdown linked to record rainfall in China.
bbc.co.uk
Climate change: Covid shutdown linked to record rainfall in China
An abrupt drop in emissions due to the pandemic played a key role in record rainfall in China in 2020.
5";;post_1745
@tan123;"Climate cultist 
@SenatorBennet
: “..fires that are happening here aren’t happening by accident  the mudslides aren’t happening by accident  floods aren’t happening by accident..This is a result of climate change  & it’s affecting our economy dramatically”
postindependent.com
Transportation Secretary Pete Buttigieg  senators Bennet and Hickenlooper talked climate change...
U.S. Secretary of Transportation Pete Buttegieg’s visit to Glenwood Canyon Friday morning triggered plenty of focus on how lawmakers can help prevent future disasters like 2020’s Grizzly Creek Fire —...
2
6
8";6;post_1746
@KITV4;"Two Chaminade students got to meet with Pope Francis on February 25  2022  via a Zoom call.  The conversation focused on pressing contemporary topics such as immigration  climate change  and global events.  https://kitv.com/news/local/two-chaminade-students-participate-in-zoom-discussion-with-pope-francis/article_7700d226-9688-11ec-b06e-335b760fa75d.html?utm_medium=social&utm_source=twitter_KITV4…
1
2
6";2;post_1747
@RyanMaue;"Biden admin pauses new oil and gas leases amid legal battle over consideration of climate change in permitting decisions. 

2 weeks ago  a Louisiana Federal judge issued an injunction against new rules implemented via executive order in late Jan 2021.
cnbc.com
Biden pauses new oil and gas leases amid legal battle over cost of climate change
The leasing pause comes after a Louisiana federal judge blocked officials from using higher cost estimates of climate change.
2
9
11";9;post_1748
@AspenInstitute;"Climate change is society's biggest challenge! We all need to work together and find real solutions to combat it. Apply now for 
@AspenPolicyHub
& 
@AIEnvironment
’s 2022 #AspenClimateCohort.  More here: http://aspentechpolicyhub.org/climate/
5
9";5;post_1749
@R6Rider;"Replying to 
@jaketropolis
 @postingtwink
 and 2 others
yeah  but nuclear annihilation would stop climate change so whose to say if it’s good or not
1
1
45";1;post_1750
@mindymayhem;"Replying to 
@socialiststeve6
 and 
@TimOnTheTractor
Not really. But mostly because there simply is no hope for the human race  anyway. Climate change is unstoppable at this point.
2
11";;post_1751
@maryannehitt;".
@brucenilles
 on why building new US gas export facilities won't help in Ukraine crisis: “It takes 4 years & exacerbates the other crisis facing Europe & the globe  which is climate change. Let’s do everything we can as Americans to help Europe solve both.”
washingtonpost.com
How the invasion of Ukraine scrambles American energy politics
President Biden will be forced to balance fixes with ambitious plans to fight climate change.
7
14";7;post_1752
@CityLab;"More than 126 000 commercial buildings in London are at risk from flash flooding.

Climate change will heighten that threat (via 
@climate
)
bloomberg.com
Flash Flooding Threatens Over Two-Fifths of London’s Businesses
More than 126 000 commercial buildings in London are at risk from flash flooding. Climate change will heighten that threat.
1
4
6";4;post_1753
@HollyConrad;"Replying to 
@notadocmartin
DONT FORGET CLIMATE CHANGE  AND WARS! NOPE! NO LIKE INTER NET BAD LADY BAD
65";;post_1754
@Artoria2e5;"Replying to 
@goldjadeocean
 @shkhill71
 and 
@pervocracy
with climate change doing its thing  we’ve seen ticks moving north already — so tropical illness shots might not be that far a stretch?

… right now it could also end in a nuclear winter though
12";;post_1755
@BelferCenter;"March 10: Join U.S. Congressman 
@RepGarretGraves
  who represents the 6th congressional district of Louisiana and serves as the Ranking Member of the Select Committee on the Climate Crisis  for a conversation on climate change policy. With 
@RobertStavins
.
belfercenter.org
U.S. Climate Change Policy in an Era of Political Polarization | Belfer Center for Science and...
Speaker: The Honorable Garret Graves   U.S. Congressman  R-LA-06 U.S. Congressman Garret Graves represents the 6th congressional district of Louisiana  is the Ranking Member of the Select Committee...
3
3";3;post_1756
@chinremoval;"In the next 5-10 years as climate change worsens  we will see more people being displaced from their countries as well. These conversations about the treatment of black and brown refugees need to happen NOW. Because we are obviously seeing whose lives are valued more than others
5
494
1 466";494;post_1757
@s4m31p4n;"Climate change is so scary
11
11
303";11;post_1758
@SolidRedPeon;"Joes on vacation AGAIN!! The UN is silent. One might think this invasion is exactly what they wanted. The entire climate change crowd was working for Putin. Remember Sierra Club openly ADMITTED Putin financed their war on our oil n gas industry. This was the end game
2
25
36";25;post_1759
@TullimonstrumC;"It's fun to remind global warming climate change hysterians that the USA accounts for only 11% of global emissions.
3
10
33";10;post_1760
@climatecouncil;"Our thoughts are with communities affected by the floods. 

Unfortunately  periods of intense rainfall are becoming more powerful as climate change accelerates. 

We need urgent  deep  emissions cuts this decade to limit warming any further. Every fraction of a degree counts.
16
175
260";175;post_1761
@KeillerDon;"Coral reefs. Not in danger from climate change.
https://wattsupwiththat.com/2022/02/26/one-new-coral-reef-study-wipes-out-four-climate-alarm-narratives-in-one-fell-swoop/…
1
25
46";25;post_1762
@Sicilian1926;"Ukraine  Afghanistan  gasoline prices  the border  overall inflation  interest rate hikes  1 million COVID deaths  vaccine mandates  Keystone Pipeline  Iran deal  Nord Stream 2 approval  climate change  supply chain disruption  and loss of freedom.  Another banner Biden year...
1
24
34";24;post_1763
@XanacrustX;"The Feds want to inflate the cost of electricity for you guessed it  to fight climate change.
7
7
41";7;post_1764
@Hrdrockindude;"Now that the world  is on the brink of WW3  we don’t hear too much about racism and climate change do we? Maybe  it’s a good trade off…
6
8
41";8;post_1765
@ProfPCDoherty;"#Insiders Talking about climate change  no matter what we do now what will inevitably happen  as serious military analysts have long told us  have long-term implications for our security and defense spending. Those politicians who refuse to tackle this are living a fantasy.
12
81
306";81;post_1766
@Veritatem2021;"The idea that humans can control climate change is delusional nonsense. 

Humans must adapt to climate change.
Quote Tweet
James Abbott
@JamesAbbott2013
 · Feb 27
Replying to @seanjor1 @anthea_bailey and @Veritatem2021
CO2 will not fall to 150ppm. Pre-industrial was 280ppm. We are now at 420ppm. What the levels are in glasshouses not relevant to global climate.
1
8
28";8;post_1767
@nywolforg;"Yellowstone wolves appear to be adapting to climate change.
A new study found that decreased snow fall + rising temps limit optimal feeding opportunities for wolves + could be resulting in more scavenging behaviors +/or the consumption of smaller animals.
newsweek.com
Yellowstone wolves appear to be adapting to climate change
A study comparing present-day wolves in Yellowstone with Alaskan wolves 50 years ago suggests their behavior and feeding habits may be changing.
9
164
774";164;post_1768
@GeraldKutney;"ICYMI - Climate Deniers:

I don't care what you have to say about the science of climate change ...

No one cares ...

And science  especially  does not care ...

So  you are just babbling to each other ...

ENJOY

#ClimateCrisis #ClimateEmergency #ClimateBrawl
4
15
35";15;post_1769
@kemi_akapo;"As with so many things  the contributions of Black people with respect to conservation and the fight against climate change has been erased. Environmental racism is real and we see it happening here in Canada. Thank you to 
@KLTptbo
 for organizing this educational walk today.
1
3
33";3;post_1770
@RageSheen;"Some conservatives say technology will fix climate change. They say the same thing about ending wars. And yet despite the overwhelming technological might of Western powers  when was the last time we won a war? Kuwait? A triviality in military terms. Anything else post WW2? /1
5
6
42";6;post_1771
@TheAusInstitute;"""We all have that internal conflict. 'I want to save the world  but I want my coal barbecue  but I like my V8.'

""How do you solve climate change with that unique Australianness?  It's already happening.""

- 
@GriffithSaul
 

Full Webinar here: https://australiainstitute.org.au/event/the-big-switch-with-saul-griffith/…
8
45
101";45;post_1772
@tarahaelle;"The white around all of it is climate change.
Quote Tweet
Tara Haelle
@tarahaelle
 · Feb 25
How y’all doing out there?
(If you’re totally ok  I’m actually kinda worried about you.)
1
9
63";9;post_1773
@tanjamaier17;"I am so relieved Germany lost patience and decided to end this war so it can go back to mundane German things like fighting climate change one autobahn at a time  debating the fair price for vegan sausages  and the frauenquote. Danke  Deutschland. Really. You got there.
2
7
79";7;post_1774
@Jasmine21021;"I'm sure it was because of climate change lol 
Quote Tweet
Vice President Kamala Harris
@VP
United States government official
 · Feb 26
Trayvon Martin’s death ten years ago sparked a movement. Since then  we have watched too many others die. We have called their names. We have embraced their families. We have worked for justice—and still do—because their lives matter.
1
2
5";2;post_1775
@MiroKorenha;"During this time of gut wrenching war and turmoil  we have to find a way to keep elevating science and acting on climate change. 

The newest IPCC report will be released on Monday  I hope media outlets will find time to cover it.
Quote Tweet
Dr Lisa Schipper
@schipper_lisa
 · Feb 26
The #IPCC #WGII authors have finished their work. The text has been approved by member governments. 

The final approval of the WGII report on 'Impacts  Adaptation and Vulnerability' for #AR6 is expected early Sunday morning UTC  with final release on Monday 28 Feb at 11 UTC.
Show this thread
1
11
39";11;post_1776
@bkbaguley;"Bushfires are predicted to increase 60% by mid century..due to climate change.
Yet the LNP blamed everything but that in 2019 - from exploding manure to firebugs.
Morrison always maintained it wasn't the time to talk about it.
Well..is now the time to talk about climate change??
3
8";3;post_1777
@MoveTheWorldUS;"It’s no secret that tigers are beautiful animals—but did you know that  due to increased hunting  poaching  and climate change  there are currently more tigers living in captivity in the US than remain in the wild?
2
26
50";26;post_1778
@iMusing;"yes world news did crowd out domestic issues this week says Speers  of decisions made by journalists and editors and newsroom bosses. Another clip of Morrison shouting his pro-oligarch anti-science stance on climate change. #Insiders
1
11
103";11;post_1779
@jmskyblue;"Congratulations Jimin 
#JiminMostLovedIdol2021
JIMIN JIMIN PARK JIMIN 
#JIMIN #방탄소년단지민

Climate Change  Most Handsome Actor  Most Loved K-pop Idol Cover The Netizens Report Serial
digitaljournal.com
Climate Change  Most Handsome Actor  Most Loved K-pop Idol Cover The Netizens Report Serial
Climate Change  Most Handsome Actor  Most Loved K-pop Idol Cover The Netizens Report December Issue There are lots of intriguing titles and takeaways from the current instalment of The Netizens...
11
28";11;post_1780
@Reuters;"ICYMI: Britain plans to boost investments in renewable and climate change projects in Nigeria  Minister for Africa Vicky Ford said on her first trip to the country https://reut.rs/3JLRuii
8
13
64";13;post_1781
@pmagn;"Cities are abandoning homes that will be destroyed by climate change

Grand Forks  B.C.  among those adopting 'managed retreat' — moving people  infrastructure to mitigate damage #AbruptClimateChange
cbc.ca
Cities are abandoning homes that will be destroyed by climate change | CBC News
Grand Forks  B.C.  plans to demolish most homes in the North Ruckle neighbourhood by the end of April 2022  allowing much of the area to return to natural floodplain and wetland.
1
6
12";6;post_1782
@Doranimated;"“John Kerry frets that Russian brutality will distract from climate change. His comments aren’t a gaffe—they reveal the Biden Administration’s climate obsession that has made Putin more powerful.”
wsj.com
Opinion | John Kerry’s Ukraine Emissions
He frets that Russian brutality will distract from climate change.
22
51
123";51;post_1783
@NukeSpaceCadet;"Wtf. The 
@NRCgov
 needs to get their act together. First rejecting Oklo's license application  now this. It's like they're actively trying to make climate change worse. God help us.
Quote Tweet
Adam Stein
@Dr_A_Stein
 · Feb 26
US @NRCgov orders a halt to subsequent license renewals to 80 years. Premature closure of nuclear power plants would be a huge blow to achieving climate goals. The news articles get a lot wrong and contain a lot of opinions  so we wrote an accurate post. https://thebreakthrough.org/blog/blog-nrc-revises-previously-issued-subsequent-license-renewal-for-existing-nuclear-power-plants…
Show this thread
2
12";2;post_1784
@RichieMerzian;"This is as refreshing as it gets when it comes to climate change 

How do you get Aussies on board with change in a way that works for them - BBQs  big houses  fast cars and fancy cooktops 

Saul Griffith 
@RewiringAus
 explores it in 
@TheAusInstitute
 webinar

#auspol #insiders
Quote Tweet
Australia Institute
@TheAusInstitute
 · Feb 26
""We all have that internal conflict. 'I want to save the world  but I want my coal barbecue  but I like my V8.'

""How do you solve climate change with that unique Australianness?  It's already happening.""

- @GriffithSaul 

Full Webinar here: https://australiainstitute.org.au/event/the-big-switch-with-saul-griffith/…
6
18
61";18;post_1785
@milneorchid;"How to defeat both Putin and Climate Change at the same time.
theguardian.com
This is how we defeat Putin and other petrostate autocrats | Bill McKibben
After Hitler invaded the Sudetenland  America turned its industrial prowess to building tanks  bombers and destroyers. Now  we must respond with renewables
9
15";9;post_1786
@Kolostel;"Replying to 
@ScarabOfficial
 and 
@ReutersWorld
You can stop russia from making Chernobyl 2 before you can stop climate change from doing the same
2
2
24";2;post_1787
@Lunch77Beatz;"Replying to 
@ElsienotElisee
Wasn’t she speaking out against Climate Change recently?
1
1
48";1;post_1788
@unfoundation;"""Every day  we are being affected  impacted  by some form of climate change.""

Hear from #climate activist 
@Jeo758
 about what the 
@IPCC_CH
's upcoming adaptation report means for the future—especially for young people. #SayItWithScience
1
2
7";2;post_1789
@Telegraph;" Crippling climate change levies are forcing Britain’s steelmakers to cut production after a doubling in the cost of carbon emissions in just nine months
telegraph.co.uk
Britain's steel industry hammered by climate change taxes
Record carbon prices means industry is finding it 'all but impossible' to take on competitors
4
14
23";14;post_1790
@SustainableSong;"Replying to 
@maxfawcett
If your business advertises that your snake oil cures cancer  it's legally actionable  but if your political party advertises that climate change isn't real  it's unquestioningly protected. Our fundamental problem here is that political speech is subject to zero fact checking.
1
4
15";4;post_1791
@Franktmcveety;"So regular erosion and weathering no longer exists ? Oh it’s the new special  language of the govt . When it rains and snows it’s called climate change ?  
@FriendsOScience
calgary.ctvnews.ca
Climate change prompts removal of historic site in Banff National Park
A national historic site in Banff National Park that was built 100 years ago will be taken apart this spring because of climate change.
1
6
21";6;post_1792
@BLeeForCongress;"Climate change is destroying economies and quality of life in the U.S. and across the world. We must do our part to combat climate change and preserve the world for future generations.
nytimes.com
Opinion | Postcards From a World on Fire
These 193 stories show the reality of climate change. In every country in the world.
6
8
19";8;post_1793
@FedUpWithBadAir;"Replying to 
@Energex
 and 
@GympieRegion
""The Mary River is at levels not seen for decades""

Expect more of it due to climate change  which the current Australian government seems uninterested in addressing.

Be safe everyone.
5
16";5;post_1794
@thesecondsingle;"Replying to 
@JimJarmuschHair
This is the same reaction he gave when Jonah Hill brought up climate change a few weeks ago
1
427";1;post_1795
@EarthOxx;"Conservatives are using the situation in Ukraine to promote the energy industry  as they do at every opportunity  to the detriment of any mitigation of climate change effects.
War is going to be bad for the climate. 
Albertans are clamoring for elimination of carbon tax because..
4
3
13";3;post_1796
@wrtv;"President Biden’s office says Terry Goodin and other regional appointees will be critical to the president’s efforts to rebuild communities most impacted by the pandemic  the economic recovery  and climate change.
wrtv.com
Biden names ex-Rep. Goodin to USDA rural development post
President Joe Biden has appointed former Indiana state Rep. Terry Goodin to be the USDA’s state director for rural development.
4
6";4;post_1797
@WineEnthusiast;"While abv is ticking up across the globe due to climate change  2017 marked a turning point in Montalcino.

: 
@KerinOKeefe
winemag.com
Brunello 2017 Report: Concentration  High Alcohol and Some Shining Stars
From one of the hottest  driest years comes an array of wines of varying quality. Learn how to find the best Brunello from the 2017 vintage.
5
13";5;post_1798
@CanGeo;"How Indigenous conservationists are tracking the impact of climate change on the boreal soundscape.

By: 
@bwithrow
canadiangeographic.ca
Vanishing birdsong: How climate change is altering Canada’s soundscape
Indigenous conservationists are listening in to track the impacts of climate change on the boreal forest
3
5";3;post_1799
@CanGeo;"CanGeo & the 
@RCGS_SGRC
 are proud partners of Canada’s National Geospatial Conference. GeoIgnite is a free virtual event related to climate change.
Register and join us March 1-3! http://wintergeo.com
#GeoIgnite #WinterGeo
@Maxar
 @planet
 @MDA_space
 @sparkgeo
 @SafeGraph
6
12";6;post_1800
@technology;"African countries such as Ethiopia that contribute the least to global greenhouse-gas emissions are already spending billions a year dealing with the impact of climate change (via 
@climate
)
bloomberg.com
African Countries Forced to Spend Billions on Climate Adaptation
African countries such as Ethiopia that contribute the least to global greenhouse-gas emissions  are already spending billions of dollars a year dealing with the impact of climate change  according...
5
7";5;post_1801
@representus;"Walmart  Amazon  AT&T  Uber  and Citigroup have all pledged to reduce emissions and fight climate change — yet they keep donating to politicians who are actively undermining climate policies and regulations.
https://washingtonpost.com/politics/2022/02/23/top-companies-are-undermining-their-climate-pledges-with-political-donations-report-says/… 
@maxinejoselow
 w/ 
@vanessamontzz
 @washingtonpost
washingtonpost.com
Analysis | Top companies are undermining their climate pledges with political donations  report says
Some of the nation's best-known corporations are undermining their promises to slash emissions by donating significant sums to elect Republican attorneys general  who have emerged as frequent...
1
10
8";10;post_1802
@JudieHall9;"So producing oil and gas in the US will contribute to climate change and will certainly kill us all but if Brandon buys it from Russia we’re all good?
426
2 696
7 039";2696;post_1803
@SueHigginson_;"In Lismore we have done floods for ever. This is not a flood - this is catastrophic. This is extreme. This is climate change. Lismore needs back up. People are on and in their roof some are screaming for their lives and water is still rising. Friends are rescuing friends.
163
1 893
4 378";1893;post_1804
@ZLabe;"It's the end of the month  so it's time to share this important graph again. The running means are computed through January 2022 showing global climate variability (bumps) & forced long-term warming (trend  human-caused climate change).

+ Graph by http://columbia.edu/~mhs119/Temperature/…
ALT
3
53
109";53;post_1805
@pedrojuk;"German Greens smelling the coffee and reversing that country's ideology-driven nuclear phase-out would be the single most effective act against European energy insecurity AND climate change. Bring it on!
Quote Tweet
Ajit Niranjan
@NiranjanAjit
 · Feb 27
germany's economy and climate minister  from the anti-nuclear green party  says the country's remaining nuclear plants are too far into the phase-out to be used next winter but that he wouldn't ""ideologically reject"" the question of their extension
Show this thread
13
32";13;post_1806
@QLDConservation;"A question? Which political leaders are acknowledging floods will be more severe due to climate change. The science is clear.  Today the IPCC will release its report on impacts  adaptation and vulnerability.  #qldfloods #auspol
1
27
31";27;post_1807
@eugeneppc;"Covid experts = war experts = climate change experts...
These non-existent ""experts"" are full of shit
2
6
22";6;post_1808
@gellered;"In recent years  Florida has experienced the effects of global warming and climate change.

While some  like Rep. Scott Franklin  fail to recognize this danger  when I am in Congress  I will fight for increased investment into climate solutions.
4
44
214";44;post_1809
@AddictDiaz;"This is why the COTI Team does not use $BTC as a reserve coin but SHEN. Bitcoin  which is based on proof-of-work  will continue to be blamed for environmental reasons  climate change  and not being energy efficient.

Stay $COTI
cryptoslate.com
EU securities regulator recommends ban on proof-of-work crypto
Erik Thedéen  vice-chair of the European Securities and Markets Authority  said bitcoin mining poses a risk to meeting climate change goals.
8
17
107";17;post_1810
@BiancaMinnie4;"So many people now in very dire situations. Poor #Lismore.  
By the way  has any politician mentioned the words 'climate change' yet  or is it too soon?
#ClimateCrisis #ClimateAction #qldfloods #LismoreFlood
1
7
14";7;post_1811
@NewAtlantisSun;"This is unfortunate because Americans in general have no actual idea what an ""existential threat"" is or how it is dealt with  after decades of dilution by their state media. ""Oh  you mean like racism and climate change?""
3
38
414";38;post_1812
@DavidSuzukiFDN;"Do you know what the IPCC is? They're releasing an important climate report tomorrow. Check out this resource to see why it's so critical that science drives our responses to climate change.
http://ow.ly/pNxt50I1JsY
ALT
5
31
44";31;post_1813
@reef_scientist;"When your government actively fund climate change through $10.3 billion of subsidies to assist fossil fuel industries  then ask you to fundraise to clean up the consequences… #QldFloods #Brisbane
Quote Tweet
Peter Dutton
@PeterDutton_MP
 · Feb 27
The water hasn’t gone down yet  and we haven’t seen the full extent of the damage to our community due to catastrophic flooding. We have started a fundraiser to help local residents and businesses who have been affected. https://gofund.me/3aca3c2b
Show this thread
9
37";9;post_1814
@Forbes;"Climate Change Denial Still Rife On Facebook  Say Researchers https://trib.al/Zu0agpp
27
8
53";8;post_1815
@shoebil57672266;"Just so you deniers out there don’t get ahead of yourselves  Skys chief meteorologists Tom Saunders tells me it’s been a cloudy wet summer due to La Niña but it’s been 1 deg above average due to climate change   like a dog with a bone these blokes #auspol
3
5
13";5;post_1816
@bkaydw;"To protect the environment and reduce greenhouse gas emissions that cause climate change…

The world must slash $1.8T in annual subsidies to fossil fuel  agriculture  water industries  and beef and soy production.

#DemVoice1
3
7";3;post_1817
@ClaraLionelFdn;"Our partner Integrated Health Outreach Inc (IHO) (
@integrated_iho
) aims to strengthen climate change resilience and improve biodiversity conservation through education  capacity building  and civil society's participatory actions.
1
5
26";5;post_1818
@nzchinacouncil;"The NZ China Council and the China Development Institute recently held a join virtual dialogue on climate change and sustainable development. We hope this initiative paves way for future cooperation between NZ&China.
https://nzchinacouncil.org.nz/2022/02/5416/
2
6";2;post_1819
@CAN_Australia;"Climate change  driven by the burning of coal  oil and gas is increasing short and heavy rain events  which increases the risk of flash flooding.
The Australian Government must address the underlying cause. 
#ClimateAction
abc.net.au
'Entirely unprecedented': Emergency services stretched in Lismore as flood records smashed
NSW's Emergency Services Minister says the state's Northern Rivers region is being hit by a ""natural disaster of unprecedented proportions"" as flood levels hit a new record.
1
9
11";9;post_1820
@SuDharmapala;" Flood victims 
 COVID victims
 Aged care
 War in Ukraine
 Climate change
 Robodebt
 With Piers Morgan
Quote Tweet
Piers Morgan
@piersmorgan
 · Feb 27
Great to meet Australia’s Prime Minister ⁦@ScottMorrisonMP⁩ at his office. Had a fascinating 45-min chat about Ukraine  China  cancel culture (not a fan)  ⁦⁦@BorisJohnson⁩ (big fan)  cricket (the Ashes ) & my new global TV show. Thanks for your time  PM. 
4
7";4;post_1821
KateDay@tropickI;"Replying to 
@RonniSalt
So much water and extreme weather events becoming more common. Hoping the stranded are rescued and lives can be rebuilt. Will the climate change deniers ever wake up?
4
21";4;post_1822
@ManuSaunders;"Heartbreaking what is unfolding along the east coast again  the impacts on communities and ecosystems will be felt for a long time. How many more of these predicted extreme events do we have to suffer before we get a government that does its job to address climate change
Quote Tweet
Dr Manu Saunders
@ManuSaunders
 · Feb 27
""We tend to think that when there is a new flood record it might be a little bit above the highest known flood  [but] to be nearly a metre and a half above what was already incredibly high is just hard to comprehend"" https://abc.net.au/news/2022-02-28/lismore-flood-emergency-levee-breaks-largest-on-record/100866296…
1
2
16";2;post_1823
@WilliamJRipple;"CLIMATE EMERGENCY: Tomorrow  the IPCC is going to release its report on climate impacts. Be prepared for grim reading as it is starting to become too late for good climate change mitigation success.
thetimes.co.uk
Chance of climate recovery vanishing
Billions of people are suffering from the effects of climate change — and the window to deal with the problem is closing  a landmark report will conclude tomor
2
20
33";20;post_1824
@AlexGodoyF_;"Live stream of virtual IPCC press conference releasing the report on Climate Change 2022: Impacts  Adaptation and Vulnerability  noon (12.00 p.m.) CET on 28 February 2022. It will be livestreamed via the IPCC YouTube channel.
youtube.com
Intergovernmental Panel on Climate Change (IPCC)
IPCC Videos
1
6
7";6;post_1825
@Dale13260598;"Replying to 
@SueHigginson_
 and 
@coonavass
Underlying the slow response of governments is our populist politics that has became disconnected from reality. Whether it’s flooding from climate change or pandemics from ecological destruction our politics isn’t fit for purpose. Both the immediate and longer-term policy 1/
1
3
24";3;post_1826
@JulieHailey19;"Replying to 
@JulianAndrew63
 and 
@davidbewart
Phone a ""friend"" answer for 
@JoshFrydenberg
 . Answer is A) Climate Change. Lock it in Eddy.
3
27";3;post_1827
@MehreenFaruqi;"As climate change accelerates  unfortunately  such record breaking events are more likely. We must push for strong climate action to keep our communities safe.
4
2
21";2;post_1828
@HotchkissRhona;"Replying to 
@blablafishcakes
 and 
@RozKaveney
Roz has completely lost it now. Blaming ‘gender critical’ people for Russia invading Ukraine. That’s on a par with right-wing evangelists blaming gay people for climate change.
2
7
71";7;post_1829
@jayzcoz;"Replying to 
@PeterWMurphy1
 and 
@BreakfastNews
In this interview  Michael also asked why these severe flood events are happening. Perfect opportunity for Josh to say the words climate change  but he just couldn’t say it. Even though this is a really important issue to his electorate. #VoteJoshOut
4
31";4;post_1830
@MrMatthewTodd;"Dear Australia  please talk about climate change. Your Murdoch controlled media won’t #brisbanefloods #qldfloods
youtube.com
Sir David Attenborough Presents: Breaking Boundaries: The Science of...
Breaking Boundaries tells the story of the most important scientific discovery of our time - that humanity has pushed Earth beyond the boundaries that have k...
4
13";4;post_1831
@TheAusInstitute;"If you would prefer the coal and gas companies fuelling climate change to pay some of the costs of increasing floods- rather than you- add your support to a climate disaster levy on fossil fuel exports #auspol 
https://nb.australiainstitute.org.au/climatedisasterlevyQLD…
2
9
14";9;post_1832
@ConversationEDU;"Atmospheric rivers triggered many of the world’s floods in 2021  including the eastern Australia floods in March. 
@Unimelb
's 
@kjreid95
 + 
@AndrewKingClim
's research provides a summary of Australia's atmospheric rivers  and the role of climate change.
theconversation.com
Like rivers in the sky: the weather system bringing floods to Queensland will become more likely...
A weather system called ‘atmospheric rivers’ is causing this inundation. In March last year  an atmospheric river brought 800kg of water vapour over Sydney every second.
1
25
29";25;post_1833
@TorontoStar;"Researchers at the Sharma Lab at York University’s Faculty of Science have been investigating the effects of climate change and other environmental stressors on one of Canada’s greatest natural resources  our lakes.
thestar.com
York U researchers warn myths around cold water submersion could kill you
If you fall in an icy lake  the most important thing is to get breathing under control so you don’t die of hyperventilation.
3
3
11";3;post_1834
@BW;"Chile has embarked on a nearly unparalleled voyage of self-discovery—one that will be either a template or a warning for countries trying to tackle climate change and inequality
bloomberg.com
Chile’s Green Dream to Reinvent Itself Is Spooking Investors
The country’s efforts to create a new constitution could serve as a model or warning for tackling climate change and inequality.
1
5
12";5;post_1835
@theAAG;".
@MikeMendezPhD
 The impacts of climate change are happening sooner than expected and creating a public health crisis  particularly for minoritized and marginalized people #AAG2022
1
5
4";5;post_1836
@Schtang;"Replying to 
@piersmorgan
 @ScottMorrisonMP
 and 
@BorisJohnson
Did you have a chat about his holiday in Hawaii while Australia burnt? or why his Pentecostal beliefs ignore climate change?
1
33";1;post_1837
@bpolitics;"African countries such as Ethiopia that contribute the least to global greenhouse-gas emissions are already spending billions dealing with the impact of climate change (via 
@climate
)
bloomberg.com
African Countries Forced to Spend Billions on Climate Adaptation
African countries such as Ethiopia that contribute the least to global greenhouse-gas emissions  are already spending billions of dollars a year dealing with the impact of climate change  according...
1
9
12";9;post_1838
@rising_serpent;"Climate change is COVID 2.0
15
74
436";74;post_1839
@themathendo;"In about 1986 Amanda Keller hosted a Beyond 2000 special on climate change. It predicted all this unprecedented shit. I’ll presume every Gen-Xer who grew up to be a thickie tory politician never saw it. #auspol
79
399
2 211";399;post_1840
@AthertonKD;"gonna start referring to climate change as ""cancelling civilization"" to see if that does anything
11
102
649";102;post_1841
@haveaconcern;"So now we are back to the climate change hoax? Enough already !
34
50
103";50;post_1842
@SonyaSemmens;"Extreme weather is caused by climate change  climate change is caused by fossil fuels.

The science is clear. The #IPCC report is blunt.

We must get out of fossil fuels. We need a parliament who will (& don't take fossil fuel). The window to save a liveable future is closing.
1
35
61";35;post_1843
@MerissaHansen17;"The number of masks I see when I walk my dogs on the ground is appalling. The party that touts climate change nonsense is now responsible for mass pollution.
3
10
58";10;post_1844
@oizoomis;"iwaizumi whose hair started to curl after coming to america bc of climate change so he cut it shorter
3
12
132";12;post_1845
@JohnBlairMLA;"On the day that the IPCC delivers yet another powerful and timely reminder that climate change legislation isn’t just critical  it’s urgent  the Northern Ireland Assembly has backtracked on its decision to implement net zero climate legislation - incredibly disappointing move.
14
20
72";20;post_1846
@10percent;"Bhikkhu Anālayo  is a scholar-monk and the author of numerous books on meditation and early Buddhism. In this episode we’re going to focus on another of his books  called Mindfully Facing Climate Change. Listen ad free in the Ten Percent Happier app.
ALT
1
5
64";5;post_1847
@AstroKatie;"The common threads between climate denial & Covid denial are that they both disproportionately affect the poor/vulnerable & people perceive mitigations to be at odds with short-term economic gain. So those who are comfortable & feel safe would rather “live with it” than change.
25
809
3 391";809;post_1848
@ewsanderson;"I know everyone is focused on Ukraine  but this is BIG news  especially for coastal cities such as New York

Climate Change Is Harming the Planet Faster Than We Can Adapt  U.N. Warns
The following media includes potentially sensitive content. Change settings
View
1
14
34";14;post_1849
@Greenpeace;"Every year  more and more of us  our families and friends are experiencing the changes in our planet first hand. How have you been impacted by the climate crisis and what gives you hope to act for a better Earth? 
Share your story: https://act.gp/3JUWzVB
14
125
370";125;post_1850
@stephanieroe;"The #IPCC #WG2 assessment report released today provides the most recent & comprehensive synthesis over the last 7 years on how climate change is affecting our ecosystems & human systems.

Here are some key points and figures I find compelling  a thread. 

https://ipcc.ch/report/ar6/wg2/
1
39
65";39;post_1851
@Lightswide;"The sea level in Charleston Harbor has risen about an inch every decade. Now it's rising about an inch every two years. Charlestonians  no matter their political persuasion  know climate change is real. The city shows what will be coming to your region.
e360.yale.edu
Fortress Charleston: Will Walling Off the City Hold Back the Waters?
Officials in Charleston  South Carolina have endorsed a $2 billion plan to wall off the historic downtown from rising seas and surging storms. It is the latest in a growing number of extravagantly...
1
7
14";7;post_1852
@beardedstoner;"Read the room  Climate Change. Nuclear War is back on the table.
Quote Tweet
The New York Times
@nytimes
 · Feb 28
Breaking News: The dangers of climate change are mounting so rapidly that they could soon overwhelm our ability to adapt  a UN report found.

The effects of climate change are “much more widespread and much more negative than expected ” one researcher said.https://nyti.ms/3pnqDSe
Show this thread
1
5
20";5;post_1853
@convincingcryp2;"Algorand was recently ranked the most climate friendly crypto! Gianna discusses the latest IPCC climate change report  its implications  and the criteria that made Algorand lead the way. 

https://youtu.be/fa4jkd_QVWU

$ALGO #ALGO #IPCC #Cryptowisser
youtube.com
Algorand Leads the Way! IPCC Climate Report + Cryptos Ranked by...
Algorand was recently ranked the most climate friendly crypto! Gianna discusses the latest IPCC climate change report  its implications  and the criteria tha...
4
26";4;post_1854
@loganclarkhall;"climate change is the end of the world.
trump is the end of the world.
next election is the end of the world. 
COVID is the end of the world.
russia is the end of the world.

______ is the end of the world.
10
12
65";12;post_1855
@jilevin;"The UN's New Climate Change Report Should Make You Mad as Hell
thedailybeast.com
The UN's New Climate Change Report Should Make You Mad As Hell
Hurricanes  pandemics  extinctions  fires  and millions of avoidable deaths every year. This is the world we’re leaving our children.
2
30
25";30;post_1856
@FuturewiseWA;"The new IPCC report is out and after elected leaders around the world have cumulatively fallen short on taking meaningful climate action things aren't looking too good: 
""The cumulative scientific evidence is unequivocal: Climate change is a threat to human well-being..."" 1/3
1
2
7";2;post_1857
@TroyPSimpson;"We  Canberrans  have the chance to replace a Liberal Senator with someone who takes climate change seriously. Whether your vote is for David Pocock or Kim Rubenstein  we can do so much better than the status quo. #auspol #actpol
Quote Tweet
David Pocock
@pocockdavid
 · Feb 28
We know climate change is here - droughts  heatwaves  coral bleaching  fires and floods - yet our government continues to delay action. You can't greenwash your way out of the climate emergency.
Show this thread
1
6
16";6;post_1858
@CBSEveningNews;"A new report from the U.N. is warning the world of the deadly consequences of global warming. The study says nearly half of Earth’s population lives in areas “highly vulnerable” to climate change — with coastlines  farms and cities mainly at risk.
4
20
28";20;post_1859
@healthbudi;"Replying to 
@iMusing
 and 
@philYoung17
This is where billions of taxpayers money is going…to Morrison’s donors  Promoting the devastation of Climate Change
australiainstitute.org.au
Australian fossil fuel subsidies hit $10.3 billion in 2020-21 - The Australia Institute
Fossil fuel subsidies cost Australians a staggering $10.3 billion in FY 2020-21 with one Commonwealth tax break alone ($7.84 billion) exceeding the $7.82 billion spent on the Australian Army ...
2
49
93";49;post_1860
@AaronDodd;"The 2019/2020 VIC/NSW bushfires were the direct result of climate change.

The 2022 QLD/NSW floods are the direct result of climate change.

Yet still 
@LiberalAus
 deny it and continue to promote and support coal mining.

#auspol
6
29";6;post_1861
@Forbes;"Several of the Supreme Court's key conservative justices signaled Monday they may be willing to restrict the EPA's ability to limit greenhouse gases  which could have far-reaching consequences on efforts to combat climate change and restrict the federal government’s power.
6:09
19.1K views
8
4
17";4;post_1862
@Scripps_Ocean;"A new report by 
@IPCC_CH
 issues a dire warning about the consequences of inaction to #ClimateChange. From rising seas and heatwaves  to floods  famine & drought  the report examines the escalating toll of climate change—and urges for #ClimateAction. More: https://ipcc.ch/report/ar6/wg2/
ALT
2
13
18";13;post_1863
@seattletimes;"Climate change is becoming irreversible and the world  including Washington state  is not doing enough to stop it  according to a sobering new report from United Nations Intergovernmental Panel on Climate Change.
seattletimes.com
World  including WA  not adapting fast enough to climate change  U.N. report warns
Climate change is becoming irreversible and the world  including Washington state  is not doing enough to stop it  according to a U.N. report published Monday.
39
16
38";16;post_1864
@colmanos;"We are destroying nature but we cannot limit global warming without nature- we will need to massively expand and protect wild areas and our defences against the consequences of climate change will need to work with nature or risk making things worse
1
2
14";2;post_1865
@jaymichaelson;"Obviously  Ukraine is dominating the news right now.  But the new UN 
@IPCC_CH
 climate change report is so disturbing  it deserves your attention. Here's my summary of some of the key findings:
https://thedailybeast.com/uns-new-climate-change-report-should-make-you-mad-as-hell… 
@thedailybeast
thedailybeast.com
The UN's New Climate Change Report Should Make You Mad As Hell
Hurricanes  pandemics  extinctions  fires  and millions of avoidable deaths every year. This is the world we’re leaving our children.
9
49
90";49;post_1866
@ANUmedia;"The latest 
@IPCC_CH
 report makes one thing crystal clear: adaptation is key.

“Climate change impacts are here...& they are mostly negative but  if implemented  adaptation can take the edge off them ” co-author & #ANUExpert 
@ProfMarkHowden
 says.

 https://anu.edu.au/news/all-news/adaptation-key-to-protect-vulnerable-from-climate-change… #IPCC
2
9
13";9;post_1867
@BeautyGirl007;"Replying to 
@RemoveRon
 and 
@ateacher97
I don't know. Didn't Biden help when that building collapsed into ruble? Didn't FLA get infrastructure money? Money to help with climate change damage/protection?
3
11
119";11;post_1868
@LichxeamUwU;"Replying to 
@MiizzyNft
 @Insouth4
 and 
@ReutersScience
You support NFTs you have no right discussing climate change.
1
1
38";1;post_1869
@omnologos;"Replying to 
@Rolo_Tamasi
 and 
@GaryLineker
imagine seeing actual bombs and thinking about climate change instead
1
2
36";2;post_1870
@BrentHodgson;"ALL of this is why we need Independents.

The vast majority of regions and voters in Australia recognise the impacts and reality of Climate Change.

But they’re being held to ransom by a small minority of vested interests that have captured major parties.
1
4
23";4;post_1871
@SashaTitchy;"Replying to 
@niick
This is exactly why I have donated & volunteer in support of 
@KyleaTink
 . I have 2 teenage kids  run a business  play sport but I still find time to volunteer as it’s evident this is the last election we have before the impact of climate change will be unstoppable. #activehope
4
16";4;post_1872
@nicoleamurray;"speaking of not being at all serious about moving the needle on climate change and public health thru mode shift from cars: 
@LuisSepulvedaNY
  everyone!
Quote Tweet
BrandonWC
@BrandonWC
 · Feb 28
Call your senator and say you oppose S6929. The state should not require @NYC_DOT to have to have a public hearing every time it wants to install a #bikeNYC lane or bike rack! https://nysenate.gov//legislation/bills/2021/S6929…
Show this thread
1
2
11";2;post_1873
@Scripps_Ocean;"""This report makes it more clear than ever before that climate change is threatening human well-being and the habitability of the planet "" said Scripps' 
@LlevinAnn
  a review editor of the new #IPCC report. See her full statement below & other key messages: https://sciline.org/climate/ipcc-quotes-working-group-ii/…
5
14";5;post_1874
@TTTMediaXR;"@ITVNews
 at Ten covered the IPCC report at the end of the program.

""Impacts of global warming are now irreversible  but it is still possible to avoid the worst of what climate change will bring.""

Not if the media fail to give it due prominence.
1
4
15";4;post_1875
@RepLowenthal;"Climate change has already led to irreversible impacts across the world from water scarcity to displacement. We can’t afford to wait for bold action to combat greenhouse gas emissions.
cbsnews.com
Window to reverse climate change ""atlas of human suffering"" almost closed  U.N. warns
U.N. chief calls failure to address issue head-on nothing short of ""criminal.""
2
6
11";6;post_1876
@Deggans;"Just watched meteorologist on local NBC affiliate WFLA-Ch. 8 talking about climate change and global warming with news anchors. What a difference a decade makes; I remember when local weathermen were scared to death to talk climate change on air.
tampabay.com
OUTLOOK CLOUDY ON CLIMATE
The question comes at Denis Phillips several times a day  delivered by e-mail from curious viewers struggling with the longest cold snap the Tampa Bay area has seen in a while.
2
14";;post_1877
@rjcsmith;"Today's #IPCC report makes it clear that reducing carbon emissions  alone  won't keep us safe from climate change. We also need to adapt how we live ... fast. My latest for the 
@TorontoStar
  #cdnpoli 
@ClimateInstit
thestar.com
Opinion | Reducing emissions won’t protect lives from climate change — we need to adapt
Climate change already touches every human being on the planet — from Indigenous peoples of the Arctic to city-dwellers in Australia — and will increasingly do so.
7
14";7;post_1878
@keithmartinmd;"Yes indeed!  Protecting critical ecosystems will mitigate against climate change AND address the biodiversity crisis. We can tackle both crises together. Cc 
@unep
 @UNBiodiversity
 @IUCN_PA
 @SCMGardner
 @andradep2010
 @DrMariaNeira
 @UNFCCC
Quote Tweet
Pushpam Kumar
@PushpamK
 · Feb 28
In a climate changing world  let nature do its job https://unep.org/news-and-stories/speech/climate-changing-world-let-nature-do-its-job…
2
4";2;post_1879
@farmer_jed;"Replying to 
@SecDebHaaland
Climate change is a hoax designed to take your money and freedom.
1
5
71";5;post_1880
@Magda_Skipper;"Climate change is hitting the planet faster than scientists originally thought 
#ClimateReport #ClimateEmergency
nature.com
Climate change is hitting the planet faster than scientists originally thought
Nature - Latest IPCC climate report warns that rising greenhouse-gas emissions could soon outstrip the ability of many communities to adapt.
8
6";8;post_1881
@beneltham;"Stop calling it a ‘once-in-100 years flood’. 

It’s a flood caused by climate change.
252
686
3 675";686;post_1882
@briannekimmel;"People who say SaaS is boring weren't early at Dropbox  Figma  Slack  Zendesk & startups w/ life changing outcomes

It's easy to write-off a sector if you're never cared about it

SaaS alumni now spending time on climate change  web3 & new sectors from a VERY comfortable place
50
105
1 484";105;post_1883
@dannydeurbina;"The radical climate change movement is an existential threat.
6
45
233";45;post_1884
@dens;"The most depressing thing (or maybe most hopeful thing??) I've learned in 2022 is this idea that ""solving for climate change is not a technical problem –– we have invented all the tech we need! – but rather a political problem  aka: our willingness & ability to make change""
9
13
53";13;post_1885
@IngrameThomas;"Replying to 
@ScotGovFM
 and 
@NicolaSturgeon
You jumped on covid and politicised it   you jumped on climate change and politicised it  now you have jumped on the invasion of Ukraine and are trying to politicise it eh ? When will you and your party stand on your own two feet and actually accomplish something for Scotland? 
33
113
593";113;post_1886
@walbertongreyn1;"Yeah right - at the expense of Walberton  Binsted and Tortington plus trashing the Arun Valley with monstrous viaduct…. And spending half a billion And flying in the face of climate change and carbon emission targets ….
Quote Tweet
National Highways: South-East
@HighwaysSEAST
 · Mar 1
There’s only one week left to tell us what you think of our proposals for the A27 Arundel bypass. Our proposals will help make journeys quicker  safer & relieve Arundel from congestion. Get involved & tell us your views as part of our public consultation: https://nationalhighways.co.uk/our-work/south-east/a27-arundel-bypass/…
2
13
21";13;post_1887
@RyanVoices;"Ryan needs Julian to step up  or stand aside. 
The latest IPCC report outlines how catastrophic climate change will be for us.
Julian may be on the ground in the electorate  but he isn't stepping up to take action on climate change in Canberra. 
It's now or never. 
#Ryanvotes
4
8
17";8;post_1888
@WeUniteFndn;"We need to keep our forest safe.  Forests help maintain Earth’s carbon balance and thus help us lessen the impacts of climate change.
#ClimateReport
#ClimateAction
Quote Tweet
Mr. Climate
@OlumideIDOWU
 · Mar 1
Forests provide a cooling shield against extreme heat  essential especially for people who work outside on
the hottest days. #ClimateReport #ClimateImpacts 

@FNCDialogue @IPCC_CH @antonioguterres @UNDPNigeria @UNCCD @sharon_ikeazor @UNEP_Africa @SeanMelbourne2
7
16";7;post_1889
@BrianLockhart;"PRETTY SWEET HOW TEAM NPC HAS BEEN ABLE TO MONKEYVINE SO EFFORTLESSLY FROM VACCINATIONS TO BLACK HISTORY MONTH TO UKRAINE  ALL WITH THE SAFETY NET OF CLIMATE CHANGE TO CATCH THEM IF THEY FALL
5
21";5;post_1890
@Samoskal;"This is an important listen that not only connects the dots re climate change and extreme weather events but also the constant regional conflicts created by petro-states (#ffagenda) and the war in Ukraine that also undermines democracies brings corrupt #socialdecay along with it
Quote Tweet
Prof Michael E. Mann
@MichaelEMann
 · Mar 1
""Climate Crisis: Will the World Be Livable?"" | I discussed the new UN Climate Impacts Report with the great @Thom_Hartmann: https://youtube.com/watch?v=3zpWvGNlUkE…
#IPCC #AR6 #WG2 #ClimateImpacts
1
15
22";15;post_1891
@shawnwenzel;"With climate change it seems Jamaica may be transitioning into a tropical rainforest climate with no annual dry season. We see this with some fruit trees (mangoes  starfruit  ackee  apple  etc.) that used to have seasons but now produce year-round.
Quote Tweet
Vidokti
@vidokti
 · Mar 1
As we move into March  we're not concerned about drought at this time.
10
19
43";19;post_1892
@SoniaChangDiaz;"It shouldn't be this difficult for cities & towns to transition away from fossil fuels.
 
We need to get real about climate change & that means taking serious action at the state level & empowering municipal allies to lead the charge in their communities.
commonwealthmagazine.org
Healey again rejects Brookline anti-fossil fuel bylaws - CommonWealth Magazine
FOR THE SECOND TIME  in less than two years  Attorney General Maura Healey on Friday rejected bylaws approved by the town of Brookline placing restrictions or prohibitions on buildings incorporating...
12
27
84";27;post_1893
@hazechu;"Yet another grim Intergovernmental Panel on Climate Change (IPCC) report yesterday & recent horrific events in Ukraine shows exactly how much we need to move away from fossil fuels. An investment in renewables is an investment in peace & in our future #ClimateCrisis #FossilFuels
1
6
19";6;post_1894
@GaldiesRebecca;"Interesting how both Labor and Liberal state premiers are both in such a rush to NOT say these floods are because of climate change… #Denial #DontWasteYourVote #VoteForTheClimate #VoteGreen
1
3
12";3;post_1895
@GallomirGirl;"Replying to 
@TristanSnell
Putin WANTS climate change so RU can tap oil/gas under frozen Arctic ground; also Arctic sea ice melt for new shipping routes.

UA ground now thawing as spring approaches & RU tanks stuck in mud.

IDK if climate change caused warmer temp atm in UA  but if so 
3
9
81";9;post_1896
@ChiPeaceAction;"Don't forget- our 3rd Annual (and student-led) Peace Summit is one month away! Come join us to discuss how the military negatively affects climate change.
Mark your calendars!
Register here: http://chipeaceaction.org
4
8";4;post_1897
@ScientistRebel1;"We agree that climate change science is in a tragic situation. We rebel scientists are organizing a global strike 4-9 April  mobilising 1 000 scientists in 20+ countries in  civil disobedience. 
@BruceGlavovic
  
@iain_white
  Timothy F. Smith (
@usceduau
) would you like to join?
Quote Tweet
Peter Kalmus
@ClimateHuman
 · Mar 1
I completely relate to the frustration and anger  and I applaud a diversity of tactics and for climate scientists to take risks and do something  anything  to help shake the public awake.
https://nytimes.com/2022/03/01/climate/ipcc-climate-scientists-strike.html…
1
12
30";12;post_1898
@CatholicClimate;"“The window of time to act might be closing  but so long as our hearts remain open  there is hope.” Read this new blog post by our two young staffers who spoke to 
@Pontifex
 about climate change: https://catholicclimatecovenant.org/news/window-time-act-closing-our-hearts-must-remain-open…
3
20";3;post_1899
@erleellis;"Planting Trees to solve climate change could leave millions hungry.

Land-based #climatechange mitigation measures can affect agricultural markets & food security 
@NatureFoodJnl
 https://nature.com/articles/s43016-022-00464-4… 
#naturebasedsolutions #tradeoffs

(pink in fig = afforestation)
1
6
13";6;post_1900
@PaulEDawson;"If you would like to read a book a month on climate change and then meet up with friends from around the world on Zoom to discuss  join our book club!
Climate Solutions Book Club
Newsletter
·
768 Subscribers
Climate Solutions Book Club
10
26";10;post_1901
@AllanMargolin;"#ClimateAction Quote of the Day

'Whenever we build something  we need to be thinking about climate change.' 
@yarrowaxford
 

https://abc7chicago.com/chicago-climate-change-global-warming-midwest-flooding/11609242/…
@CleanAirMoms
 @gkanders
 @GeraldKutney
 @DriverBrian
@ImpeachTrump012 
@OrbPlanet
 @AltYelloNatPark
 @impeach_45NOW
 @Angelfaedarksta
9
12";9;post_1902
@shobha_maharaj;"Small Islands/SIDS are amongst the MOST vulnerable to climate change and face the most barriers towards adaptation of all regions assessed in the latest IPCC Report. Access to increased adaptation finance is absolutely critical! 
@island_scholar
 @SaleemulHuq
... thanks 
@christrisos
Quote Tweet
Christopher Trisos
@christrisos
 · Mar 1
Major constraints to adaptation in Africa are technological  financial  and governance/institutional.

Africa is not alone in these constraints

But Africa has some especially big challenges and some big opportunities
Show this thread
3
4
11";4;post_1903
@GingerGorman;"The media is calling this NSW/Qld disaster a “one in 1000-year” flood.

But is it really? Because climate change will make extreme weather events like this far more common.
8
1
28";1;post_1904
@MillennialOther;"When 
@JoeBiden
 screeches tonight about climate change and the need to decrease our carbon footprint and all of that  never forget that he allows 
@RepSwalwell
 to roam free.
3
1
13";1;post_1905
@AlbertPrins8;"Replying to 
@gavan_mcfadzean
I thought it was a flood caused by the extreme rainfall the last week. 

Remember  the effect of ""climate change""  as you've been told over and over  is that there will be no rain. 

This is the opposite of that ...
21
2
41";2;post_1906
@SafetyPinDaily;"Climate change is intensifying Earth's water cycle at twice the predicted rate  research shows || Via Grist
grist.org
Climate change is intensifying Earth’s water cycle at twice the predicted rate  research shows
Rising temperatures pushing much more freshwater towards poles than climate models previously estimated.
4
6";4;post_1907
@sci_project;"Black  Brown and Indigenous people have been systematically excluded from earth sciences  magnifying their exposure to the most severe impacts of climate change  says 
@aaberhe
:
insideclimatenews.org
Researchers Say Science Skewed by Racism is Increasing the Threat of Global Warming to People of...
Black  Brown and Indigenous people have been systematically excluded from earth sciences  magnifying their exposure to the most severe impacts of climate change  said Asmeret Asefaw Berhe  lead...
2
5";2;post_1908
@MarcellaBrasset;"Replying to 
@DaveMilbo
I wish they would just say extreme weather from climate change not once in 100 years like the climate deniers they are.
1
3
6";3;post_1909
@angelapriestley;"Climate change is a threat multiplier  exacerbating existing gender gaps. It has been overlooked on IWD in Oz for too long. 
It's astounding that IWD events fail to even mention climate change  given it will derail every gain made 4 women & girls globally
womensagenda.com.au
Stop ignoring climate change on International Women’s Day
Agendas pushing progress for women and girls too often ignore the threat of climate change to everything already achieved.
1
2
7";2;post_1910
@muinteoirolly;"Replying to 
@Marcusdstewart
 @cianginty
 and 2 others
It would be an absolute shame if RTE cut Duncan & all the other expert presenters on 
@EcoEye
. It is an excellent programme  proof is its 20 seasons!. Climate change  nature  environment feature in news most days now  this programme creates awareness & informs ppl.
1
18";1;post_1911
@Nouriel;"Risks to global supply chains rising as climate change worsens  IPCC warns
ft.com
Risks to global supply chains rising as climate change worsens  IPCC warns
Extreme weather to drive up prices for essential goods as world warms beyond 1.5C since pre-industrial era
3
6
18";6;post_1912
@foe_us;"Facebook failed to label HALF of the climate change denial posts on its platform. 

Despite claims to take action  FB continues to exacerbate the climate crisis by spreading disinformation.
reuters.com
Facebook did not label posts from top climate change deniers  report says
Facebook did not add labels to half of posts pushing content from top climate change deniers  according to an analysis from the Center for Countering Digital Hate.
8
14";8;post_1913
@EJ_Aus;"The latest #IPCC report lays to bare the harsh reality of the  effects of climate change. 

We have no time to lose  Australia must make the rapid transition to a #renewables future NOW  to protect our communities and environment  

 #auspol
theguardian.com
Climate scientists warn global heating means Australia facing more catastrophic storms and floods
Intergovernmental Panel on Climate Change says climate effects expected to be more severe than initially predicted
8
9";8;post_1914
@NickAPJohnson;"The enormous challenges of this moment — pandemic  war  climate change  inequality — *all* require adequate and fair tax policy. That’s why 
@KimReynoldsIA
 is a particularly problematic choice to give the R response to #SOTU . This piece by 
@amyhanauer
 explains.
Quote Tweet
ITEP
@iteptweets
 · Mar 1
Ahead of tonight's #SOTU  @amyhanauer talks about the place for tax policy in the agenda. 

""Our economy does far too much to further enrich the already rich. The tax code is one place where we can restore equity."" https://itep.org/tax-policy-underlies-expected-themes-in-the-state-of-the-union/…
1
11";1;post_1915
@ByIanJames;"People’s lives and Earth’s ecosystems are at risk of catastrophe if humanity doesn’t act much faster on climate change  scientists warn in the new #IPCC report. ""Every small increase in warming will result in increased risks to nature and to people.""
latimes.com
Urgent action needed to address climate change’s catastrophic threats  U.N. report warns
Global heating is having dire effects on people and nature  the U.N. says  with urgent action needed to curb emissions and adapt to worsening effects.
3
5";3;post_1916
@SoffiaAlarcon;"Thrilled for the opportunity to join the 
@iamericas
 & contribute to their mission as a Non-Resident Fellow for the Environment & Climate Change program. Looking forward to advance ESG  climate risk & net zero approaches across the Americas! Thanks 
@taniamkra
 & 
@kiy_richard
 Quote Tweet
Institute Americas
@iamericas
 · Mar 1
We are delighted to announce our first Non-Resident Fellow for the #Environment & #ClimateChange program: @SoffiaAlarcon  Assoc. Director #Americas #Sustainability at @SchneiderNA.

See Soffia's bio & full roster of fellows here: https://bit.ly/3IzLQjj
@taniamir_ @kiy_richard
31";;post_1917
@ClimateBen;"Replying to 
@Koerbersaurus
We need to change this economic system that's driving us into a mass extinction that's caused by more than just climate change. But the UN suggests yet more destructive growth.
3
14";3;post_1918
@DavaExplorer;"""Making the world work for 100% of humanity  in the shortest possible time"" Intergovernmental Panel on Climate Change #IPCC assessment of #climatechange  @ipcc_cc 
@EarthDNA_AI
Quote Tweet
EarthDNA
@EarthDNA_AI
 · Jan 18
EarthDNA had a very busy 2021! We are laser-focused on 2022 to make a big difference through education and by applying technology to heal Planet Earth. See what we've done and where we are going #artificialintelligence #climateaction https://slideshare.net/Kmcwalsh/earthdna-technology-for-healing-planet-earth-jan-2022…
2
4";2;post_1919
@OutbackEco;"These are the ecosystems Australia stands to lose in the next decade: Australian coral  kelp  alpine and some forest ecosystems at risk of irreversible damage due to climate change — #IPCCReport https://abc.net.au/news/science/2022-03-02/ipcc-climate-change-australia-ecosystems-irreversible-coral-kelp/100866682?utm_campaign=abc_news_web&utm_content=twitter&utm_medium=content_shared&utm_source=abc_news_web… 
Via 
@ABCaustralia
 #ClimateReport
abc.net.au
These are the ecosystems Australia stands to lose in the next decade
Some of Australia's iconic and unique natural ecosystems are headed for irreversible damage if we keep emitting carbon at current rates  climate experts warn. But they're not necessarily the ones you...
11
7";11;post_1920
@ssubory;"UN Warning: 
@IPCC_CH
  @UNFCCC
 @UNEP
 @FAO
  Climate Change Is Harming the Planet Faster Than We Can Adapt
The following media includes potentially sensitive content. Change settings
View";;post_1921
@JoeDanaReports;"Welcoming 
@alroker
 to Phoenix today  it was encouraging to see him discuss human-caused climate change & his initiative  http://today.com/climate. Weather experts & meteorologists will be increasingly relied upon to give scientific context to the story of the 21st Century. 
@12News
Quote Tweet
Al Roker
@alroker
 · Mar 1
“The job of a TV weatherperson has evolved from a mélange of informing & comic relief to one of talking about #climatechange  weather extremes & vital information. The challenges are there. Are we up to those challenges? I say we are. We have to be""
@Cronkite_ASU #CronkiteAward
4
12";4;post_1922
@MikeCarlton01;"It would raise morale no end if Tony would go north and explain to them that “climate change is crap.”
81
312
1 520";312;post_1923
@MarekRivers;"Rex Patrick revealed 'secret' national cabinet docs showing LNP were warned last September of massive weather systems coming. Today  interviewed by LiSA Millar  Barnababy predictably said 'no one could have predicted these floods'. Not one Q about Climate Change #LNPFail #ABCFail
43
677
1 651";677;post_1924
@myrabatchelder;"It is infuriating to see supposedly progressive & liberal people say they want to end mask mandates & it should be up to most vulnerable to protect themselves. Especially those who are pushing for Medicare-for-all & action on climate change etc. How do they not see connection?
28
134
719";134;post_1925
@AdamBandt;"A reminder: the politicians who don't want to talk about climate change during a climate catastrophe are typically the ones taking donations from the coal & gas corporations that are fuelling it.
415
979
4 405";979;post_1926
@MonaPatelT;"On #WorldWildlifeDay let's commit to address the many threats facing wildlife.Let’s use natural resources sustainably so that wildlife & the spaces they inhabit truly thrive & as we do so Let's tackle climate change & pollution both of which are a threat to all life on the planet
91
213
777";213;post_1927
@Rjaellis;"Got a little lost in all the other news today... but Portland has banned the use and sale of fireworks year round. 

The commissioners said climate change has made the risk of a serious fire too great to ignore.
Quote Tweet
OPB
@OPB
 · Mar 3
Fourth of July celebrations will look and sound a little different this year in Portland  and every year going forward. 
 https://opb.org/article/2022/03/02/fourth-of-july-celebrations-portland-fireworks-ban-fires-climate-change/…
5
67
244";67;post_1928
@XRInnerWest;"FOSSIL FUEL FLOODS!
So long as we refuse to act on climate change things only get worse. War  famine  floods  fires  disease - everything will get worse. We have to stop living in denial. This is catabolic collapse in action.
#ClimateCrisis
#FossilFuelFloods
#ActNow
3
24
41";24;post_1929
@CARICOMorg;"The Caribbean Community Climate Change Centre led discussions on the way forward to the next Climate Change conference  COP 27  on Day Two of the 33rd Inter-Sessional Meeting of CARICOM Heads of Government in Belize on Wednesday
#CARICOMHeadsMeet #ClimateChange
19
36";19;post_1930
@bruce_arthur;"Dark. Misinformation is the world’s most pressing problem  even more than climate change  because the debate over climate change gets suffused with misinformation
Quote Tweet
Iryna Matviyishyn
@IMatviyishyn
 · Mar 2
Ukrainians are posting bitter conversations with their relatives in Russia. Their uncles  cousins  grandparents do not believe putin's bombing our cities targeting civilians. They do not believe their loved ones hiding and crying in bomb shelters.
Show this thread
15
63
226";63;post_1931
@dharnanoor;"okkk i wrote about how biden missed a crucial opportunity to talk about climate change (and how it's connected to other crises) at his first state of the union
bostonglobe.com
Biden barely mentioned climate change in his State of the Union speech - The Boston Globe
President Biden has called climate change an ""existential threat."" So why didn't he talk more about it in his first-ever State of the Union address?
3
25
100";25;post_1932
@BullseyeBanjo;"President Trump released a statement on Tuesday noting that the Democrats’ focus on climate change and not Russia is one reason Russia invaded Ukraine.  

Now the world is dependent on Russian oil and the costs for gas in the US are up nearly 50% from last year. Woke  huh?
3
12";3;post_1933
@jeevika_shiv;"Are you a young person interested in youth  gender and climate justice?

We National Gender Youth Advocates invite you to the #CSW66 Youth Forum to discuss climate change  human rights  at #YouthCSW66
March 4th & 5th  2022.
Register  https://bit.ly/3BLtqtr
16
31";16;post_1934
@GoldingCartoons;"With climate change accelerating  aren’t statements like “one in a 500-year event” meaningless?

Don Stewart  Port Fairy
@theage
 letters #auspol #floods
3
28
82";28;post_1935
@marissenmark;"It's shocking our Mayor & 5 councillors have rejected public feedback & are plowing ahead with this beverage cup fee  unchanged. 

Where does this money go?  Not to fighting climate change! Businesses can pocket it  unless they choose to donate to charity.  Yes  really.

#vanpoli
Quote Tweet
Rebecca Bligh 容碧麗/丽
@rebeccaleebligh
 · Mar 3
UPDATE: staff report back on single-use bylaw/issues related to the $.25 beverage cup fee. Unfortunately majority of council stuck in & voted against repealing despite objective stakeholder feedback bylaw not working & better method desired. Vote result to repeal fee  #vanpoli
9
22
65";22;post_1936
@sandra51361809;"Replying to 
@RAHEBFORSENATE
 @_Citizen_Se7en
 and 3 others
Climate change…. Rothschild
2
15
14";15;post_1937
@AReliability001;"As Governments and Corporations  set climate change targets for 2030 or 2050  I often wonder what mother nature's timeline actually is?  IPCC Report: “Clobbered by climate change”
https://insights.globalspec.com/article/18276/ipcc-report-clobbered-by-climate-change…
1
9";1;post_1938
@DJSammmTO;"You know the funny thing about all right/moderates talking about how they don't want to straddle their grandkids with debt from spending? It looks like if we don't take  action on climate change  there will be nothing for them to be straddled with because we'll all be DEAD.
1
13";1;post_1939
@harmonylion1;"Daily reminder: If you don’t care about UFOs  you don’t care about solving climate change
6
1
13";1;post_1940
@DiarmidCL;"Rapidly increasing climate change poses a rising threat to mental health  says IPCC
theconversation.com
Rapidly increasing climate change poses a rising threat to mental health  says IPCC
For the first time  an IPCC climate report has assessed evidence that weather and climate extremes are already affecting mental health — and are likely to worsen.
11
20";11;post_1941
@TheDisproof;"@GBNEWS
 #climate  When I pointed out errors in a GBNews employees reporting of climate change he blocked me.  When will you invite those scientists who actually go to IPCC conferences onto your programs instead of fossil fuel lobbyists and fake experts?
1
4
10";4;post_1942
@nettlesoup31;"We are in for a summer of Climate change. Ukraine will go the same as Covid and Omicron and the Truckers. Climate will hit the pocket. We have expensive times ahead.
2
13";2;post_1943
@RyanVoices;"The LNP has failed our electorate  our country  and the world in climate change leadership. 

IPCC report ‘a damning indictment of failed global leadership on climate’

Help a neighbour out with their flood clean up now  and with your vote this election

#ClimateActionNow
2
6
15";6;post_1944
@Salvaycuiida;"Climate change isn't about just some future problem  some problems with national security  which is the economic challenges we face. It really is about your public health. #ClimateCrisis #climatechange #ourplanetourproblem #ClimateActionNow 
@Climatehope2
 @climateWWF
 @Lightswide
1
11
15";11;post_1945
@Hoganknows;"So  we shut down our fossil fuel industry because of climate change   but buy oil from other countries - guess those countries are drilling and not hurting climate change . Doesn’t something seem wrong here ?
2
1
18";1;post_1946
@WhisperKats;"Replying to 
@MyFirstCousin
If the economy is so great what is stopping increasing Newstart  pensions  minimum wage etc.  What is stopping funding aged care services  schools  hospitals .... What is stopping action on climate change and environmental issues...
4
25
56";25;post_1947
@WCVoters;"""Climate change is a very real threat and we have a responsibility to address it at every level of government.”

-CM Kaylee Galloway  Whatcom County Council
#YESonHB1099 #FixHB1099 #WACantWait 
@FuturewiseWA
4
5";4;post_1948
@TomLevenson;"Also of trivial importance  given a land war in Europe and the latest news about climate change  but I wonder who made off with how much in the US ""trucker"" ""convoy"" grift. I think noticeable sums were raised  and no one seems to be buying much diesel  if you know what I mean...
2
9";2;post_1949
@LFFriedman;"Supporters say a global plastics treaty would be the most important environmental accord since the 2015 Paris Agreement on climate change. ⁦
@HirokoTabuchi
⁩ with the details.
nytimes.com
The World Is Awash in Plastic. Nations Plan a Treaty to Fix That.
The new pact would be legally binding and could go beyond cleaning up plastic waste to curbs on future production.
2
21
43";21;post_1950
@Storm14nu;"Replying to 
@franco_nomics
 and 
@JustinTrudeau
Yup.  Climate change is only getting worse

The economy doesn’t change plans for a better environment!
6
56";6;post_1951
@JazzTwemlow;"These days  ""Climate change isn't real"" is an utterance it's only possible to make if you don't have a window.
2
2
12";2;post_1952
@AlexPadilla4CA;"Climate change is already a CRISIS. When will my colleagues on the other side of the aisle come to the table to address this reality?
sfchronicle.com
Rain could finally hit S.F. Bay Area after record-breaking dry streak
A persistent lack of rain in the Bay Area led two cities to break their respective...
19
24
98";24;post_1953
@vinniebacon;"Replying to 
@ClimateHuman
It’s not like an alarming report from the qualified scientists at the IPCC came out this week with Reuters summarizing “Climate change is upon us and humanity is far from ready …”

If something like that happened the Pres. of the US would make it one of his key points. Right?
1
5
23";5;post_1954
@dvdnln;"Replying to 
@franco_nomics
 and 
@JustinTrudeau
Climate change keeps on going.  Duh - and CPC and UCP are loving the high cost of a barrel of oil.

Can't have oil cost more and also have low fuel prices.  Duh.
2
21";2;post_1955
@saysgrumpysuzie;"Replying to 
@AndrewPStreet
 and 
@MorpheusBeing
I often wonder how all the journalists who for decades denied anthropogenic climate change (most knowing it was a fact) to support fossil fuel and other vested interests  manage to face their children and grandchildren.
3
5
27";5;post_1956
@healthy_climate;"RT 
@MelissaSweetDr
: ""But neither leader so much as mentioned the words ‘climate change’  much less the reports released this week by the IPCC.""

Unacceptable. This govt refuses at every step to take responsibility for #climatechange for us now  and for future generations.
Quote Tweet
Melissa Sweet
@MelissaSweetDr
 · Mar 3
Introduction by Croakey: At a news conference on 1 March  @ScottMorrisonMP spent about 1 600 words explaining how his Government was responding to the catastrophic floods t...@PeterDutton_MP delivered almost 600 words on the topic...
Show this thread
6
4";6;post_1957
@PeterShor1;"I'm posting another poem on Twitter  this one prompted by the IPCC predicting that some of Florida may become unlivable not too long from now. 

Climate change has ‘irreversibly’ changed Florida  a new global report says | 2022/2/28 - Miami Herald https://nordot.app/871067887807561728?c=592622757532812385…
1
1
16";1;post_1958
@UNDPClimate;"Congratulations Sierra Leone  for submitting its National Adaptation Plan to the 
@UNFCCC
. 

W/ support from 
@UNDPSierraLeone
  its NAP document outlines actions to reduce #climatechange impacts to #water resources  agriculture & food security. 

Full NAP: http://ow.ly/1XQt50I7WsP
1
2
18";2;post_1959
@Bjoy68385509;"Replying to 
@roo_urban
 @1958_BestYear
 and 
@cambo5157
Australian oligarchs have infiltrated our democracy  many private schools of privilege  the liberal gov and most media outlets in Australia-greed and corruption  whatever it takes - worked against action on climate change-indoctrinating voters with dodgy promises and contracts
1
3
23";3;post_1960
@gobbledeegook;"Replying to 
@Archies_Human
there are some cases around the world against govts over climate change

what needs to be done is to sue individual ministers for their actions - govts will simply hit up taxpayers for any payouts

world first here....
abc.net.au
Student files climate change class action against Australian Government over 'risks' to her money
A 23-year-old Melbourne law student is suing the Australian Government for failing to disclose the risk climate change poses to Australians' super and other safe investments.
1
9
27";9;post_1961
@EricBent;"Replying to 
@clrshonuff
 and 
@WatchTheBreaks
I tweeted before  the card industry are the ultimate recyclers. I reuse every box I get  bubble wrap  peanuts  bubble mailers  everything I possibly can. And have reused the bubble armor I have received also. IDEA- Cards for Climate Change!
2
2
25";2;post_1962
@ErrataRob;"3/ In other words  they teach critical-thinking by applying it to claims made by climate-denialists  to show how they are wrong.

They should be doing the opposite  using critical-thinking on claims of manmade climate-change  being critical of their own side.
2
1
30";1;post_1963
@samoaobserver;"The PIF has warned climate change challenges now more dire and urgent  confirming the findings of the recently released Intergovernmental Panel on Climate Change Working Group II report.
samoaobserver.ws
'The evidence is painfully clear': Secretary General Puna
The Pacific Islands Forum has warned climate change challenges are now more dire and urgent than ever before  confirming the findings of the recently released Intergovernmental Panel on Climate...
1
7";1;post_1964
@Storm14nu;"Replying to 
@TheTorontoSun
 and 
@brianlilley
Nope.  Climate change is only getting worse

The economy doesn’t change plans for a better environment!
6
1
27";1;post_1965
@CUBoulderComm;"Associate Professor 
@PhaedraPezzullo
 was quoted in this piece in 
@TIME
 magazine talking about climate change inequality and justice.
time.com
The IPCC Is Finally Using the Right Words to Talk About Climate Change Inequality and Justice
The new IPCC report on climate change adaptation reflects a shift in the discourse to recognize the historical inequalities of the problem.
3
8";3;post_1966
@Paulatics;"We on the Standing Senate Committee on Transportation and Communications are about to start a really interesting series of public hearings  investigating the impact of climate change on transportation infrastructure. You can watch here: https://senparlvu.parl.gc.ca/Harmony/en/PowerBrowser/PowerBrowserV2/20220302/-1/10609… #SenCa #TRC
senparlvu.parl.gc.ca
TRCM meeting no. 3
Standing Senate Committee on Transport and Communications
5
5
18";5;post_1967
@PaulEDawson;"I learn so much from reading great books about climate change; if you would like to read more books on climate change and meet up with friends from around the world to discuss on Zoom  consider joining my climate change book club.
Climate Solutions Book Club
Newsletter
·
768 Subscribers
Climate Solutions Book Club
3
13";3;post_1968
@HouseForeign;"The passage of the #AmericaCOMPETES Act is critical to ensuring US leadership on climate change and bolstering efforts to meet our commitments under the Paris Climate Agreement. https://rules.house.gov/sites/democrats.rules.house.gov/files/BILLS-117HR4521RH-RCP117-31.pdf…
5
6";5;post_1969
@jamalraad;"""
@EvergreenAction
 published a report detailing 6 actions they want Biden to take to combat climate change  including regulating pollution from the power sector  investing in clean energy manufacturing & phasing out fossil fuel extraction on federal lands""
huffpost.com
Biden Says Energy Plan Will Fight Climate Change  Inflation In State Of The Union Speech
The president said tackling planetary warming would save American families $500 per year in energy costs.
2
6";2;post_1970
@HouseForeign;"  We are reaching an inflection point faster than previously thought and can no longer reverse some losses due to climate change. Per a @IPCC_CC 
@UN
 report  approx. 1/2 of the world’s population is highly vulnerable to climate change. 
https://report.ipcc.ch/ar6wg2/pdf/IPCC_AR6_WGII_FinalDraft_FullReport.pdf…
1
5
5";5;post_1971
@kailaswild;"Maybe we could elect a government that actually  believes in climate change
110
226
1 803";226;post_1972
@DavidLimbaugh;"How do Democrats have any credibility at all on “climate change ” when they promote foreign production of oil while banning ours? If catastrophic manmade climate change is true (which I dispute)  it is a global matter. We don't live in a closed atmospheric system. Such a farce.
55
347
1 379";347;post_1973
@KeyboardMina;"Where will be safe in Aus to rebuild homes with climate change is a reality? We will somehow have to find land out of the bushfire/ flood /heatwave zones  close to where our 3 jobs are  where non-existent transport & infrastructure is & pay for it with all our non-existent money.
27
126
314";126;post_1974
@Angel294550Free;"Just curious nerd king does this bus look “climate change” friendly ? What about all you elitists with water front properties? Are you and your buddies going to take me up on my mud hut challenge anytime soon  
@GovernorTomWolf
 ?
4
15";4;post_1975
@LennaLeprena;"As long as Scrottum et al remain safe and secure and rolling in gold  they will do ZERO to ameliorate the factors inciting climate change destruction...let the pigs know we ain't gonna take it no more and kick them out on their fat arses on election day!
3
22
44";22;post_1976
@deniseshrivell;"Feeling sorry for people impacted by floods - and then not speaking about climate change - is letting them all down 
@BreakfastNews
 #auspol
2
38
149";38;post_1977
@FrankConniff;"So much upsetting stuff is happing right now: the war in Ukraine  the rapid deterioration of the earth due to climate change  the unrelenting assault on reproductive and LGBTQ rights  the way that lady pronounced Uncut Gems...
4
5
140";5;post_1978
@ECOWARRIORSS;"Somebody told me climate change does not cause nuclear devastation - only war does as in Japan at end of WW2
But what about nuclear meltdown in Fukushima also Japan - I guess it never happened
6
17
44";17;post_1979
@gbrew24;"Apart from climate change  why might the US be wary of investing more in oil production?

For one thing  the demand forecast is--shall we say--uncertain.
The following media includes potentially sensitive content. Change settings
View
1
4
7";4;post_1980
@JayRod212;"Holy shit. RT in Spanish is OAN. Pure propaganda against climate change policies. They were talking about the ""great reset"". They even went after eating meat & not insects. they use half truths  mix w/ pure conspiracies. Nothing a petro state w/ a media outlet would do.
5
11";5;post_1981
@DuaneBratt;"Poilievre wants to fight another election on the carbon tax. Fine. What is his climate change plan? Besides the perennial LNG exports.
Quote Tweet
Pierre Poilievre
@PierrePoilievre
 · Mar 3
As Prime Minister  I will scrap the carbon tax  so you can afford gas  groceries and heat.

Sign here if you agree: https://forms.gle/btaH3eGyEStKd5f88…
179
50
250";50;post_1982
@FuneralHammer;"Greta Thunberg after climate change.
4
6";4;post_1983
@ECOWARRIORSS;"Somebody told me today #climate change is irrelevant compared to war
A warmer world is a wetter world. Every 1C rise means 7% more moisture in atmosphere
Australia flooding: 
Half a million told to evacuate or be ready to as torrential rain lashes Sydney
https://news.sky.com/story/australia-flooding-half-a-million-told-to-evacuate-or-be-ready-to-as-torrential-rain-lashes-sydney-12556253…
3
30
53";30;post_1984
@ProfSecchi;"Thank goodness someone at the WH is sane enough to see that the ethanol mandate is an unsustainable disaster under current circumstances. Wait for the war and climate profiteers to object. Remember ethanol is bad for both food prices  climate change mitigation & water quality.
Quote Tweet
Karen Braun
@kannbwx
 · Mar 3
Reuters reporting that the Biden administration is studying whether waiving U.S. biofuel blending mandates could help stabilize soaring prices for key food ingredients like #corn & #soyoil.
Show this thread
1
13
43";13;post_1985
@EUCouncil;"#JHA | EU home affairs ministers reached a political agreement on the activation of the temporary protection system for Ukrainian refugees. They also:

 adopted conclusions on civil protection & climate change
 discussed Schengen and migration

More  https://europa.eu/!4Byc3y
ALT
ALT
ALT
ALT
75
34
77";34;post_1986
@ProfSecchi;"Pretty amazing that the serious economists™ discussing in earnest taking Conservation Reserve Program land into annual crop production have not mentioned climate change or ethanol. These people aren't serious about climate change but they're SERIOUS about their consulting gigs.
1
3
24";3;post_1987
@1GreenEngineer;"It is no coincidence that Brisbane has experienced 2 greater than 1 in 100 year ARI flood events in 11 years 

When the 10 hottest years on record have occurred since 2005

Climate change makes these catastrophies worse and more frequent.
https://smh.com.au/environment/climate-change/make-no-mistake-these-floods-are-climate-change-playing-out-in-real-time-20220302-p5a11y.html…
ALT
2
5
12";5;post_1988
@SiobhanFTB;"Frozen in bed thinking about how neoliberals are determined to drive all of us off a cliff when it comes to climate change so why would I be surprised when they do the same with a pandemic. 
2
3
41";3;post_1989
@TheDisproof;"Unite against climate change - Ukraine scientist https://bbc.com/news/science-environment-60592587… She stressed that fossil fuels  and Europe's reliance on exported oil and gas from Russia  were ""funding the war""
bbc.com
Unite against climate change - Ukraine scientist
A leading climate expert says the Ukraine invasion is closing the window of opportunity to curb global warming.
11
30";11;post_1990
@the_karenslayer;"You’ll have a hard time convincing Conservatives that climate change is real.
They’re just gonna be like “The sun is out today  so climate change is a hoax”
1
12";1;post_1991
@FredBasset9;"Replying to 
@BBCNews
 Because some climate change protesters have glued themselves to the road.
4
82";;post_1992
@MrMatthewTodd;"It’s so bizarre that hardly any media or commentators are mentioning climate change and fossil fuels re Putins actions. Russia relies on them. We also know the global food supply is under threat and Ukraine produces a huge amount of the worlds wheat crop…
Quote Tweet
MI6 ROGUE 
@mi6rogue
 · Mar 4
A Must-read #Ukraine; The Nature of the Political Regime and Responsibility for the Invasion.
Russia's poor prospects as a power that depends on fossil fuel sales are undermining Putin’s power at home and Russia’s standing on the global stage. The country’s economic stagnation...
Show this thread
2
10
21";10;post_1993
@ainekc95;"The ⁦
@IPCC_CH
⁩ report fails to detail many of the risks posed to disabled people by climate change. It uses a disempowering narrative of vulnerability and medical burden  overlooking the causes of vulnerability and not mentioning disabled expertise.
stuff.co.nz
Scant mention of disabled community  despite higher risk of climate change impact
Not only were there no direct examples of climate change consequences on the disability community  but the framing of disability and illness in the IPCC report was “deficit-based and disempowering”.
2
8
8";8;post_1994
@DrSurfNTurf;"Awesome seminar by the one and only 
@Fishiologist_Em
 on climate change effects on fisheries species! Learning about how ocean acidification can impact fishes today. 
@OSU_Coastal
2
1
12";1;post_1995
@age_no_barrier;"""Women are endlessly disappointed by the men running Australia.""
with Missy Higgins. 
Homelessness
Poverty
Violence
Refugees
Climate Change
Disaster Response
Join the dots. 
All talk  no action.
@janine_hendry
 @JaneCaro
theguardian.com
Missy Higgins: ‘Women are endlessly disappointed by the men running Australia’
The musician has been inspired by Grace Tame and Brittany Higgins  whose female rage  she says  is mirrored in her ‘mini-album’
1
13
46";13;post_1996
@CanEmbCRHNNI;" is pleased to contribute to a Covid-19 Response and Recovery Program implemented by 
@FAOHonduras
 which will support 3 600 producers in  with technical assistance  and the transfer of climate smart technologies  to strengthen their resilience and adaptation to climate change.
3
9";3;post_1997
@InsideNatGeo;"The Florida bonneted bat is Florida's largest bat species. It is a non-migratory species and has one of the most restricted ranges of any bat species—making it all the more vulnerable to the threats of habitat loss and alteration  urbanization  and climate change. #WWD2022 #30x30
1
2
4";2;post_1998
@sunshine22kas;"Replying to 
@SunCivicLee
 and 
@PierrePoilievre
People who have never struggled wouldn’t understand. When paying rent or buying groceries is a struggle  I can assure you that climate change is the least of peoples concern. 

Go be an elitist somewhere else.
3
18
170";18;post_1999
@JFos11314137;"Replying to 
@taliaualiitia
Beautiful people & culture that are going to be amongst the first to lose their homes permanently to raising sea levels & Peter Dutton thinks that's hilarious. We have to get he & his party out at the next election if we want any action on climate change before it's too late.
1
24";1;post_2000
;;;
;;;
;;;
;;;
;;;
;;;
;;;
;;;
;;;
;;;
;;;
;;;
;;;
;;;
;;;
;;;
;;;
;;;
;;;
;;;
;;;
;;;
;;;
;;;
;;;
;;;
;;;
;;;
;;;
;;;
;;;
;;;
;;;
;;;
;;;
;;;
;;;
;;;
;;;
;;;
;;;
;;;
;;;
;;;
;;;
;;;
;;;
;;;
;;;
;;;
;;;
;;;
;;;
;;;
;;;
;;;
;;;
;;;
;;;
;;;
;;;
;;;
;;;
;;;
;;;
;;;
;;;
;;;
;;;
;;;
;;;
;;;
;;;
;;;
;;;
;;;
;;;
;;;
;;;
;;;
;;;
;;;
;;;
;;;
;;;
;;;
;;;
;;;
;;;
;;;
;;;
;;;
;;;
;;;
;;;
;;;
;;;
;;;
;;;
;;;
;;;
;;;
;;;
;;;
;;;
;;;
;;;
;;;
;;;
;;;
;;;
;;;
;;;
;;;
;;;
;;;
;;;
;;;
;;;
;;;
;;;
;;;
;;;
;;;
;;;
;;;
;;;
;;;
;;;
;;;
;;;
;;;
;;;
;;;
;;;
;;;
;;;
;;;
;;;
;;;
;;;
;;;
;;;
;;;
;;;
;;;
;;;
;;;
;;;
;;;
;;;
;;;
;;;
;;;
;;;
;;;
;;;
;;;
;;;
;;;
;;;
;;;
;;;
;;;
;;;
;;;
;;;
;;;
;;;
;;;
;;;
;;;
;;;
;;;
;;;
;;;
;;;
;;;
;;;
;;;
;;;
;;;
;;;
;;;
;;;
;;;
;;;
;;;
;;;
;;;
;;;
;;;
;;;
;;;
;;;
;;;
;;;
;;;
;;;
;;;
;;;
;;;
;;;
;;;
;;;
;;;
;;;
;;;
;;;
;;;
;;;
;;;
;;;
;;;
;;;
;;;
;;;
;;;
;;;
;;;
;;;
;;;
;;;
;;;
;;;
;;;
;;;
;;;
;;;
;;;
;;;
;;;
;;;
;;;
;;;
;;;
;;;
;;;
;;;
;;;
;;;
;;;
;;;
;;;
;;;
;;;
;;;
;;;
;;;
;;;
;;;
;;;
;;;
;;;
;;;
;;;
;;;
;;;
;;;
;;;
;;;
;;;
;;;
;;;
;;;
;;;
;;;
;;;
;;;
;;;
;;;
;;;
;;;
;;;
;;;
;;;
;;;
;;;
;;;
;;;
;;;
;;;
;;;
;;;
;;;
;;;
;;;
;;;
;;;
;;;
;;;
;;;
;;;
;;;
;;;
;;;
;;;
;;;
;;;
;;;
;;;
;;;
;;;
;;;
;;;
;;;
;;;
;;;
;;;
;;;
;;;
;;;
;;;
;;;
;;;
;;;
;;;
;;;
;;;
;;;
;;;
;;;
;;;
;;;
;;;
;;;
;;;
;;;
;;;
;;;
;;;
;;;
;;;
;;;
;;;
;;;
;;;
;;;
;;;
;;;
;;;
;;;
;;;
;;;
;;;
;;;
;;;
;;;
;;;
;;;
;;;
;;;
;;;
;;;
;;;
;;;
;;;
;;;
;;;
;;;
;;;
;;;
;;;
;;;
;;;
;;;
;;;
;;;
;;;
;;;
;;;
;;;
;;;
;;;
;;;
;;;
;;;
;;;
;;;
;;;
;;;
;;;
;;;
;;;
;;;
;;;
;;;
;;;
;;;
;;;
;;;
;;;
;;;
;;;
;;;
;;;
;;;
;;;
;;;
;;;
;;;
;;;
;;;
;;;
;;;
;;;
;;;
;;;
;;;
;;;
;;;
;;;
;;;
;;;
;;;
;;;
;;;
;;;
;;;
;;;
;;;
;;;
;;;
;;;
;;;
;;;
;;;
;;;
;;;
;;;
;;;
;;;
;;;
;;;
;;;
;;;
;;;
;;;
;;;
;;;
;;;
;;;
;;;
;;;
;;;
;;;
;;;
;;;
;;;
;;;
;;;
;;;
;;;
;;;
;;;
;;;
;;;
;;;
;;;
;;;
;;;
;;;
;;;
;;;
;;;
;;;
;;;
;;;
;;;
;;;
;;;
;;;
;;;
;;;
;;;
;;;
;;;
;;;
;;;
;;;
;;;
;;;
;;;
;;;
;;;
;;;
;;;
;;;
;;;
;;;
;;;
;;;
;;;
;;;
;;;
;;;
;;;
;;;
;;;
;;;
;;;
;;;
;;;
;;;
;;;
;;;
;;;
;;;
;;;
;;;
;;;
;;;
;;;
;;;
;;;
;;;
;;;
;;;
;;;
;;;
;;;
;;;
;;;
;;;
;;;
;;;
;;;
;;;
;;;
;;;
;;;
;;;
;;;
;;;
;;;
;;;
;;;
;;;
;;;
;;;
;;;
;;;
;;;
;;;
;;;
;;;
;;;
;;;
;;;
;;;
;;;
;;;
;;;
;;;
;;;
;;;
;;;
;;;
;;;
;;;
;;;
;;;
;;;
;;;
;;;
;;;
;;;
;;;
;;;
;;;
;;;
;;;
;;;
;;;
;;;
;;;
;;;
;;;
;;;
;;;
;;;
;;;
;;;
;;;
;;;
;;;
;;;
;;;
;;;
;;;
;;;
;;;
;;;
;;;
;;;
;;;
;;;
;;;
;;;
;;;
;;;
;;;
;;;
;;;
;;;
;;;
;;;
;;;
;;;
;;;
;;;
;;;
;;;
;;;
;;;
;;;
;;;
;;;
;;;
;;;
;;;
;;;
;;;
;;;
;;;
;;;
;;;
;;;
;;;
;;;
;;;
;;;
;;;
;;;
;;;
;;;
;;;
;;;
;;;
;;;
;;;
;;;
;;;
;;;
;;;
;;;
;;;
;;;
;;;
;;;
;;;
;;;
;;;
;;;
;;;
;;;
;;;
;;;
;;;
;;;
;;;
;;;
;;;
;;;
;;;
;;;
;;;
;;;
;;;
;;;
;;;
;;;
;;;
;;;
;;;
;;;
;;;
;;;
;;;
;;;
;;;
;;;
;;;
;;;
;;;
;;;
;;;
;;;
;;;
;;;
;;;
;;;
;;;
;;;
;;;
;;;
;;;
;;;
;;;
;;;
;;;
;;;
;;;
;;;
;;;
;;;
;;;
;;;
;;;
;;;
;;;
;;;
;;;
;;;
;;;
;;;
;;;
;;;
;;;
;;;
;;;
;;;
;;;
;;;
;;;
;;;
;;;
;;;
;;;
;;;
;;;
;;;
;;;
;;;
;;;
;;;
;;;
;;;
;;;
;;;
;;;
;;;
;;;
;;;
;;;
;;;
;;;
;;;
;;;
;;;
;;;
;;;
;;;
;;;
;;;
;;;
;;;
;;;
;;;
;;;
;;;
;;;
;;;
;;;
;;;
;;;
;;;
;;;
;;;
;;;
;;;
;;;
;;;
;;;
;;;
;;;
;;;
;;;
;;;
;;;
;;;
;;;
;;;
;;;
;;;
;;;
;;;
;;;
;;;
;;;
;;;
;;;
;;;
;;;
;;;
;;;
;;;
;;;
;;;
;;;
;;;
;;;
;;;
;;;
;;;
;;;
;;;
;;;
;;;
;;;
;;;
;;;
;;;
;;;
;;;
;;;
;;;
;;;
;;;
;;;
;;;
;;;
;;;
;;;
;;;
;;;
;;;
;;;
;;;
;;;
;;;
;;;
;;;
;;;
;;;
;;;
;;;
;;;
;;;
;;;
;;;
;;;
;;;
;;;
;;;
;;;
;;;
;;;
;;;
;;;
;;;
;;;
;;;
;;;
;;;
;;;
;;;
;;;
;;;
;;;
;;;
;;;
;;;
;;;
;;;
;;;
;;;
;;;
;;;
;;;
;;;
;;;
;;;
;;;
;;;
;;;
;;;
;;;
;;;
;;;
;;;
;;;
;;;
;;;
;;;
;;;
;;;
;;;
;;;
;;;
;;;
;;;
;;;
;;;
;;;
;;;
;;;
;;;
;;;
;;;
;;;
;;;
;;;
;;;
;;;
;;;
;;;
;;;
;;;
;;;
;;;
;;;
;;;
;;;
;;;
;;;
;;;
;;;
;;;
;;;
;;;
;;;
;;;
;;;
;;;
;;;
;;;
;;;
;;;
;;;
;;;
;;;
;;;
;;;
;;;
;;;
;;;
;;;
;;;
;;;
;;;
;;;
;;;
;;;
;;;
;;;
;;;
;;;
;;;
;;;
;;;
;;;
;;;
;;;
;;;
;;;
;;;
;;;
;;;
;;;
;;;
;;;
;;;
;;;
;;;
;;;
;;;
;;;
;;;
;;;
;;;
;;;
;;;
;;;
;;;
;;;
;;;
;;;
;;;
;;;
;;;
;;;
;;;
;;;
;;;
;;;
;;;
;;;
;;;
;;;
;;;
;;;
;;;
;;;
;;;
;;;
;;;
;;;
;;;
;;;
;;;
;;;
;;;
;;;
;;;
;;;
;;;
;;;
;;;
;;;
;;;
;;;
;;;
;;;
;;;
;;;
;;;
;;;
;;;
;;;
;;;
;;;
;;;
;;;
;;;
;;;
;;;
;;;
;;;
;;;
;;;
;;;
;;;
;;;
;;;
;;;
;;;
;;;
;;;
;;;
;;;
;;;
;;;
;;;
;;;
;;;
;;;
;;;
;;;
;;;
;;;
;;;
;;;
;;;
;;;
;;;
;;;
;;;
;;;
;;;
;;;
;;;
;;;
;;;
;;;
;;;
;;;
;;;
;;;
;;;
;;;
;;;
;;;
;;;
;;;
;;;
;;;
;;;
;;;
;;;
;;;
;;;
;;;
;;;
;;;
;;;
;;;
;;;
;;;
;;;
;;;
;;;
;;;
;;;
;;;
;;;
;;;
;;;
;;;
;;;
;;;
;;;
;;;
;;;
;;;
;;;
;;;
;;;
;;;
;;;
;;;
;;;
;;;
;;;
;;;
;;;
;;;
;;;
;;;
;;;
;;;
;;;
;;;
;;;
;;;
;;;
;;;
;;;
;;;
;;;
;;;
;;;
;;;
;;;
;;;
;;;
;;;
;;;
;;;
;;;
;;;
;;;
;;;
;;;
;;;
;;;
;;;
;;;
;;;
;;;
;;;
;;;
;;;
;;;
;;;
;;;
;;;
;;;
;;;
;;;
;;;
;;;
;;;
;;;
;;;
;;;
;;;
;;;
;;;
;;;
;;;
;;;
;;;
;;;
;;;
;;;
;;;
;;;
;;;
;;;
;;;
;;;
;;;
;;;
;;;
;;;
;;;
;;;
;;;
;;;
;;;
;;;
;;;
;;;
;;;
;;;
;;;
;;;
;;;
;;;
;;;
;;;
;;;
;;;
;;;
;;;
;;;
;;;
;;;
;;;
;;;
;;;
;;;
;;;
;;;
;;;
;;;
;;;
;;;
;;;
;;;
;;;
;;;
;;;
;;;
;;;
;;;
;;;
;;;
;;;
;;;
;;;
;;;
;;;
;;;
;;;
;;;
;;;
;;;
;;;
;;;
;;;
;;;
;;;
;;;
;;;
;;;
;;;
;;;
;;;
;;;
;;;
;;;
;;;
;;;
;;;
;;;
;;;
;;;
;;;
;;;
;;;
;;;
;;;
;;;
;;;
;;;
;;;
;;;
;;;
;;;
;;;
;;;
;;;
;;;
;;;
;;;
;;;
;;;
;;;
;;;
;;;
;;;
;;;
;;;
;;;
;;;
;;;
;;;
;;;
;;;
;;;
;;;
;;;
;;;
;;;
;;;
;;;
;;;
;;;
;;;
;;;
;;;
;;;
;;;
;;;
;;;
;;;
;;;
;;;
;;;
;;;
;;;
;;;
;;;
;;;
;;;
;;;
;;;
;;;
;;;
;;;
;;;
;;;
;;;
;;;
;;;
;;;
;;;
;;;
;;;
;;;
;;;
;;;
;;;
;;;
;;;
;;;
;;;
;;;
;;;
;;;
;;;
;;;
;;;
;;;
;;;
;;;
;;;
;;;
;;;
;;;
;;;
;;;
;;;
;;;
;;;
;;;
;;;
;;;
;;;
;;;
;;;
;;;
;;;
;;;
;;;
;;;
;;;
;;;
;;;
;;;
;;;
;;;
;;;
;;;
;;;
;;;
;;;
;;;
;;;
;;;
;;;
;;;
;;;
;;;
;;;
;;;
;;;
;;;
;;;
;;;
;;;
;;;
;;;
;;;
;;;
;;;
;;;
;;;
;;;
;;;
;;;
;;;
;;;
;;;
;;;
;;;
;;;
;;;
;;;
;;;
;;;
;;;
;;;
;;;
;;;
;;;
;;;
;;;
;;;
;;;
;;;
;;;
;;;
;;;
;;;
;;;
;;;
;;;
;;;
;;;
;;;
;;;
;;;
;;;
;;;
;;;
;;;
;;;
;;;
;;;
;;;
;;;
;;;
;;;
;;;
;;;
;;;
;;;
;;;
;;;
;;;
;;;
;;;
;;;
;;;
;;;
;;;
;;;
;;;
;;;
;;;
;;;
;;;
;;;
;;;
;;;
;;;
;;;
;;;
;;;
;;;
;;;
;;;
;;;
;;;
;;;
;;;
;;;
;;;
;;;
;;;
;;;
;;;
;;;
;;;
;;;
;;;
;;;
;;;
;;;
;;;
;;;
;;;
;;;
;;;
;;;
;;;
;;;
;;;
;;;
;;;
;;;
;;;
;;;
;;;
;;;
;;;
;;;
;;;
;;;
;;;
;;;
;;;
;;;
;;;
;;;
;;;
;;;
;;;
;;;
;;;
;;;
;;;
;;;
;;;
;;;
;;;
;;;
;;;
;;;
;;;
;;;
;;;
;;;
;;;
;;;
;;;
;;;
;;;
;;;
;;;
;;;
;;;
;;;
;;;
;;;
;;;
;;;
;;;
;;;
;;;
;;;
;;;
;;;
;;;
;;;
;;;
;;;
;;;
;;;
;;;
;;;
;;;
;;;
;;;
;;;
;;;
;;;
;;;
;;;
;;;
;;;
;;;
;;;
;;;
;;;
;;;
;;;
;;;
;;;
;;;
;;;
;;;
;;;
;;;
;;;
;;;
;;;
;;;
;;;
;;;
;;;
;;;
;;;
;;;
;;;
;;;
;;;
;;;
;;;
;;;
;;;
;;;
;;;
;;;
;;;
;;;
;;;
;;;
;;;
;;;
;;;
;;;
;;;
;;;
;;;
;;;
;;;
;;;
;;;
;;;
;;;
;;;
;;;
;;;
;;;
;;;
;;;
;;;
;;;
;;;
;;;
;;;
;;;
;;;
;;;
;;;
;;;
;;;
;;;
;;;
;;;
;;;
;;;
;;;
;;;
;;;
;;;
;;;
;;;
;;;
;;;
;;;
;;;
;;;
;;;
;;;
;;;
;;;
;;;
;;;
;;;
;;;
;;;
;;;
;;;
;;;
;;;
;;;
;;;
;;;
;;;
;;;
;;;
;;;
;;;
;;;
;;;
;;;
;;;
;;;
;;;
;;;
;;;
;;;
;;;
;;;
;;;
;;;
;;;
;;;
;;;
;;;
;;;
;;;
;;;
;;;
;;;
;;;
;;;
;;;
;;;
;;;
;;;
;;;
;;;
;;;
;;;
;;;
;;;
;;;
;;;
;;;
;;;
;;;
;;;
;;;
;;;
;;;
;;;
;;;
;;;
;;;
;;;
;;;
;;;
;;;
;;;
;;;
;;;
;;;
;;;
;;;
;;;
;;;
;;;
;;;
;;;
;;;
;;;
;;;
;;;
;;;
;;;
;;;
;;;
;;;
;;;
;;;
;;;
;;;
;;;
;;;
;;;
;;;
;;;
;;;
;;;
;;;
;;;
;;;
;;;
;;;
;;;
;;;
;;;
;;;
;;;
;;;
;;;
;;;
;;;
;;;
;;;
;;;
;;;
;;;
;;;
;;;
;;;
;;;
;;;
;;;
;;;
;;;
;;;
;;;
;;;
;;;
;;;
;;;
;;;
;;;
;;;
;;;
;;;
;;;
;;;
;;;
;;;
;;;
;;;
;;;
;;;
;;;
;;;
;;;
;;;
;;;
;;;
;;;
;;;
;;;
;;;
;;;
;;;
;;;
;;;
;;;
;;;
;;;
;;;
;;;
;;;
;;;
;;;
;;;
;;;
;;;
;;;
;;;
;;;
;;;
;;;
;;;
;;;
;;;
;;;
;;;
;;;
;;;
;;;
;;;
;;;
;;;
;;;
;;;
;;;
;;;
;;;
;;;
;;;
;;;
;;;
;;;
;;;
;;;
;;;
;;;
;;;
;;;
;;;
;;;
;;;
;;;
;;;
;;;
;;;
;;;
;;;
;;;
;;;
;;;
;;;
;;;
;;;
;;;
;;;
;;;
;;;
;;;
;;;
;;;
;;;
;;;
;;;
;;;
;;;
;;;
;;;
;;;
;;;
;;;
;;;
;;;
;;;
;;;
;;;
;;;
;;;
;;;
;;;
;;;
;;;
;;;
;;;
;;;
;;;
;;;
;;;
;;;
;;;
;;;
;;;
;;;
;;;
;;;
;;;
;;;
;;;
;;;
;;;
;;;
;;;
;;;
;;;
;;;
;;;
;;;
;;;
;;;
;;;
;;;
;;;
;;;
;;;
;;;
;;;
;;;
;;;
;;;
;;;
;;;
;;;
;;;
;;;
;;;
;;;
;;;
;;;
;;;
;;;
;;;
;;;
;;;
;;;
;;;
;;;
;;;
;;;
;;;
;;;
;;;
;;;
;;;
;;;
;;;
;;;
;;;
;;;
;;;
;;;
;;;
;;;
;;;
;;;
;;;
;;;
;;;
;;;
;;;
;;;
;;;
;;;
;;;
;;;
;;;
;;;
;;;
;;;
;;;
;;;
;;;
;;;
;;;
;;;
;;;
;;;
;;;
;;;
;;;
;;;
;;;
;;;
;;;
;;;
;;;
;;;
;;;
;;;
;;;
;;;
;;;
;;;
;;;
;;;
;;;
;;;
;;;
;;;
;;;
;;;
;;;
;;;
;;;
;;;
;;;
;;;
;;;
;;;
;;;
;;;
;;;
;;;
;;;
;;;
;;;
;;;
;;;
;;;
;;;
;;;
;;;
;;;
;;;
;;;
;;;
;;;
;;;
;;;
;;;
;;;
;;;
;;;
;;;
;;;
;;;
;;;
;;;
;;;
;;;
;;;
;;;
;;;
;;;
;;;
;;;
;;;
;;;
;;;
;;;
;;;
;;;
;;;
;;;
;;;
;;;
;;;
;;;
;;;
;;;
;;;
;;;
;;;
;;;
;;;
;;;
;;;
;;;
;;;
;;;
;;;
;;;
;;;
;;;
;;;
;;;
;;;
;;;
;;;
;;;
;;;
;;;
;;;
;;;
;;;
;;;
;;;
;;;
;;;
;;;
;;;
;;;
;;;
;;;
;;;
;;;
;;;
;;;
;;;
;;;
;;;
;;;
;;;
;;;
;;;
;;;
;;;
;;;
;;;
;;;
;;;
;;;
;;;
;;;
;;;
;;;
;;;
;;;
;;;
;;;
;;;
;;;
;;;
;;;
;;;
;;;
;;;
;;;
;;;
;;;
;;;
;;;
;;;
;;;
;;;
;;;
;;;
;;;
;;;
;;;
;;;
;;;
;;;
;;;
;;;
;;;
;;;
;;;
;;;
;;;
;;;
;;;
;;;
;;;
;;;
;;;
;;;
;;;
;;;
;;;
;;;
;;;
;;;
;;;
;;;
;;;
;;;
;;;
;;;
;;;
;;;
;;;
;;;
;;;
;;;
;;;
;;;
;;;
;;;
;;;
;;;
;;;
;;;
;;;
;;;
;;;
;;;
;;;
;;;
;;;
;;;
;;;
;;;
;;;
;;;
;;;
;;;
;;;
;;;
;;;
;;;
;;;
;;;
;;;
;;;
;;;
;;;
;;;
;;;
;;;
;;;
;;;
;;;
;;;
;;;
;;;
;;;
;;;
;;;
;;;
;;;
;;;
;;;
;;;
;;;
;;;
;;;
;;;
;;;
;;;
;;;
;;;
;;;
;;;
;;;
;;;
;;;
;;;
;;;
;;;
;;;
;;;
;;;
;;;
;;;
;;;
;;;
;;;
;;;
;;;
;;;
;;;
;;;
;;;
;;;
;;;
;;;
;;;
;;;
;;;
;;;
;;;
;;;
;;;
;;;
;;;
;;;
;;;
;;;
;;;
;;;
;;;
;;;
;;;
;;;
;;;
;;;
;;;
;;;
;;;
;;;
;;;
;;;
;;;
;;;
;;;
;;;
;;;
;;;
;;;
;;;
;;;
;;;
;;;
;;;
;;;
;;;
;;;
;;;
;;;
;;;
;;;
;;;
;;;
;;;
;;;
;;;
;;;
;;;
;;;
;;;
;;;
;;;
;;;
;;;
;;;
;;;
;;;
;;;
;;;
;;;
;;;
;;;
;;;
;;;
;;;
;;;
;;;
;;;
;;;
;;;
;;;
;;;
;;;
;;;
;;;
;;;
;;;
;;;
;;;
;;;
;;;
;;;
;;;
;;;
;;;
;;;
;;;
;;;
;;;
;;;
;;;
;;;
;;;
;;;
;;;
;;;
;;;
;;;
;;;
;;;
;;;
;;;
;;;
;;;
;;;
;;;
;;;
;;;
;;;
;;;
;;;
;;;
;;;
;;;
;;;
;;;
;;;
;;;
;;;
;;;
;;;
;;;
;;;
;;;
;;;
;;;
;;;
;;;
;;;
;;;
;;;
;;;
;;;
;;;
;;;
;;;
;;;
;;;
;;;
;;;
;;;
;;;
;;;
;;;
;;;
;;;
;;;
;;;
;;;
;;;
;;;
;;;
;;;
;;;
;;;
;;;
;;;
;;;
;;;
;;;
;;;
;;;
;;;
;;;
;;;
;;;
;;;
;;;
;;;
;;;
;;;
;;;
;;;
;;;
;;;
;;;
;;;
;;;
;;;
;;;
;;;
;;;
;;;
;;;
;;;
;;;
;;;
;;;
;;;
;;;
;;;
;;;
;;;
;;;
;;;
;;;
;;;
;;;
;;;
;;;
;;;
;;;
;;;
;;;
;;;
;;;
;;;
;;;
;;;
;;;
;;;
;;;
;;;
;;;
;;;
;;;
;;;
;;;
;;;
;;;
;;;
;;;
;;;
;;;
;;;
;;;
;;;
;;;
;;;
;;;
;;;
;;;
;;;
;;;
;;;
;;;
;;;
;;;
;;;
;;;
;;;
;;;
;;;
;;;
;;;
;;;
;;;
;;;
;;;
;;;
;;;
;;;
;;;
;;;
;;;
;;;
;;;
;;;
;;;
;;;
;;;
;;;
;;;
;;;
;;;
;;;
;;;
;;;
;;;
;;;
;;;
;;;
;;;
;;;
;;;
;;;
;;;
;;;
;;;
;;;
;;;
;;;
;;;
;;;
;;;
;;;
;;;
;;;
;;;
;;;
;;;
;;;
;;;
;;;
;;;
;;;
;;;
;;;
;;;
;;;
;;;
;;;
;;;
;;;
;;;
;;;
;;;
;;;
;;;
;;;
;;;
;;;
;;;
;;;
;;;
;;;
;;;
;;;
;;;
;;;
;;;
;;;
;;;
;;;
;;;
;;;
;;;
;;;
;;;
;;;
;;;
;;;
;;;
;;;
;;;
;;;
;;;
;;;
;;;
;;;
;;;
;;;
;;;
;;;
;;;
;;;
;;;
;;;
;;;
;;;
;;;
;;;
;;;
;;;
;;;
;;;
;;;
;;;
;;;
;;;
;;;
;;;
;;;
;;;
;;;
;;;
;;;
;;;
;;;
;;;
;;;
;;;
;;;
;;;
;;;
;;;
;;;
;;;
;;;
;;;
;;;
;;;
;;;
;;;
;;;
;;;
;;;
;;;
;;;
;;;
;;;
;;;
;;;
;;;
;;;
;;;
;;;
;;;
;;;
;;;
;;;
;;;
;;;
;;;
;;;
;;;
;;;
;;;
;;;
;;;
;;;
;;;
;;;
;;;
;;;
;;;
;;;
;;;
;;;
;;;
;;;
;;;
;;;
;;;
;;;
;;;
;;;
;;;
;;;
;;;
;;;
;;;
;;;
;;;
;;;
;;;
;;;
;;;
;;;
;;;
;;;
;;;
;;;
;;;
;;;
;;;
;;;
;;;
;;;
;;;
;;;
;;;
;;;
;;;
;;;
;;;
;;;
;;;
;;;
;;;
;;;
;;;
;;;
;;;
;;;
;;;
;;;
;;;
;;;
;;;
;;;
;;;
;;;
;;;
;;;
;;;
;;;
;;;
;;;
;;;
;;;
;;;
;;;
;;;
;;;
;;;
;;;
;;;
;;;
;;;
;;;
;;;
;;;
;;;
;;;
;;;
;;;
;;;
;;;
;;;
;;;
;;;
;;;
;;;
;;;
;;;
;;;
;;;
;;;
;;;
;;;
;;;
;;;
;;;
;;;
;;;
;;;
;;;
;;;
;;;
;;;
;;;
;;;
;;;
;;;
;;;
;;;
;;;
;;;
;;;
;;;
;;;
;;;
;;;
;;;
;;;
;;;
;;;
;;;
;;;
;;;
;;;
;;;
;;;
;;;
;;;
;;;
;;;
;;;
;;;
;;;
;;;
;;;
;;;
;;;
;;;
;;;
;;;
;;;
;;;
;;;
;;;
;;;
;;;
;;;
;;;
;;;
;;;
;;;
;;;
;;;
;;;
;;;
;;;
;;;
;;;
;;;
;;;
;;;
;;;
;;;
;;;
;;;
;;;
;;;
;;;
;;;
;;;
;;;
;;;
;;;
;;;
;;;
;;;
;;;
;;;
;;;
;;;
;;;
;;;
;;;
;;;
;;;
;;;
;;;
;;;
;;;
;;;
;;;
;;;
;;;
;;;
;;;
;;;
;;;
;;;
;;;
;;;
;;;
;;;
;;;
;;;
;;;
;;;
;;;
;;;
;;;
;;;
;;;
;;;
;;;
;;;
;;;
;;;
;;;
;;;
;;;
;;;
;;;
;;;
;;;
;;;
;;;
;;;
;;;
;;;
;;;
;;;
;;;
;;;
;;;
;;;
;;;
;;;
;;;
;;;
;;;
;;;
;;;
;;;
;;;
;;;
;;;
;;;
;;;
;;;
;;;
;;;
;;;
;;;
;;;
;;;
;;;
;;;
;;;
;;;
;;;
;;;
;;;
;;;
;;;
;;;
;;;
;;;
;;;
;;;
;;;
;;;
;;;
;;;
;;;
;;;
;;;
;;;
;;;
;;;
;;;
;;;
;;;
;;;
;;;
;;;
;;;
;;;
;;;
;;;
;;;
;;;
;;;
;;;
;;;
;;;
;;;
;;;
;;;
;;;
;;;
;;;
;;;
;;;
;;;
;;;
;;;
;;;
;;;
;;;
;;;
;;;
;;;
;;;
;;;
;;;
;;;
;;;
;;;
;;;
;;;
;;;
;;;
;;;
;;;
;;;
;;;
;;;
;;;
;;;
;;;
;;;
;;;
;;;
;;;
;;;
;;;
;;;
;;;
;;;
;;;
;;;
;;;
;;;
;;;
;;;
;;;
;;;
;;;
;;;
;;;
;;;
;;;
;;;
;;;
;;;
;;;
;;;
;;;
;;;
;;;
;;;
;;;
;;;
;;;
;;;
;;;
;;;
;;;
;;;
;;;
;;;
;;;
;;;
;;;
;;;
;;;
;;;
;;;
;;;
;;;
;;;
;;;
;;;
;;;
;;;
;;;
;;;
;;;
;;;
;;;
;;;
;;;
;;;
;;;
;;;
;;;
;;;
;;;
;;;
;;;
;;;
;;;
;;;
;;;
;;;
;;;
;;;
;;;
;;;
;;;
;;;
;;;
;;;
;;;
;;;
;;;
;;;
;;;
;;;
;;;
;;;
;;;
;;;
;;;
;;;
;;;
;;;
;;;
;;;
;;;
;;;
;;;
;;;
;;;
;;;
;;;
;;;
;;;
;;;
;;;
;;;
;;;
;;;
;;;
;;;
;;;
;;;
;;;
;;;
;;;
;;;
;;;
;;;
;;;
;;;
;;;
;;;
;;;
;;;
;;;
;;;
;;;
;;;
;;;
;;;
;;;
;;;
;;;
;;;
;;;
;;;
;;;
;;;
;;;
;;;
;;;
;;;
;;;
;;;
;;;
;;;
;;;
;;;
;;;
;;;
;;;
;;;
;;;
;;;
;;;
;;;
;;;
;;;
;;;
;;;
;;;
;;;
;;;
;;;
;;;
;;;
;;;
;;;
;;;
;;;
;;;
;;;
;;;
;;;
;;;
;;;
;;;
;;;
;;;
;;;
;;;
;;;
;;;
;;;
;;;
;;;
;;;
;;;
;;;
;;;
;;;
;;;
;;;
;;;
;;;
;;;
;;;
;;;
;;;
;;;
;;;
;;;
;;;
;;;
;;;
;;;
;;;
;;;
;;;
;;;
;;;
;;;
;;;
;;;
;;;
;;;
;;;
;;;
;;;
;;;
;;;
;;;
;;;
;;;
;;;
;;;
;;;
;;;
;;;
;;;
;;;
;;;
;;;
;;;
;;;
;;;
;;;
;;;
;;;
;;;
;;;
;;;
;;;
;;;
;;;
;;;
;;;
;;;
;;;
;;;
;;;
;;;
;;;
;;;
;;;
;;;
;;;
;;;
;;;
;;;
;;;
;;;
;;;
;;;
;;;
;;;
;;;
;;;
;;;
;;;
;;;
;;;
;;;
;;;
;;;
;;;
;;;
;;;
;;;
;;;
;;;
;;;
;;;
;;;
;;;
;;;
;;;
;;;
;;;
;;;
;;;
;;;
;;;
;;;
;;;
;;;
;;;
;;;
;;;
;;;
;;;
;;;
;;;
;;;
;;;
;;;
;;;
;;;
;;;
;;;
;;;
;;;
;;;
;;;
;;;
;;;
;;;
;;;
;;;
;;;
;;;
;;;
;;;
;;;
;;;
;;;
;;;
;;;
;;;
;;;
;;;
;;;
;;;
;;;
;;;
;;;
;;;
;;;
;;;
;;;
;;;
;;;
;;;
;;;
;;;
;;;
;;;
;;;
;;;
;;;
;;;
;;;
;;;
;;;
;;;
;;;
;;;
;;;
;;;
;;;
;;;
;;;
;;;
;;;
;;;
;;;
;;;
;;;
;;;
;;;
;;;
;;;
;;;
;;;
;;;
;;;
;;;
;;;
;;;
;;;
;;;
;;;
;;;
;;;
;;;
;;;
;;;
;;;
;;;
;;;
;;;
;;;
;;;
;;;
;;;
;;;
;;;
;;;
;;;
;;;
;;;
;;;
;;;
;;;
;;;
;;;
;;;
;;;
;;;
;;;
;;;
;;;
;;;
;;;
;;;
;;;
;;;
;;;
;;;
;;;
;;;
;;;
;;;
;;;
;;;
;;;
;;;
;;;
;;;
;;;
;;;
;;;
;;;
;;;
;;;
;;;
;;;
;;;
;;;
;;;
;;;
;;;
;;;
;;;
;;;
;;;
;;;
;;;
;;;
;;;
;;;
;;;
;;;
;;;
;;;
;;;
;;;
;;;
;;;
;;;
;;;
;;;
;;;
;;;
;;;
;;;
;;;
;;;
;;;
;;;
;;;
;;;
;;;
;;;
;;;
;;;
;;;
;;;
;;;
;;;
;;;
;;;
;;;
;;;
;;;
;;;
;;;
;;;
;;;
;;;
;;;
;;;
;;;
;;;
;;;
;;;
;;;
;;;
;;;
;;;
;;;
;;;
;;;
;;;
;;;
;;;
;;;
;;;
;;;
;;;
;;;
;;;
;;;
;;;
;;;
;;;
;;;
;;;
;;;
;;;
;;;
;;;
;;;
;;;
;;;
;;;
;;;
;;;
;;;
;;;
;;;
;;;
;;;
;;;
;;;
;;;
;;;
;;;
;;;
;;;
;;;
;;;
;;;
;;;
;;;
;;;
;;;
;;;
;;;
;;;
;;;
;;;
;;;
;;;
;;;
;;;
;;;
;;;
;;;
;;;
;;;
;;;
;;;
;;;
;;;
;;;
;;;
;;;
;;;
;;;
;;;
;;;
;;;
;;;
;;;
;;;
;;;
;;;
;;;
;;;
;;;
;;;
;;;
;;;
;;;
;;;
;;;
;;;
;;;
;;;
;;;
;;;
;;;
;;;
;;;
;;;
;;;
;;;
;;;
;;;
;;;
;;;
;;;
;;;
;;;
;;;
;;;
;;;
;;;
;;;
;;;
;;;
;;;
;;;
;;;
;;;
;;;
;;;
;;;
;;;
;;;
;;;
;;;
;;;
;;;
;;;
;;;
;;;
;;;
;;;
;;;
;;;
;;;
;;;
;;;
;;;
;;;
;;;
;;;
;;;
;;;
;;;
;;;
;;;
;;;
;;;
;;;
;;;
;;;
;;;
;;;
;;;
;;;
;;;
;;;
;;;
;;;
;;;
;;;
;;;
;;;
;;;
;;;
;;;
;;;
;;;
;;;
;;;
;;;
;;;
;;;
;;;
;;;
;;;
;;;
;;;
;;;
;;;
;;;
;;;
;;;
;;;
;;;
;;;
;;;
;;;
;;;
;;;
;;;
;;;
;;;
;;;
;;;
;;;
;;;
;;;
;;;
;;;
;;;
;;;
;;;
;;;
;;;
;;;
;;;
;;;
;;;
;;;
;;;
;;;
;;;
;;;
;;;
;;;
;;;
;;;
;;;
;;;
;;;
;;;
;;;
;;;
;;;
;;;
;;;
;;;
;;;
;;;
;;;
;;;
;;;
;;;
;;;
;;;
;;;
;;;
;;;
;;;
;;;
;;;
;;;
;;;
;;;
;;;
;;;
;;;
;;;
;;;
;;;
;;;
;;;
;;;
;;;
;;;
;;;
;;;
;;;
;;;
;;;
;;;
;;;
;;;
;;;
;;;
;;;
;;;
;;;
;;;
;;;
;;;
;;;
;;;
;;;
;;;
;;;
;;;
;;;
;;;
;;;
;;;
;;;
;;;
;;;
;;;
;;;
;;;
;;;
;;;
;;;
;;;
;;;
;;;
;;;
;;;
;;;
;;;
;;;
;;;
;;;
;;;
;;;
;;;
;;;
;;;
;;;
;;;
;;;
;;;
;;;
;;;
;;;
;;;
;;;
;;;
;;;
;;;
;;;
;;;
;;;
;;;
;;;
;;;
;;;
;;;
;;;
;;;
;;;
;;;
;;;
;;;
;;;
;;;
;;;
;;;
;;;
;;;
;;;
;;;
;;;
;;;
;;;
;;;
;;;
;;;
;;;
;;;
;;;
;;;
;;;
;;;
;;;
;;;
;;;
;;;
;;;
;;;
;;;
;;;
;;;
;;;
;;;
;;;
;;;
;;;
;;;
;;;
;;;
;;;
;;;
;;;
;;;
;;;
;;;
;;;
;;;
;;;
;;;
;;;
;;;
;;;
;;;
;;;
;;;
;;;
;;;
;;;
;;;
;;;
;;;
;;;
;;;
;;;
;;;
;;;
;;;
;;;
;;;
;;;
;;;
;;;
;;;
;;;
;;;
;;;
;;;
;;;
;;;
;;;
;;;
;;;
;;;
;;;
;;;
;;;
;;;
;;;
;;;
;;;
;;;
;;;
;;;
;;;
;;;
;;;
;;;
;;;
;;;
;;;
;;;
;;;
;;;
;;;
;;;
;;;
;;;
;;;
;;;
;;;
;;;
;;;
;;;
;;;
;;;
;;;
;;;
;;;
;;;
;;;
;;;
;;;
;;;
;;;
;;;
;;;
;;;
;;;
;;;
;;;
;;;
;;;
;;;
;;;
;;;
;;;
;;;
;;;
;;;
;;;
;;;
;;;
;;;
;;;
;;;
;;;
;;;
;;;
;;;
;;;
;;;
;;;
;;;
;;;
;;;
;;;
;;;
;;;
;;;
;;;
;;;
;;;
;;;
;;;
;;;
;;;
;;;
;;;
;;;
;;;
;;;
;;;
;;;
;;;
;;;
;;;
;;;
;;;
;;;
;;;
;;;
;;;
;;;
;;;
;;;
;;;
;;;
;;;
;;;
;;;
;;;
;;;
;;;
;;;
;;;
;;;
;;;
;;;
;;;
;;;
;;;
;;;
;;;
;;;
;;;
;;;
;;;
;;;
;;;
;;;
;;;
;;;
;;;
;;;
;;;
;;;
;;;
;;;
;;;
;;;
;;;
;;;
;;;
;;;
;;;
;;;
;;;
;;;
;;;
;;;
;;;
;;;
;;;
;;;
;;;
;;;
;;;
;;;
;;;
;;;
;;;
;;;
;;;
;;;
;;;
;;;
;;;
;;;
;;;
;;;
;;;
;;;
;;;
;;;
;;;
;;;
;;;
;;;
;;;
;;;
;;;
;;;
;;;
;;;
;;;
;;;
;;;
;;;
;;;
;;;
;;;
;;;
;;;
;;;
;;;
;;;
;;;
;;;
;;;
;;;
;;;
;;;
;;;
;;;
;;;
;;;
;;;
;;;
;;;
;;;
;;;
;;;
;;;
;;;
;;;
;;;
;;;
;;;
;;;
;;;
;;;
;;;
;;;
;;;
;;;
;;;
;;;
;;;
;;;
;;;
;;;
;;;
;;;
;;;
;;;
;;;
;;;
;;;
;;;
;;;
;;;
;;;
;;;
;;;
;;;
;;;
;;;
;;;
;;;
;;;
;;;
;;;
;;;
;;;
;;;
;;;
;;;
;;;
;;;
;;;
;;;
;;;
;;;
;;;
;;;
;;;
;;;
;;;
;;;
;;;
;;;
;;;
;;;
;;;
;;;
;;;
;;;
;;;
;;;
;;;
;;;
;;;
;;;
;;;
;;;
;;;
;;;
;;;
;;;
;;;
;;;
;;;
;;;
;;;
;;;
;;;
;;;
;;;
;;;
;;;
;;;
;;;
;;;
;;;
;;;
;;;
;;;
;;;
;;;
;;;
;;;
;;;
;;;
;;;
;;;
;;;
;;;
;;;
;;;
;;;
;;;
;;;
;;;
;;;
;;;
;;;
;;;
;;;
;;;
;;;
;;;
;;;
;;;
;;;
;;;
;;;
;;;
;;;
;;;
;;;
;;;
;;;
;;;
;;;
;;;
;;;
;;;
;;;
;;;
;;;
;;;
;;;
;;;
;;;
;;;
;;;
;;;
;;;
;;;
;;;
;;;
;;;
;;;
;;;
;;;
;;;
;;;
;;;
;;;
;;;
;;;
;;;
;;;
;;;
;;;
;;;
;;;
;;;
;;;
;;;
;;;
;;;
;;;
;;;
;;;
;;;
;;;
;;;
;;;
;;;
;;;
;;;
;;;
;;;
;;;
;;;
;;;
;;;
;;;
;;;
;;;
;;;
;;;
;;;
;;;
;;;
;;;
;;;
;;;
;;;
;;;
;;;
;;;
;;;
;;;
;;;
;;;
;;;
;;;
;;;
;;;
;;;
;;;
;;;
;;;
;;;
;;;
;;;
;;;
;;;
;;;
;;;
;;;
;;;
;;;
;;;
;;;
;;;
;;;
;;;
;;;
;;;
;;;
;;;
;;;
;;;
;;;
;;;
;;;
;;;
;;;
;;;
;;;
;;;
;;;
;;;
;;;
;;;
;;;
;;;
;;;
;;;
;;;
;;;
;;;
;;;
;;;
;;;
;;;
;;;
;;;
;;;
;;;
;;;
;;;
;;;
;;;
;;;
;;;
;;;
;;;
;;;
;;;
;;;
;;;
;;;
;;;
;;;
;;;
;;;
;;;
;;;
;;;
;;;
;;;
;;;
;;;
;;;
;;;
;;;
;;;
;;;
;;;
;;;
;;;
;;;
;;;
;;;
;;;
;;;
;;;
;;;
;;;
;;;
;;;
;;;
;;;
;;;
;;;
;;;
;;;
;;;
;;;
;;;
;;;
;;;
;;;
;;;
;;;
;;;
;;;
;;;
;;;
;;;
;;;
;;;
;;;
;;;
;;;
;;;
;;;
;;;
;;;
;;;
;;;
;;;
;;;
;;;
;;;
;;;
;;;
;;;
;;;
;;;
;;;
;;;
;;;
;;;
;;;
;;;
;;;
;;;
;;;
;;;
;;;
;;;
;;;
;;;
;;;
;;;
;;;
;;;
;;;
;;;
;;;
;;;
;;;
;;;
;;;
;;;
;;;
;;;
;;;
;;;
;;;
;;;
;;;
;;;
;;;
;;;
;;;
;;;
;;;
;;;
;;;
;;;
;;;
;;;
;;;
;;;
;;;
;;;
;;;
;;;
;;;
;;;
;;;
;;;
;;;
;;;
;;;
;;;
;;;
;;;
;;;
;;;
;;;
;;;
;;;
;;;
;;;
;;;
;;;
;;;
;;;
;;;
;;;
;;;
;;;
;;;
;;;
;;;
;;;
;;;
;;;
;;;
;;;
;;;
;;;
;;;
;;;
;;;
;;;
;;;
;;;
;;;
;;;
;;;
;;;
;;;
;;;
;;;
;;;
;;;
;;;
;;;
;;;
;;;
;;;
;;;
;;;
;;;
;;;
;;;
;;;
;;;
;;;
;;;
;;;
;;;
;;;
;;;
;;;
;;;
;;;
;;;
;;;
;;;
;;;
;;;
;;;
;;;
;;;
;;;
;;;
;;;
;;;
;;;
;;;
;;;
;;;
;;;
;;;
;;;
;;;
;;;
;;;
;;;
;;;
;;;
;;;
;;;
;;;
;;;
;;;
;;;
;;;
;;;
;;;
;;;
;;;
;;;
;;;
;;;
;;;
;;;
;;;
;;;
;;;
;;;
;;;
;;;
;;;
;;;
;;;
;;;
;;;
;;;
;;;
;;;
;;;
;;;
;;;
;;;
;;;
;;;
;;;
;;;
;;;
;;;
;;;
;;;
;;;
;;;
;;;
;;;
;;;
;;;
;;;
;;;
;;;
;;;
;;;
;;;
;;;
;;;
;;;
;;;
;;;
;;;
;;;
;;;
;;;
;;;
;;;
;;;
;;;
;;;
;;;
;;;
;;;
;;;
;;;
;;;
;;;
;;;
;;;
;;;
;;;
;;;
;;;
;;;
;;;
;;;
;;;
;;;
;;;
;;;
;;;
;;;
;;;
;;;
;;;
;;;
;;;
;;;
;;;
;;;
;;;
;;;
;;;
;;;
;;;
;;;
;;;
;;;
;;;
;;;
;;;
;;;
;;;
;;;
;;;
;;;
;;;
;;;
;;;
;;;
;;;
;;;
;;;
;;;
;;;
;;;
;;;
;;;
;;;
;;;
;;;
;;;
;;;
;;;
;;;
;;;
;;;
;;;
;;;
;;;
;;;
;;;
;;;
;;;
;;;
;;;
;;;
;;;
;;;
;;;
;;;
;;;
;;;
;;;
;;;
;;;
;;;
;;;
;;;
;;;
;;;
;;;
;;;
;;;
;;;
;;;
;;;
;;;
;;;
;;;
;;;
;;;
;;;
;;;
;;;
;;;
;;;
;;;
;;;
;;;
;;;
;;;
;;;
;;;
;;;
;;;
;;;
;;;
;;;
;;;
;;;
;;;
;;;
;;;
;;;
;;;
;;;
;;;
;;;
;;;
;;;
;;;
;;;
;;;
;;;
;;;
;;;
;;;
;;;
;;;
;;;
;;;
;;;
;;;
;;;
;;;
;;;
;;;
;;;
;;;
;;;
;;;
;;;
;;;
;;;
;;;
;;;
;;;
;;;
;;;
;;;
;;;
;;;
;;;
;;;
;;;
;;;
;;;
;;;
;;;
;;;
;;;
;;;
;;;
;;;
;;;
;;;
;;;
;;;
;;;
;;;
;;;
;;;
;;;
;;;
;;;
;;;
;;;
;;;
;;;
;;;
;;;
;;;
;;;
;;;
;;;
;;;
;;;
;;;
;;;
;;;
;;;
;;;
;;;
;;;
;;;
;;;
;;;
;;;
;;;
;;;
;;;
;;;
;;;
;;;
;;;
;;;
;;;
;;;
;;;
;;;
;;;
;;;
;;;
;;;
;;;
;;;
;;;
;;;
;;;
;;;
;;;
;;;
;;;
;;;
;;;
;;;
;;;
;;;
;;;
;;;
;;;
;;;
;;;
;;;
;;;
;;;
;;;
;;;
;;;
;;;
;;;
;;;
;;;
;;;
;;;
;;;
;;;
;;;
;;;
;;;
;;;
;;;
;;;
;;;
;;;
;;;
;;;
;;;
;;;
;;;
;;;
;;;
;;;
;;;
;;;
;;;
;;;
;;;
;;;
;;;
;;;
;;;
;;;
;;;
;;;
;;;
;;;
;;;
;;;
;;;
;;;
;;;
;;;
;;;
;;;
;;;
;;;
;;;
;;;
;;;
;;;
;;;
;;;
;;;
;;;
;;;
;;;
;;;
;;;
;;;
;;;
;;;
;;;
;;;
;;;
;;;
;;;
;;;
;;;
;;;
;;;
;;;
;;;
;;;
;;;
;;;
;;;
;;;
;;;
;;;
;;;
;;;
;;;
;;;
;;;
;;;
;;;
;;;
;;;
;;;
;;;
;;;
;;;
;;;
;;;
;;;
;;;
;;;
;;;
;;;
;;;
;;;
;;;
;;;
;;;
;;;
;;;
;;;
;;;
;;;
;;;
;;;
;;;
;;;
;;;
;;;
;;;
;;;
;;;
;;;
;;;
;;;
;;;
;;;
;;;
;;;
;;;
;;;
;;;
;;;
;;;
;;;
;;;
;;;
;;;
;;;
;;;
;;;
;;;
;;;
;;;
;;;
;;;
;;;
;;;
;;;
;;;
;;;
;;;
;;;
;;;
;;;
;;;
;;;
;;;
;;;
;;;
;;;
;;;
;;;
;;;
;;;
;;;
;;;
;;;
;;;
;;;
;;;
;;;
;;;
;;;
;;;
;;;
;;;
;;;
;;;
;;;
;;;
;;;
;;;
;;;
;;;
;;;
;;;
;;;
;;;
;;;
;;;
;;;
;;;
;;;
;;;
;;;
;;;
;;;
;;;
;;;
;;;
;;;
;;;
;;;
;;;
;;;
;;;
;;;
;;;
;;;
;;;
;;;
;;;
;;;
;;;
;;;
;;;
;;;
;;;
;;;
;;;
;;;
;;;
;;;
;;;
;;;
;;;
;;;
;;;
;;;
;;;
;;;
;;;
;;;
;;;
;;;
;;;
;;;
;;;
;;;
;;;
;;;
;;;
;;;
;;;
;;;
;;;
;;;
;;;
;;;
;;;
;;;
;;;
;;;
;;;
;;;
;;;
;;;
;;;
;;;
;;;
;;;
;;;
;;;
;;;
;;;
;;;
;;;
;;;
;;;
;;;
;;;
;;;
;;;
;;;
;;;
;;;
;;;
;;;
;;;
;;;
;;;
;;;
;;;
;;;
;;;
;;;
;;;
;;;
;;;
;;;
;;;
;;;
;;;
;;;
;;;
;;;
;;;
;;;
;;;
;;;
;;;
;;;
;;;
;;;
;;;
;;;
;;;
;;;
;;;
;;;
;;;
;;;
;;;
;;;
;;;
;;;
;;;
;;;
;;;
;;;
;;;
;;;
;;;
;;;
;;;
;;;
;;;
;;;
;;;
;;;
;;;
;;;
;;;
;;;
;;;
;;;
;;;
;;;
;;;
;;;
;;;
;;;
;;;
;;;
;;;
;;;
;;;
;;;
;;;
;;;
;;;
;;;
;;;
;;;
;;;
;;;
;;;
;;;
;;;
;;;
;;;
;;;
;;;
;;;
;;;
;;;
;;;
;;;
;;;
;;;
;;;
;;;
;;;
;;;
;;;
;;;
;;;
;;;
;;;
;;;
;;;
;;;
;;;
;;;
;;;
;;;
;;;
;;;
;;;
;;;
;;;
;;;
;;;
;;;
;;;
;;;
;;;
;;;
;;;
;;;
;;;
;;;
;;;
;;;
;;;
;;;
;;;
;;;
;;;
;;;
;;;
;;;
;;;
;;;
;;;
;;;
;;;
;;;
;;;
;;;
;;;
;;;
;;;
;;;
;;;
;;;
;;;
;;;
;;;
;;;
;;;
;;;
;;;
;;;
;;;
;;;
;;;
;;;
;;;
;;;
;;;
;;;
;;;
;;;
;;;
;;;
;;;
;;;
;;;
;;;
;;;
;;;
;;;
;;;
;;;
;;;
;;;
;;;
;;;
;;;
;;;
;;;
;;;
;;;
;;;
;;;
;;;
;;;
;;;
;;;
;;;
;;;
;;;
;;;
;;;
;;;
;;;
;;;
;;;
;;;
;;;
;;;
;;;
;;;
;;;
;;;
;;;
;;;
;;;
;;;
;;;
;;;
;;;
;;;
;;;
;;;
;;;
;;;
;;;
;;;
;;;
;;;
;;;
;;;
;;;
;;;
;;;
;;;
;;;
;;;
;;;
;;;
;;;
;;;
;;;
;;;
;;;
;;;
;;;
;;;
;;;
;;;
;;;
;;;
;;;
;;;
;;;
;;;
;;;
;;;
;;;
;;;
;;;
;;;
;;;
;;;
;;;
;;;
;;;
;;;
;;;
;;;
;;;
;;;
;;;
;;;
;;;
;;;
;;;
;;;
;;;
;;;
;;;
;;;
;;;
;;;
;;;
;;;
;;;
;;;
;;;
;;;
;;;
;;;
;;;
;;;
;;;
;;;
;;;
;;;
;;;
;;;
;;;
;;;
;;;
;;;
;;;
;;;
;;;
;;;
;;;
;;;
;;;
;;;
;;;
;;;
;;;
;;;
;;;
;;;
;;;
;;;
;;;
;;;
;;;
;;;
;;;
;;;
;;;
;;;
;;;
;;;
;;;
;;;
;;;
;;;
;;;
;;;
;;;
;;;
;;;
;;;
;;;
;;;
;;;
;;;
;;;
;;;
;;;
;;;
;;;
;;;
;;;
;;;
;;;
;;;
;;;
;;;
;;;
;;;
;;;
;;;
;;;
;;;
;;;
;;;
;;;
;;;
;;;
;;;
;;;
;;;
;;;
;;;
;;;
;;;
;;;
;;;
;;;
;;;
;;;
;;;
;;;
;;;
;;;
;;;
;;;
;;;
;;;
;;;
;;;
;;;
;;;
;;;
;;;
;;;
;;;
;;;
;;;
;;;
;;;
;;;
;;;
;;;
;;;
;;;
;;;
;;;
;;;
;;;
;;;
;;;
;;;
;;;
;;;
;;;
;;;
;;;
;;;
;;;
;;;
;;;
;;;
;;;
;;;
;;;
;;;
;;;
;;;
;;;
;;;
;;;
;;;
;;;
;;;
;;;
;;;
;;;
;;;
;;;
;;;
;;;
;;;
;;;
;;;
;;;
;;;
;;;
;;;
;;;
;;;
;;;
;;;
;;;
;;;
;;;
;;;
;;;
;;;
;;;
;;;
;;;
;;;
;;;
;;;
;;;
;;;
;;;
;;;
;;;
;;;
;;;
;;;
;;;
;;;
;;;
;;;
;;;
;;;
;;;
;;;
;;;
;;;
;;;
;;;
;;;
;;;
;;;
;;;
;;;
;;;
;;;
;;;
;;;
;;;
;;;
;;;
;;;
;;;
;;;
;;;
;;;
;;;
;;;
;;;
;;;
;;;
;;;
;;;
;;;
;;;
;;;
;;;
;;;
;;;
;;;
;;;
;;;
;;;
;;;
;;;
;;;
;;;
;;;
;;;
;;;
;;;
;;;
;;;
;;;
;;;
;;;
;;;
;;;
;;;
;;;
;;;
;;;
;;;
;;;
;;;
;;;
;;;
;;;
;;;
;;;
;;;
;;;
;;;
;;;
;;;
;;;
;;;
;;;
;;;
;;;
;;;
;;;
;;;
;;;
;;;
;;;
;;;
;;;
;;;
;;;
;;;
;;;
;;;
;;;
;;;
;;;
;;;
;;;
;;;
;;;
;;;
;;;
;;;
;;;
;;;
;;;
;;;
;;;
;;;
;;;
;;;
;;;
;;;
;;;
;;;
;;;
;;;
;;;
;;;
;;;
;;;
;;;
;;;
;;;
;;;
;;;
;;;
;;;
;;;
;;;
;;;
;;;
;;;
;;;
;;;
;;;
;;;
;;;
;;;
;;;
;;;
;;;
;;;
;;;
;;;
;;;
;;;
;;;
;;;
;;;
;;;
;;;
;;;
;;;
;;;
;;;
;;;
;;;
;;;
;;;
;;;
;;;
;;;
;;;
;;;
;;;
;;;
;;;
;;;
;;;
;;;
;;;
;;;
;;;
;;;
;;;
;;;
;;;
;;;
;;;
;;;
;;;
;;;
;;;
;;;
;;;
;;;
;;;
;;;
;;;
;;;
;;;
;;;
;;;
;;;
;;;
;;;
;;;
;;;
;;;
;;;
;;;
;;;
;;;
;;;
;;;
;;;
;;;
;;;
;;;
;;;
;;;
;;;
;;;
;;;
;;;
;;;
;;;
;;;
;;;
;;;
;;;
;;;
;;;
;;;
;;;
;;;
;;;
;;;
;;;
;;;
;;;
;;;
;;;
;;;
;;;
;;;
;;;
;;;
;;;
;;;
;;;
;;;
;;;
;;;
;;;
;;;
;;;
;;;
;;;
;;;
;;;
;;;
;;;
;;;
;;;
;;;
;;;
;;;
;;;
;;;
;;;
;;;
;;;
;;;
;;;
;;;
;;;
;;;
;;;
;;;
;;;
;;;
;;;
;;;
;;;
;;;
;;;
;;;
;;;
;;;
;;;
;;;
;;;
;;;
;;;
;;;
;;;
;;;
;;;
;;;
;;;
;;;
;;;
;;;
;;;
;;;
;;;
;;;
;;;
;;;
;;;
;;;
;;;
;;;
;;;
;;;
;;;
;;;
;;;
;;;
;;;
;;;
;;;
;;;
;;;
;;;
;;;
;;;
;;;
;;;
;;;
;;;
;;;
;;;
;;;
;;;
;;;
;;;
;;;
;;;
;;;
;;;
;;;
;;;
;;;
;;;
;;;
;;;
;;;
;;;
;;;
;;;
;;;
;;;
;;;
;;;
;;;
;;;
;;;
;;;
;;;
;;;
;;;
;;;
;;;
;;;
;;;
;;;
;;;
;;;
;;;
;;;
;;;
;;;
;;;
;;;
;;;
;;;
;;;
;;;
;;;
;;;
;;;
;;;
;;;
;;;
;;;
;;;
;;;
;;;
;;;
;;;
;;;
;;;
;;;
;;;
;;;
;;;
;;;
;;;
;;;
;;;
;;;
;;;
;;;
;;;
;;;
;;;
;;;
;;;
;;;
;;;
;;;
;;;
;;;
;;;
;;;
;;;
;;;
;;;
;;;
;;;
;;;
;;;
;;;
;;;
;;;
;;;
;;;
;;;
;;;
;;;
;;;
;;;
;;;
;;;
;;;
;;;
;;;
;;;
;;;
;;;
;;;
;;;
;;;
;;;
;;;
;;;
;;;
;;;
;;;
;;;
;;;
;;;
;;;
;;;
;;;
;;;
;;;
;;;
;;;
;;;
;;;
;;;
;;;
;;;
;;;
;;;
;;;
;;;
;;;
;;;
;;;
;;;
;;;
;;;
;;;
;;;
;;;
;;;
;;;
;;;
;;;
;;;
;;;
;;;
;;;
;;;
;;;
;;;
;;;
;;;
;;;
;;;
;;;
;;;
;;;
;;;
;;;
;;;
;;;
;;;
;;;
;;;
;;;
;;;
;;;
;;;
;;;
;;;
;;;
;;;
;;;
;;;
;;;
;;;
;;;
;;;
;;;
;;;
;;;
;;;
;;;
;;;
;;;
;;;
;;;
;;;
;;;
;;;
;;;
;;;
;;;
;;;
;;;
;;;
;;;
;;;
;;;
;;;
;;;
;;;
;;;
;;;
;;;
;;;
;;;
;;;
;;;
;;;
;;;
;;;
;;;
;;;
;;;
;;;
;;;
;;;
;;;
;;;
;;;
;;;
;;;
;;;
;;;
;;;
;;;
;;;
;;;
;;;
;;;
;;;
;;;
;;;
;;;
;;;
;;;
;;;
;;;
;;;
;;;
;;;
;;;
;;;
;;;
;;;
;;;
;;;
;;;
;;;
;;;
;;;
;;;
;;;
;;;
;;;
;;;
;;;
;;;
;;;
;;;
;;;
;;;
;;;
;;;
;;;
;;;
;;;
;;;
;;;
;;;
;;;
;;;
;;;
;;;
;;;
;;;
;;;
;;;
;;;
;;;
;;;
;;;
;;;
;;;
;;;
;;;
;;;
;;;
;;;
;;;
;;;
;;;
;;;
;;;
;;;
;;;
;;;
;;;
;;;
;;;
;;;
;;;
;;;
;;;
;;;
;;;
;;;
;;;
;;;
;;;
;;;
;;;
;;;
;;;
;;;
;;;
;;;
;;;
;;;
;;;
;;;
;;;
;;;
;;;
;;;
;;;
;;;
;;;
;;;
;;;
;;;
;;;
;;;
;;;
;;;
;;;
;;;
;;;
;;;
;;;
;;;
;;;
;;;
;;;
;;;
;;;
;;;
;;;
;;;
;;;
;;;
;;;
;;;
;;;
;;;
;;;
;;;
;;;
;;;
;;;
;;;
;;;
;;;
;;;
;;;
;;;
;;;
;;;
;;;
;;;
;;;
;;;
;;;
;;;
;;;
;;;
;;;
;;;
;;;
;;;
;;;
;;;
;;;
;;;
;;;
;;;
;;;
;;;
;;;
;;;
;;;
;;;
;;;
;;;
;;;
;;;
;;;
;;;
;;;
;;;
;;;
;;;
;;;
;;;
;;;
;;;
;;;
;;;
;;;
;;;
;;;
;;;
;;;
;;;
;;;
;;;
;;;
;;;
;;;
;;;
;;;
;;;
;;;
;;;
;;;
;;;
;;;
;;;
;;;
;;;
;;;
;;;
;;;
;;;
;;;
;;;
;;;
;;;
;;;
;;;
;;;
;;;
;;;
;;;
;;;
;;;
;;;
;;;
;;;
;;;
;;;
;;;
;;;
;;;
;;;
;;;
;;;
;;;
;;;
;;;
;;;
;;;
;;;
;;;
;;;
;;;
;;;
;;;
;;;
;;;
;;;
;;;
;;;
;;;
;;;
;;;
;;;
;;;
;;;
;;;
;;;
;;;
;;;
;;;
;;;
;;;
;;;
;;;
;;;
;;;
;;;
;;;
;;;
;;;
;;;
;;;
;;;
;;;
;;;
;;;
;;;
;;;
;;;
;;;
;;;
;;;
;;;
;;;
;;;
;;;
;;;
;;;
;;;
;;;
;;;
;;;
;;;
;;;
;;;
;;;
;;;
;;;
;;;
;;;
;;;
;;;
;;;
;;;
;;;
;;;
;;;
;;;
;;;
;;;
;;;
;;;
;;;
;;;
;;;
;;;
;;;
;;;
;;;
;;;
;;;
;;;
;;;
;;;
;;;
;;;
;;;
;;;
;;;
;;;
;;;
;;;
;;;
;;;
;;;
;;;
;;;
;;;
;;;
;;;
;;;
;;;
;;;
;;;
;;;
;;;
;;;
;;;
;;;
;;;
;;;
;;;
;;;
;;;
;;;
;;;
;;;
;;;
;;;
;;;
;;;
;;;
;;;
;;;
;;;
;;;
;;;
;;;
;;;
;;;
;;;
;;;
;;;
;;;
;;;
;;;
;;;
;;;
;;;
;;;
;;;
;;;
;;;
;;;
;;;
;;;
;;;
;;;
;;;
;;;
;;;
;;;
;;;
;;;
;;;
;;;
;;;
;;;
;;;
;;;
;;;
;;;
;;;
;;;
;;;
;;;
;;;
;;;
;;;
;;;
;;;
;;;
;;;
;;;
;;;
;;;
;;;
;;;
;;;
;;;
;;;
;;;
;;;
;;;
;;;
;;;
;;;
;;;
;;;
;;;
;;;
;;;
;;;
;;;
;;;
;;;
;;;
;;;
;;;
;;;
;;;
;;;
;;;
;;;
;;;
;;;
;;;
;;;
;;;
;;;
;;;
;;;
;;;
;;;
;;;
;;;
;;;
;;;
;;;
;;;
;;;
;;;
;;;
;;;
;;;
;;;
;;;
;;;
;;;
;;;
;;;
;;;
;;;
;;;
;;;
;;;
;;;
;;;
;;;
;;;
;;;
;;;
;;;
;;;
;;;
;;;
;;;
;;;
;;;
;;;
;;;
;;;
;;;
;;;
;;;
;;;
;;;
;;;
;;;
;;;
;;;
;;;
;;;
;;;
;;;
;;;
;;;
;;;
;;;
;;;
;;;
;;;
;;;
;;;
;;;
;;;
;;;
;;;
;;;
;;;
;;;
;;;
;;;
;;;
;;;
;;;
;;;
;;;
;;;
;;;
;;;
;;;
;;;
;;;
;;;
;;;
;;;
;;;
;;;
;;;
;;;
;;;
;;;
;;;
;;;
;;;
;;;
;;;
;;;
;;;
;;;
;;;
;;;
;;;
;;;
;;;
;;;
;;;
;;;
;;;
;;;
;;;
;;;
;;;
;;;
;;;
;;;
;;;
;;;
;;;
;;;
;;;
;;;
;;;
;;;
;;;
;;;
;;;
;;;
;;;
;;;
;;;
;;;
;;;
;;;
;;;
;;;
;;;
;;;
;;;
;;;
;;;
;;;
;;;
;;;
;;;
;;;
;;;
;;;
;;;
;;;
;;;
;;;
;;;
;;;
;;;
;;;
;;;
;;;
;;;
;;;
;;;
;;;
;;;
;;;
;;;
;;;
;;;
;;;
;;;
;;;
;;;
;;;
;;;
;;;
;;;
;;;
;;;
;;;
;;;
;;;
;;;
;;;
;;;
;;;
;;;
;;;
;;;
;;;
;;;
;;;
;;;
;;;
;;;
;;;
;;;
;;;
;;;
;;;
;;;
;;;
;;;
;;;
;;;
;;;
;;;
;;;
;;;
;;;
;;;
;;;
;;;
;;;
;;;
;;;
;;;
;;;
;;;
;;;
;;;
;;;
;;;
;;;
;;;
;;;
;;;
;;;
;;;
;;;
;;;
;;;
;;;
;;;
;;;
;;;
;;;
;;;
;;;
;;;
;;;
;;;
;;;
;;;
;;;
;;;
;;;
;;;
;;;
;;;
;;;
;;;
;;;
;;;
;;;
;;;
;;;
;;;
;;;
;;;
;;;
;;;
;;;
;;;
;;;
;;;
;;;
;;;
;;;
;;;
;;;
;;;
;;;
;;;
;;;
;;;
;;;
;;;
;;;
;;;
;;;
;;;
;;;
;;;
;;;
;;;
;;;
;;;
;;;
@0xB0D;"Europe is baking. Our ""real government"" and the ""party of change"" favors no change at all in Ireland's dismal climate record.
@sinnfeinireland
 @SinnFeinOgra
 - a gigantic red flag
Sinn Féin's Ní Riada sits on fence on carbon emission cuts
independent.ie
Sinn Féin's Ní Riada sits on fence on carbon emission cuts
Sinn Féin is refusing to favour either the lower carbon emission reduction target sought by farming interests or the higher mark set by the Green Party in the snap poll launched by The Corkman this...
6
6
19";6;https://twitter.com/0xB0D/status/1549044439040937984
@flitedocnm;"But #ClimateChange is a hoax  eh 
@GOP
 ⁦
@Sen_JoeManchin
⁩?
2
18
26";18;https://twitter.com/flitedocnm/status/1549020363308183553
@CIGIonline;"Killer robots could be co-opted to suppress heightened levels of irregular migration that occur as the world becomes destabilized by climate change  writes 
@hiebertkj
:
cigionline.org
Robot Dogs Policing America’s Southern Border? It’s Coming Sooner than You Think
More fearsome hardware alone will be insufficient to address emergent border security challenges.
3";3;https://twitter.com/CIGIonline/status/1549122081979109376
@srijanapiya17;"#ClimateChange is now the greatest story on Earth. How it will end is the epic we are all writing  each day. This extraordinary thread by 
@DrSimEvans
.
Quote Tweet
Simon Evans
@DrSimEvans
 · Jul 17
Exceptional heat is sparking wildfires and heatwaves around the world

Here's a selection of newspaper frontpages from the last few days (ongoing thread)

1/ Spain
Show this thread
2
16
24";16;https://twitter.com/srijanapiya17/status/1549003164967309314
@jh336405;"Replying to 
@jh336405
 @acuna_r
 and 41 others
And Stefan Rahmstorf...completely agrees climate change is real.
Quote Tweet
Prof. Stefan Rahmstorf
@rahmstorf
 · Apr 3  2018
The 6 most important quick facts about #climatechange that everybody needs to know. Check out the basics behind each of these with the interactive graph here: https://pik-potsdam.de/6facts/
4";;https://twitter.com/jh336405/status/1548828230349619202
@DavidSchechter;"While Texans are being asked to use less electricity and conserve water no major agency in the  
@GregAbbott_TX
 Administration has a plan to address #climatechange and the growing threats it poses to your way of life.
verifytv.squarespace.com
Climate Silence — Verify Road Trip
3
14
23";14;https://twitter.com/DavidSchechter/status/1549140256221532161
@TheDailyClimate;"Sea levels are rising  and communities are scrambling to adapt to the new reality. #climate 
@NHBulletinNews
newhampshirebulletin.com
Effects of climate change are already changing life on the Seacoast  – New Hampshire Bulletin
Those living on New Hampshire’s seacoast are intimately aware of the impacts of climate change. They’ve watched high tides draw closer over the years and flood their streets and homes. The ocean that...
3";3;https://twitter.com/TheDailyClimate/status/1548974649375170566
@robothusiast;"UTS creates algae-analysing robot to combat climate change http://youtube.com/watch?feature=player_embedded&v=eX1tzsNXXG0…
robothusiast.com
UTS creates algae-analysing robot to combat climate change
The Algae Phenotyping System can help identify climate combatting “super algae” at a rate of 20 scientists working 24 hours a day  seven days a we";;https://twitter.com/robothusiast/status/1549069706493149192
